url,published_dt,year,month,discovered_at,url_hash,status,processed_at,retry_count
https://cafef.vn/chi-sau-1-giao-dich-chuyen-khoan-nu-ke-toan-phai-ganh-khoan-no-xau-hon-19-ty-dong-ngan-hang-dong-bang-tai-khoan-niem-phong-nha-188260607105117888.chn,2026-06-07 10:51:00,2026,6,2026-06-07 05:01:49.607773,4d4c326788125289d5be5e1736a942c2527ce76f67683d53f90ed38cb83af775,PROCESSED,2026-06-07T06:24:51.918706,0
https://cafef.vn/vietcombank-bidv-agribank-vietinbank-mb-sap-ngung-giao-dich-voi-khach-hang-co-cccd-thuoc-dien-nay-18826060710381707.chn,2026-06-07 10:38:00,2026,6,2026-06-07 05:01:49.695605,6329bfe18b75ea82201096249f08ba5827cdc09b87e7872e1adfb26897e419ef,PROCESSED,2026-06-07T06:24:51.918774,0
https://cafef.vn/lo-dien-noi-trung-3-giai-doc-dac-va-3-giai-an-ui-xo-so-mien-nam-188260607101542922.chn,2026-06-07 10:15:00,2026,6,2026-06-07 05:01:49.778045,226cf056c9f911dc8f03a2bbfe1f3a8b884fbfe451f9448e2d94e4c95d93208f,PROCESSED,2026-06-07T06:24:51.918852,0
https://cafef.vn/tu-nam-2026-vietcombank-vietinbank-agribank-ngung-giao-dich-chuyen-tien-nhan-tien-doi-voi-truong-hop-sau-188260606152022292.chn,2026-06-07 08:25:00,2026,6,2026-06-07 05:01:49.837365,b3239228a68c95365aacde6da298f55c6d00780f6c90918452f073178a544ca1,PROCESSED,2026-06-07T06:24:51.918896,0
https://cafef.vn/bat-khan-cap-nguyen-minh-thuan-va-cao-hong-quang-188260606220457551.chn,2026-06-06 22:04:00,2026,6,2026-06-07 05:01:49.894733,cb43f4a15f6454eb160dff26ae26cf94c793871c76fa0a9dcdab458334a85517,PROCESSED,2026-06-07T06:24:51.918945,0
https://cafef.vn/tai-khoan-ngan-hang-cua-nguoi-phu-nu-lien-tiep-bi-tru-tien-chuyen-den-stk-061810876-cong-an-xac-dinh-nguoi-nhan-tien-thuong-xuyen-qua-lai-campuchia-188260606141149294.chn,2026-06-06 14:08:00,2026,6,2026-06-07 05:01:49.949790,f59daf4dddf4bbb4816e28582404adaa7f789529e4170336138514ce6d5ab69e,PROCESSED,2026-06-07T06:25:52.917629,0
https://cafef.vn/lo-nang-sau-khi-ban-vang-hien-tai-toi-thanh-thoi-moi-thang-co-gan-10-trieu-dong-tien-lai-188260606134302832.chn,2026-06-06 13:42:00,2026,6,2026-06-07 05:01:50.007347,ecfe8fd78e837fd0ed07c56a36978b23b31c69c46f010a680458539d0233dd1e,PROCESSED,2026-06-07T06:25:52.918003,0
https://cafef.vn/loi-khuyen-cho-nguoi-thanh-toan-hoa-don-dien-nuoc-bang-tai-khoan-ngan-hang-18826060609302962.chn,2026-06-06 09:30:00,2026,6,2026-06-07 05:01:50.072085,fd871fbd8863c513418faffb417ed2ad513ca7371afdd526195f13adbe2e8f9b,PROCESSED,2026-06-07T06:26:46.976032,0
https://cafef.vn/xuat-hien-phan-mem-co-kha-nang-vuot-sinh-trac-hoc-ngan-hang-chiem-doat-tien-trong-tai-khoan-tat-ca-nguoi-dan-chu-y-188260605195332336.chn,2026-06-05 19:53:00,2026,6,2026-06-07 05:01:50.127906,24e5608d7163a719ee9f85f99ef522a597ad6d434b1e709e66a49b0783ed675f,PROCESSED,2026-06-07T06:26:46.976087,0
https://cafef.vn/khong-co-chuyen-chuyen-khoan-nham-roi-tu-dong-den-ngan-hang-yeu-cau-phong-toa-ngay-tai-khoan-nguoi-nhan-188260605162314019.chn,2026-06-05 16:21:00,2026,6,2026-06-07 05:01:50.182388,48c28cdf66861c0c19ed59f840df2d5522b6175354dbaf3b062de31e1d2fe8db,PROCESSED,2026-06-07T06:27:38.534182,0
https://cafef.vn/loi-khuyen-cho-nguoi-hay-gui-so-tai-khoan-ngan-hang-qua-tin-nhan-zalo-188260605150750413.chn,2026-06-05 15:08:00,2026,6,2026-06-07 05:01:50.237294,b5ea48bf46fb45086623d6d5b2f2f43e7b56d818949ed1f8119f98098d9883b0,PROCESSED,2026-06-07T06:27:38.534379,0
https://cafef.vn/chuyen-khoan-nham-16-trieu-khong-bao-cong-an-khong-lien-he-nguoi-nhan-co-gai-2001-bat-ngo-nhan-tin-vui-sau-nhieu-thang-188260605122048879.chn,2026-06-05 12:21:00,2026,6,2026-06-07 05:01:50.294222,a2fdf1f5391379e3ca2c5211e9d56f7e8c1e4e35bcdc593989b0d899401dd0f9,PROCESSED,2026-06-07T06:27:38.534417,0
https://cafef.vn/phat-hien-noi-dung-tin-nhan-la-nhan-vien-ngan-hang-agribank-giup-nguoi-me-o-ninh-binh-thoat-vu-lua-dao-tinh-vi-khi-chuyen-tien-dat-coc-nha-ho-ban-cua-con-188260605093951092.chn,2026-06-05 12:02:00,2026,6,2026-06-07 05:01:50.351277,2361fbae0867276d78993cdbd561565871749e1999de863f208adc7e3e2fa54b,PROCESSED,2026-06-07T06:27:38.534451,0
https://cafef.vn/tat-ca-khach-hang-vpbank-luu-y-188260605112449449.chn,2026-06-05 11:23:00,2026,6,2026-06-07 05:01:50.407708,e75733f706acd87683c49520f43fd526005df0389409ec023b1b2915bd0afe9d,PROCESSED,2026-06-07T06:28:30.699132,0
https://cafef.vn/vo-mong-vang-chi-co-tang-gia-vang-hom-nay-tiep-tuc-giam-188260605103539861.chn,2026-06-05 11:06:00,2026,6,2026-06-07 05:01:50.462615,a9ee92633cc64189a790f8b4dd4af38ef57b5ed4a7f1ebe13f26bda2f002e2f4,PROCESSED,2026-06-07T06:28:30.699172,0
https://cafef.vn/tin-vui-cho-hang-trieu-nguoi-dung-tai-khoan-ngan-hang-188260605102500151.chn,2026-06-05 10:25:00,2026,6,2026-06-07 05:01:50.529311,0e43e03634a4506b61b409f2408f98dc060a33a7547690850fa198dc8abceb8e,PROCESSED,2026-06-07T06:28:30.699199,0
https://cafef.vn/khoa-vinh-vien-ngay-lap-tuc-voi-loai-tai-khoan-ngan-hang-sau-188260604195041268.chn,2026-06-05 10:23:00,2026,6,2026-06-07 05:01:50.586687,bf1dbbeddd4bddc1c83eff85e3c848df7ee5b7f53ca4da6ad1acefe28149d27c,PROCESSED,2026-06-07T06:28:30.699227,0
https://cafef.vn/xuat-hien-thu-doan-lua-dao-moi-tat-ca-nguoi-dan-khi-chuyen-tien-chu-y-188260605075422953.chn,2026-06-05 09:26:00,2026,6,2026-06-07 05:01:50.649101,e45098bdf45249b1451735762e64722957743228ef9bc058ef0b5b28e774f483,PROCESSED,2026-06-07T06:28:30.699257,0
https://cafef.vn/canh-bao-nong-toi-tat-ca-nguoi-dan-khi-duoc-de-nghi-chia-se-man-hinh-dien-thoai-18826060414312921.chn,2026-06-05 07:04:00,2026,6,2026-06-07 05:01:50.716692,a1939d2146f2cd2eaec280d7100ea9312e4554b0165a23b63056acd004966d2c,PROCESSED,2026-06-07T06:31:18.732579,0
https://cafef.vn/linh-tu-chung-than-vi-lua-gan-400-nha-dau-tu-hon-265-ty-dong-188260605064936022.chn,2026-06-05 06:49:00,2026,6,2026-06-07 05:01:50.786839,a9f86b52f41ef8e89425b6b6c699b76e734179674dbb1e4cea9b8aacbb7fbe4b,PROCESSED,2026-06-07T06:31:18.735443,0
https://cafef.vn/tam-giu-duong-thi-anh-hong-sn-1991-trong-chuyen-an-co-so-tien-giao-dich-dac-biet-lon-188260604155236668.chn,2026-06-04 23:59:00,2026,6,2026-06-07 05:01:50.840551,6024861a5506c00cda61c739bdbb20b874ca96625976c13a887d2087652df269,PROCESSED,2026-06-07T06:31:18.735505,0
https://cafef.vn/thi-truong-tien-so-hom-nay-4-6-ai-dang-ban-thao-bitcoin-188260604224741753.chn,2026-06-04 22:47:00,2026,6,2026-06-07 05:01:50.894159,a009411513f7f7f78122bed135a49266cdce8dd6d4ad045dbed523033d5c161a,PROCESSED,2026-06-07T06:31:18.735541,0
https://cafef.vn/khoi-to-5-doi-tuong-tham-gia-danh-bac-truc-tuyen-tren-trang-ca-cuoc-go88-hit-club-18826060417531155.chn,2026-06-04 18:48:00,2026,6,2026-06-07 05:01:50.945123,5afe6217bb12a9263aaa7de4b16e3035532d47186685f40fc38eb859efc65d40,PROCESSED,2026-06-07T06:31:18.735586,0
https://cafef.vn/de-xuat-dong-tai-khoan-thanh-toan-khong-hoat-dong-tu-3-nam-188260604171904546.chn,2026-06-04 18:18:00,2026,6,2026-06-07 05:01:51.000728,0f17f0bb44b2fa9c67e6068b058cdc3c67dcec3b5ebeccdc5e3bdb5ab23b2b35,PROCESSED,2026-06-07T06:32:06.503775,0
https://cafef.vn/chieu-4-6-lo-dien-nhieu-nguoi-trung-3-giai-doc-dac-xo-so-mien-nam-18826060417463941.chn,2026-06-04 17:46:00,2026,6,2026-06-07 05:01:51.054627,10b798c1d82ac73ca8a6d322def3307607d8597abbf412e12955445d2e44f089,PROCESSED,2026-06-07T06:32:06.503997,0
https://cafef.vn/bitcoin-giam-ve-62600-usd-188260604171533346.chn,2026-06-04 17:35:00,2026,6,2026-06-07 05:01:51.118581,ff0f965c782f8ed0e64c96075c0639a7dfe1e6dfbf92cca8473ea6897f45523a,PROCESSED,2026-06-07T06:32:06.504276,0
https://cafef.vn/phat-hien-500-trieu-dong-duoc-chuyen-vao-mot-tai-khoan-acb-khong-con-su-dung-cong-an-lap-tuc-xac-minh-nguon-tien-188260604162533448.chn,2026-06-04 16:26:00,2026,6,2026-06-07 05:01:51.172356,d6f8d4a3f65544a1f0564132cfa56a8f188596da17e2127592ce0617dbee2760,PROCESSED,2026-06-07T06:32:06.504328,0
https://cafef.vn/bat-giu-thanh-cong-vu-van-phuong-sn-1990-188260604135423194.chn,2026-06-04 16:17:00,2026,6,2026-06-07 05:01:51.226512,c47b8cf4bde6744299bdeef8b63a864c9c0d472c23988c348554caec95d05610,PROCESSED,2026-06-07T06:32:06.504547,0
https://cafef.vn/cu-ong-mo-8-so-tiet-kiem-khong-tat-toan-ma-de-tu-dong-tai-tuc-nhieu-nam-roi-kien-ngan-hang-188260604160143975.chn,2026-06-04 16:01:00,2026,6,2026-06-07 05:01:51.279139,ee47f161e38f6bf5157bbb7e6d1a91400ccdc1abce27c590db2ed1b519dd6c36,PROCESSED,2026-06-07T06:32:06.504793,0
https://cafef.vn/sap-toi-toan-bo-he-thong-ngan-hang-se-tu-dong-cac-tai-khoan-thuoc-truong-hop-sau-du-chua-co-thoa-thuan-truoc-188260604144014622.chn,2026-06-04 14:40:00,2026,6,2026-06-07 05:01:51.332789,6a94c2431f87b25c4adb01973de8d1cde6b3db06342be52625deb855b801c79e,PROCESSED,2026-06-07T06:33:05.216571,0
https://cafef.vn/nguoi-thuong-xuyen-co-dong-tien-tu-nuoc-ngoai-chuyen-vao-tai-khoan-co-quan-thue-khuyen-nghi-gi-188260604113651291.chn,2026-06-04 11:37:00,2026,6,2026-06-07 05:01:51.387984,40b0aae77f07d5832342a5576a978bbf8f406ca862942d2f57a4f463d01c94d0,PROCESSED,2026-06-07T06:33:05.216620,0
https://cafef.vn/tin-vui-cho-nguoi-dung-bidv-khi-chuyen-khoan-so-tien-lon-188260603222731103.chn,2026-06-04 07:48:00,2026,6,2026-06-07 05:01:51.442520,a38d2549f89fba58041b37ed965ceba8d79761d1b3d268b2fc21a49ecca97c79,NEW,,0
https://cafef.vn/bo-cong-an-neu-giai-phap-ngan-chan-toi-pham-loi-dung-ai-deepfake-de-lua-dao-188260604072106062.chn,2026-06-04 07:20:00,2026,6,2026-06-07 05:01:51.495721,490f9d89d745cc135353ad183c8a972a8d449da4d1f1f8aed5ae91208febc0cb,NEW,,0
https://cafef.vn/chu-tich-ccv-group-bi-khoi-to-vi-lua-dao-hon-1000-ty-dong-la-ai-188260603190307447.chn,2026-06-03 19:02:00,2026,6,2026-06-07 05:01:51.554158,0d558dac33b77b123eeb6ca59748c174a7735be1d7cab26727dcf73a31e47544,NEW,,0
https://cafef.vn/gia-nu-sinh-giang-bay-tinh-lua-dai-gia-hon-15-ty-dong-188260603184604423.chn,2026-06-03 18:45:00,2026,6,2026-06-07 05:01:51.614761,1f96960e927e3445980b694986b7109f50dae59f2d086e73ffd640a24560ae43,NEW,,0
https://cafef.vn/bo-ra-30-trieu-dong-dong-bao-hiem-nhan-tho-trong-2-nam-khach-hang-dung-hop-dong-thi-khong-nhan-lai-duoc-dong-nao-vi-sao-188260603144214267.chn,2026-06-03 16:43:00,2026,6,2026-06-07 05:01:51.671027,3f8143c79e3a26fe7bb783a4c17e4a72bcf51db632a80c59ca64ca993fac1c21,NEW,,0
https://cafef.vn/chuyen-khoan-thanh-cong-415-trieu-tu-ngan-hang-mb-sang-vietcombank-nguoi-dan-ong-sinh-nam-1972-phai-den-cong-an-trinh-bao-188260603155734698.chn,2026-06-03 15:57:00,2026,6,2026-06-07 05:01:51.725409,7a3f913915e43de14ef11c3d260db5acfbf84eda89c39f8762618a33da9e0a37,NEW,,0
https://cafef.vn/tai-khoan-phat-sinh-giao-dich-2089-trieu-dong-nguoi-dan-ong-sn-1966-lap-tuc-trinh-bao-cong-an-188260603112007427.chn,2026-06-03 13:37:00,2026,6,2026-06-07 05:01:51.791165,3266f10b2938f93c8cfe7084434e68f484ca69fd331535d8406fa210e439a2e9,NEW,,0
https://cafef.vn/de-xuat-lui-6-thang-ap-dung-quy-dinh-moi-ve-hoa-don-dien-tu-188260603104921917.chn,2026-06-03 11:08:00,2026,6,2026-06-07 05:01:51.849951,4a544298775976ff3751ed6a8887490d8d64c3f8ef98f641577bdaa537a41287,NEW,,0
https://cafef.vn/phat-hien-coc-tien-9-trieu-dong-nam-chong-cho-trong-hoc-atm-cua-ngan-hang-mb-188260603095751973.chn,2026-06-03 09:57:00,2026,6,2026-06-07 05:01:51.921410,eef68a0fbb2ae18e99fe6e5661200b11f430542928ec5986574200f7c696d3f3,NEW,,0
https://cafef.vn/tu-1-6-diem-so-tin-dung-tai-cic-cua-hang-trieu-nguoi-co-the-thay-doi-muon-mo-the-tin-dung-vay-ngan-hang-can-chu-y-188260603095105174.chn,2026-06-03 09:50:00,2026,6,2026-06-07 05:01:51.977756,331c1942180cbf93a9b962e99154b769babc79a17b4a9c9f542954b9724f70f2,NEW,,0
https://cafef.vn/giao-dich-chuyen-khoan-cua-nguoi-dan-se-bi-kiem-tra-trong-truong-hop-sau-188260602223741848.chn,2026-06-03 09:37:00,2026,6,2026-06-07 05:01:52.042987,522528c12dd31a087e722d6b2424c7ad31a4457de704ae1c2a41b9280d93e135,NEW,,0
https://cafef.vn/chieu-lua-dao-tinh-vi-tren-the-ngan-hang-hang-trieu-nguoi-can-canh-giac-188260602210250976.chn,2026-06-03 09:21:00,2026,6,2026-06-07 05:01:52.205964,c73473b5d5588c98e924ebe9fe8fdaef406bd526d0006a7e7e99093ba531f331,NEW,,0
https://cafef.vn/thong-bao-quan-trong-den-nguoi-dung-vietcombank-agribank-vietinbank-188260602220416227.chn,2026-06-03 09:20:00,2026,6,2026-06-07 05:01:52.268493,ad7869a2555b8033c576cf19b9f9b147af65da54bff483c742f73fa9ddda5848,NEW,,0
https://cafef.vn/thu-hep-dat-song-cua-tin-dung-den-188260603090403466.chn,2026-06-03 09:03:00,2026,6,2026-06-07 05:01:52.328387,bb7de455ac12eb56dc876fafa1b7034411b304ed665a6dc603bba5f98bd80fc3,NEW,,0
https://cafef.vn/cong-an-canh-bao-nguoi-su-dung-zalo-can-dac-biet-luu-y-khi-nhan-duoc-tin-nhan-sau-188260602203212833.chn,2026-06-02 20:30:00,2026,6,2026-06-07 05:01:52.391132,4642428a14f59bd013a82e506538be4800ed3c7d117d96d6086e742c9fb5dda7,NEW,,0
https://cafef.vn/ngan-hang-khoi-kien-loat-nguoi-dung-the-tin-dung-lai-suat-tren-30-no-xau-nhieu-nam-khong-tra-188260602142818356.chn,2026-06-02 20:05:00,2026,6,2026-06-07 05:01:52.453688,7b0db8b003784586986978ffe0897bbebd9e81bf59e35aa1493f131de8512285,NEW,,0
https://cafef.vn/deu-dan-thu-lai-6-trieu-dong-ngay-thanh-nien-sinh-nam-2003-bi-cong-an-trieu-tap-188260602170347318.chn,2026-06-02 17:04:00,2026,6,2026-06-07 05:01:52.579272,22d364b729598e579735858d5a18a4a43ad4c55454b7a3caebb3675eae1a798c,NEW,,0
https://cafef.vn/chuyen-khoan-tren-400-trieu-dong-ngay-ngan-hang-se-tien-hanh-bien-phap-xac-minh-trong-truong-hop-sau-188260602151526083.chn,2026-06-02 15:16:00,2026,6,2026-06-07 05:01:52.719642,46e3900ad4f9627010788849a21f528475f2096b53478f73e082deea2c07a8fd,NEW,,0
https://cafef.vn/phat-hien-loat-giao-dich-rut-tien-mat-bat-thuong-xu-phat-mot-ho-kinh-doanh-1375-trieu-dong-188260602134600028.chn,2026-06-02 14:00:00,2026,6,2026-06-07 05:01:52.782168,c18c00146c2636de04b9a0db9c3ecf556f99c7d868a5bfe034df889693c8dc75,NEW,,0
https://cafef.vn/khoang-dung-co-y-khi-chuyen-tien-va-y-tuong-ve-lien-minh-phong-thu-so-cua-momo-188260602130543167.chn,2026-06-02 13:30:00,2026,6,2026-06-07 05:01:52.846237,0a9dcc9ae0452751dca94f88ccb44efac932df00db2875a63d1003e0f630cb00,NEW,,0
https://cafef.vn/boc-go-duong-day-lua-dao-bay-tinh-dau-tu-ao-tu-campuchia-188260602132316347.chn,2026-06-02 13:23:00,2026,6,2026-06-07 05:01:52.903937,848ec1ceef0229aed0ef4817fb8b38c50f216f4a91f9bb2de72ce79ff2813449,NEW,,0
https://cafef.vn/vietcombank-co-thong-bao-quan-trong-ap-dung-tu-ngay-10-6-188260601161800586.chn,2026-06-02 11:15:00,2026,6,2026-06-07 05:01:52.965877,b13b961cd9f11efbba2f266eda689c2cd63a1da796e1ba14f57add23a40a28b3,NEW,,0
https://cafef.vn/nguoi-dan-ong-lan-loi-hon-30km-duong-rung-den-chi-nhanh-mb-phoi-hop-xac-minh-giao-dich-chuyen-khoan-356-trieu-dong-188260602104432762.chn,2026-06-02 10:45:00,2026,6,2026-06-07 05:01:53.029217,d7a1cfc02184118e441ff8ad10b25bf69e4f2ff019f2c1d0b9d918da65e7625a,NEW,,0
https://cafef.vn/ai-moi-la-nguoi-thuc-su-can-bao-hiem-nhan-tho-188260602100407371.chn,2026-06-02 10:03:00,2026,6,2026-06-07 05:01:53.091116,e316fe8dd7f1bffa8418c836f459e8fadb00b0378a14b99c6bf1098ae4d98a69,NEW,,0
https://cafef.vn/do-cham-ve-xo-so-mien-nam-khach-suyt-mat-6-ti-dong-188260602094426157.chn,2026-06-02 09:44:00,2026,6,2026-06-07 05:01:53.152571,ea82981d2b61bb8725b7cc3ddabfef882e667ca07099e6e87f8e823ac8ee35af,NEW,,0
https://cafef.vn/thong-bao-moi-nhat-cua-ngan-hang-ve-giao-dich-chuyen-tien-nhanh-tu-500-trieu-dong-188260602064549334.chn,2026-06-02 06:45:00,2026,6,2026-06-07 05:01:53.209166,2f99a86eee6be4f9a5c6f429a5d5cce56df1e0541f0febb9cc72f0506532a24f,NEW,,0
https://cafef.vn/tin-vui-cho-nguoi-chuyen-tien-tren-500-trieu-dong-tu-hom-nay-1-6-188260601145243748.chn,2026-06-01 14:53:00,2026,6,2026-06-07 05:01:53.272783,782a29e7748e5445612c68834dae4b065d546cbb3ca5ebdc283fbcee9d2d77c7,NEW,,0
https://cafef.vn/nguoi-tung-chuyen-500000-dong-vao-cac-tai-khoan-ngan-hang-nay-khan-truong-den-cong-an-trinh-bao-188260601104942048.chn,2026-06-01 10:50:00,2026,6,2026-06-07 05:01:53.332692,a4cd0a927d79cc617137afee72f865d216ab299c97a0378808d7be081d3d9dc4,NEW,,0
https://cafef.vn/truy-to-nhan-vien-moi-gioi-vang-lua-dao-chiem-doat-hang-chuc-ty-dong-188260601102954395.chn,2026-06-01 10:29:00,2026,6,2026-06-07 05:01:53.399448,afedcd80981a8716ffce712f3a12032ceee6008e1bcd08135a9f7bb0e12012c5,NEW,,0
https://cafef.vn/thuc-hien-cac-giao-dich-sau-nguoi-dan-co-the-bi-phat-tien-den-200-trieu-dong-tham-chi-ngoi-tu-5-nam-188260601102708055.chn,2026-06-01 10:27:00,2026,6,2026-06-07 05:01:53.482082,30dd25e7a0d2f682a838f746d7b9fca70edb39209eaa16ea77427003869fbd4d,NEW,,0
https://cafef.vn/su-dung-cay-atm-cua-ngan-hang-khac-nop-tien-vao-tai-khoan-cua-minh-co-duoc-khong-188260601092458713.chn,2026-06-01 10:21:00,2026,6,2026-06-07 05:01:53.565341,237d41d6ddf84062e972e6c4af62407317c978008b16d93789ad34e5d031b101,NEW,,0
https://cafef.vn/tu-hom-nay-1-6-loat-ngan-hang-vietcombank-agribank-vietinbank-ap-dung-quy-dinh-moi-188260601093430201.chn,2026-06-01 09:34:00,2026,6,2026-06-07 05:01:53.637203,2f40a36985ee5f6f7f0af16d942004c6eee3916cbcb4896bff83a255b2ca9d8b,NEW,,0
https://cafef.vn/mua-vang-hay-gui-tien-ngan-hang-188260531201929766.chn,2026-06-01 09:22:00,2026,6,2026-06-07 05:01:53.700559,614b7ca240798d33d65083cf37a4f8aa6342af7b714c2923d93160e44e046285,NEW,,0
https://cafef.vn/nguoi-mua-bao-hiem-nhan-tho-bi-cong-ty-tu-choi-chi-tra-quyen-loi-trong-nhung-truong-hop-sau-188260531150945864.chn,2026-05-31 19:25:00,2026,5,2026-06-07 05:01:53.779131,1f935d4aacb68aa2e54008c6485ea3767a08cbd6e4063c4d599e9bd957f7c7d6,NEW,,0
https://cafef.vn/co-nen-chon-the-tin-dung-chi-vi-muc-hoan-tien-cao-188260531162635733.chn,2026-05-31 16:26:00,2026,5,2026-06-07 05:01:53.852221,6a8e5fe2067c3c6e1d9ecddedc7cf7948a3d93f99d7d806b1d42494d51ae2608,NEW,,0
https://cafef.vn/cong-an-se-yeu-cau-giai-trinh-qua-trinh-su-dung-tai-khoan-ngan-hang-neu-phat-hien-co-giao-dich-sau-188260531115938462.chn,2026-05-31 11:59:00,2026,5,2026-06-07 05:01:53.917313,5c4d6d0bf4ee2a67d46c3f2cf80b8d352c5f5d50ea4f2f09425a75df04808bdd,NEW,,0
https://cafef.vn/lo-dien-nu-cong-nhan-may-mac-trung-doc-dac-xo-so-mien-nam-188260531112741567.chn,2026-05-31 11:27:00,2026,5,2026-06-07 05:01:53.982700,a8fd4f9dc8c65c0aa840dc890ffc9805e9d1a694672662d73556237bd768a71f,NEW,,0
https://cafef.vn/tu-1-6-nguoi-chuyen-khoan-duoi-50000-dong-tai-agribank-can-chu-y-188260531103516087.chn,2026-05-31 10:35:00,2026,5,2026-06-07 05:01:54.052414,98eb9d7e653da93065a8a6a8d562987b65a320d5a7c6fc89e66a31dc25d24a3c,NEW,,0
https://cafef.vn/phong-toa-tai-khoan-ngan-hang-neu-giao-dich-chuyen-tien-co-noi-dung-sau-188260530154405788.chn,2026-05-30 22:10:00,2026,5,2026-06-07 05:01:54.249259,f4670c97c9db91f02b85b55b6e8f1e67cfc70a90f31f54d2d01d830f143dba34,NEW,,0
https://cafef.vn/thua-suc-chi-tra-10-20-trieu-moi-nam-de-mua-bao-hiem-nhan-tho-vi-sao-nhieu-nguoi-van-khong-muon-bo-tien-188260530214458191.chn,2026-05-30 21:44:00,2026,5,2026-06-07 05:01:54.315641,5b94aa378bd4a27ad41391870be149e3f3a30b8c2199f14bd96fa8213857f3c8,NEW,,0
https://cafef.vn/vi-sao-nhan-su-bat-dong-san-ngan-hang-lau-nam-chuyen-sang-tu-van-bao-hiem-188260530191020265.chn,2026-05-30 20:00:00,2026,5,2026-06-07 05:01:54.378474,ec4224e712d85bb5232c98c868f82fec8c642fe3c1065fb4353745bf0620439d,NEW,,0
https://cafef.vn/tai-khoan-phat-sinh-giao-dich-9450000-dong-nguoi-dan-ong-sn-1993-phai-trinh-bao-cong-an-188260530163120746.chn,2026-05-30 19:58:00,2026,5,2026-06-07 05:01:54.448254,30fa6e3202b38fe0ba7e677b5aa03862f5c211dcd5eca00bbc2e7d2064bf5c35,NEW,,0
https://cafef.vn/no-the-tin-dung-tai-my-cham-moc-ky-luc-188260530160326898.chn,2026-05-30 16:57:00,2026,5,2026-06-07 05:01:54.516870,418ee2ed9bb0aade6348a07b0e39fd5917e5e24b2aa9de60a13b6f6826a59f4d,NEW,,0
https://cafef.vn/tam-giam-truong-quoc-dat-truong-minh-duc-ngo-thi-nhu-y-sn-2004-2006-gia-nhan-vien-ngan-hang-de-cho-vay-18826053016523631.chn,2026-05-30 16:52:00,2026,5,2026-06-07 05:01:54.577659,fe3181a5e00a7fa61656e97335b214932f6ba2d3c9f1e73b59adae1f7412d611,NEW,,0
https://cafef.vn/xo-so-mien-nam-trung-doc-dac-10-ti-dong-khach-den-doi-lon-cong-ty-188260530163739133.chn,2026-05-30 16:37:00,2026,5,2026-06-07 05:01:54.654661,0598c37582f6738ad9fc57789da041489566664f5146fefd0e5bb1520fe0337c,NEW,,0
https://cafef.vn/thong-bao-quan-trong-den-tat-ca-nguoi-dan-giao-dich-chuyen-khoan-voi-noi-dung-sau-18826052922492656.chn,2026-05-30 11:52:00,2026,5,2026-06-07 05:01:54.753520,3e11ced566582fc5566a9d60f6ea08a39e2d41bc4366da038f9010799e94c4d0,NEW,,0
https://cafef.vn/hieu-qua-quang-cao-co-thuc-su-den-tu-phat-song-mien-phi-hay-tang-them-hay-mua-mot-tang-muoi-188260530080744737.chn,2026-05-30 08:07:00,2026,5,2026-06-07 05:01:54.821040,bbf770bdd3bc2f3f262387b4778b5049f5dd6e683114a97722ee9082364d7123,NEW,,0
https://cafef.vn/4-dieu-nen-can-nhac-ky-truoc-khi-xuong-tien-mua-nha-188260530080329165.chn,2026-05-30 08:03:00,2026,5,2026-06-07 05:01:54.899112,cac33bc6695a923ebc5128b6454a4a12706012fc129f0987118e412f1cc9b087,NEW,,0
https://cafef.vn/thi-hanh-lenh-tam-giam-nguyen-huy-dat-sn-1976-188260529213136599.chn,2026-05-29 21:48:00,2026,5,2026-06-07 05:01:54.973178,4c0a7b84c784923ca855970fe67a2e07a1715d035bd59ea7bfe7e57196b4612b,NEW,,0
https://cafef.vn/de-xuat-thi-diem-thanh-toan-bang-stablecoin-tai-trung-tam-tai-chinh-quoc-te-188260529205755675.chn,2026-05-29 20:57:00,2026,5,2026-06-07 05:01:55.049755,1c47b0650674b144f9cad16b7111c95e666f905a8b493791a72ad734d3ed22a4,NEW,,0
https://cafef.vn/lo-hon-70-trieu-dong-khi-ban-vang-nhung-toi-van-thay-minh-thanh-cong-188260529160934448.chn,2026-05-29 20:22:00,2026,5,2026-06-07 05:01:55.122872,8fd4c77ab47d918baa47abfedac77dc0f3bd482047746659d04c0894fa4e2101,NEW,,0
https://cafef.vn/hong-kong-tro-thanh-trung-tam-quan-ly-tai-san-xuyen-bien-gioi-lon-nhat-the-gioi-188260529143347424.chn,2026-05-29 20:08:00,2026,5,2026-06-07 05:01:55.189687,a735d48fccea82f5650ea3940696b8a55a06d1add69fc921c5357294b159bc66,NEW,,0
https://cafef.vn/mot-ong-lon-bao-hiem-vua-phat-di-thong-bao-quan-trong-toi-khach-hang-tren-toan-quoc-188260529162617604.chn,2026-05-29 16:27:00,2026,5,2026-06-07 05:01:55.253714,59c9bc8f3a6cf43a3a18fa85c93aada5c4f6e47e17ef001864c1c106f9a00b8b,NEW,,0
https://cafef.vn/dong-hang-chuc-trieu-tien-phi-bao-hiem-moi-nam-den-khi-mac-benh-thi-cong-ty-tu-choi-boi-thuong-vi-sao-188260529153708213.chn,2026-05-29 15:38:00,2026,5,2026-06-07 05:01:55.321420,769e79634eadef0e50db41a7012873643efcb6b4bfff589ee91b5d1f4a0fc2cd,NEW,,0
https://cafef.vn/bay-tin-dung-den-va-san-dau-tu-ao-kich-ban-tam-ly-thao-tung-nguoi-dan-tren-khong-gian-mang-188260529142455317.chn,2026-05-29 15:29:00,2026,5,2026-06-07 05:01:55.382813,7bcf8fb6f4c8944e2e73090b6558ce87c358694a8af70667b2d2753210502157,NEW,,0
https://cafef.vn/nguoi-thuong-xuyen-chuyen-tien-tren-500-trieu-dong-chu-y-quy-dinh-moi-tu-1-6-188260529145653817.chn,2026-05-29 14:57:00,2026,5,2026-06-07 05:01:55.445729,724378c619bf85a5ec2071e06280dcefbfe3b90815b54a01cd239afa64907dca,NEW,,0
https://cafef.vn/gia-bac-dang-doi-mat-voi-nhung-ap-luc-nao-188260528100004032.chn,2026-05-28 12:09:00,2026,5,2026-06-07 05:01:55.535549,d099af34ca558083b670823ff72a0f312956da91c7bacc5993f1d8e6a96ad25a,NEW,,0
https://cafef.vn/thay-doi-tu-29-5-khach-hang-vietinbank-can-nam-ro-188260527220443725.chn,2026-05-28 10:04:00,2026,5,2026-06-07 05:01:55.628501,034b32933205c0ce97e75009e6f21ba307b2396843cd6730497eaea7fc75e231,NEW,,0
https://cafef.vn/canh-giac-voi-cac-bay-lua-dao-dau-tu-mua-vang-online-188260528072444401.chn,2026-05-28 07:31:00,2026,5,2026-06-07 05:01:55.688275,a52aa9ef58efa9e915c66c5e3e4798d4bb38a59cef72a40b3c25ff123168a863,NEW,,0
https://cafef.vn/dac-biet-canh-giac-truoc-nhung-loi-moi-goi-gui-tiet-kiem-lai-suat-cao-188260528072842864.chn,2026-05-28 07:28:00,2026,5,2026-06-07 05:01:55.749486,da1bfc38dd9ad7f2a516939e1bf21acf2ebe54e0229424639b6f6a10d9760750,NEW,,0
https://cafef.vn/gia-vang-va-bac-dang-giam-rat-nhanh-188260527071435238.chn,2026-05-28 07:18:00,2026,5,2026-06-07 05:01:55.804176,c5ef3a1471b35a4ac7cb829cb490fbe0ae9e7d42b126bb085cc3879266e74f43,NEW,,0
https://cafef.vn/canh-bao-khan-toi-toan-bo-nguoi-dan-khi-dong-phi-bao-hiem-xuat-hien-thu-doan-lua-dao-moi-188260527221712848.chn,2026-05-27 22:20:00,2026,5,2026-06-07 05:01:55.864214,4f1356c8a0bebcf36373e02cd80c2cfdd0250877fb9a32be36341a3a0f4aa95b,NEW,,0
https://cafef.vn/khach-muon-chuyen-10-ty-ngan-hang-co-the-tach-thanh-21-giao-dich-duoi-500-trieu-nhung-se-phai-sinh-trac-hoc-tuong-ung-21-lan-188260527160811484.chn,2026-05-27 16:09:00,2026,5,2026-06-07 05:01:55.924544,b3eba2a5bafe15b4c97e074971b38c8f73d8d0cbb9b6cc7615568af648272063,NEW,,0
https://cafef.vn/vay-45-trieu-phai-tra-84-trieu-dong-nhieu-nguoi-soc-khi-vay-tien-online-tren-vi-dien-tu-188260527160556634.chn,2026-05-27 16:05:00,2026,5,2026-06-07 05:01:55.997124,c4340bea81137201e90e8a4cb4d467b2810da3f74435a1eac7fe24a59ee55e19,NEW,,0
https://cafef.vn/cu-ba-kien-ngan-hang-vi-khoan-tien-gui-tiet-kiem-suot-27-nam-bi-ap-lai-suat-khong-ky-han-188260527141353494.chn,2026-05-27 14:14:00,2026,5,2026-06-07 05:01:56.067411,fbf78ab4b0ede46b9517d28b1bda80bc596ec51b066acba81f63917c7051e4b2,NEW,,0
https://cafef.vn/tu-1-6-lai-co-thay-doi-lon-khi-thanh-toan-tu-500-trieu-dong-tai-vietcombank-188260527105457622.chn,2026-05-27 10:55:00,2026,5,2026-06-07 05:01:56.129695,6ff9506136631641aa4b3d4e8899548febe82f16c5e7f2079e0321384cf9beda,NEW,,0
https://cafef.vn/thay-doi-tu-10-6-ma-nguoi-dung-vietcombank-can-nam-ro-188260526222851756.chn,2026-05-27 09:14:00,2026,5,2026-06-07 05:01:56.185389,1c0af1b13884bc9df0d6aba86cc552c3b89c3c8fb62d94f2323b9e13d8a4cd62,NEW,,0
https://cafef.vn/khach-hang-dong-phi-bao-hiem-nhan-tho-day-du-hon-23-trieu-nhung-cong-ty-khong-nhan-duoc-tien-chuyen-gi-da-xay-ra-188260526215333637.chn,2026-05-27 09:13:00,2026,5,2026-06-07 05:01:56.252967,9907eb9096835b3e6e3d7f555fd2fb464bf0f74372a078760613c4889236c02b,NEW,,0
https://cafef.vn/vu-truong-vu-thanh-toan-khong-cam-tach-lenh-khi-chuyen-khoan-tren-500-trieu-nhung-tach-lenh-ma-chi-xac-thuc-sinh-trac-hoc-mot-lan-la-sai-quy-dinh-188260526220407099.chn,2026-05-27 07:24:00,2026,5,2026-06-07 05:01:56.310700,fd38cb553d134f0057b156996a97248dea9dd20fb3a4209d0f1e262d90520d6c,NEW,,0
https://cafef.vn/gia-vang-giam-sau-vi-sao-xuat-hien-lan-song-ban-vang-tu-cac-ngan-hang-trung-uong-188260526210814938.chn,2026-05-26 21:08:00,2026,5,2026-06-07 05:01:56.388488,ce9617148994bc6af984311ec173326925b6a9a70a281141a24510288232baba,NEW,,0
https://cafef.vn/mot-ngan-hang-thu-phi-5000-dong-voi-moi-giao-dich-chuyen-tien-nhanh-24-7-tu-500000-dong-188260526164248351.chn,2026-05-26 16:43:00,2026,5,2026-06-07 05:01:56.485655,c84d15182605b47062f5571d28aec0ddfa248ee920c00d267462a1bb118e2c28,NEW,,0
https://cafef.vn/tai-khoan-duoi-8888-o-mb-bat-ngo-nhan-duoc-329-trieu-chuyen-nham-188260526163302708.chn,2026-05-26 16:32:00,2026,5,2026-06-07 05:02:06.916937,fcc6dc57517760e1fb77c5204123dadd3b418418f0b450cd197332e3902a1a76,NEW,,0
https://cafef.vn/gia-bac-doi-mat-voi-noi-lo-mang-ten-lai-suat-188260526162044397.chn,2026-05-26 16:20:00,2026,5,2026-06-07 05:02:07.030076,f5edc643b5d939bb1b985e9d552ce08e8c20165b421436b89746d5d8ad70130c,NEW,,0
https://cafef.vn/ngan-hang-len-tieng-ve-hinh-thuc-gui-tiet-kiem-lai-suat-18-20-nam-rut-goc-bat-cu-luc-nao-188260526143814184.chn,2026-05-26 14:39:00,2026,5,2026-06-07 05:02:07.153858,9b18276daaec87b0dffd22328c9deaa41e4a46dc9da0ca364f9848f7773f89a6,NEW,,0
https://cafef.vn/tu-29-5-ong-lon-big-4-ngan-hang-thu-them-loai-phi-moi-188260526124209117.chn,2026-05-26 14:01:00,2026,5,2026-06-07 05:02:07.208253,82f4af34906d6d5bba0bdf788aebb7145fc74e9eac77eb6705d25d5e25313297,NEW,,0
https://cafef.vn/the-tin-dung-va-cau-chuyen-kiem-soat-chi-tieu-188260526114846038.chn,2026-05-26 11:48:00,2026,5,2026-06-07 05:02:07.264778,c758c6aa8607d73a5f120f525c6063951b25c7d829f03d31407c5b370481a212,NEW,,0
https://cafef.vn/tat-ca-nguoi-dan-co-tai-khoan-ngan-hang-chu-y-de-xuat-moi-quan-trong-tu-1-7-188260526102838324.chn,2026-05-26 11:23:00,2026,5,2026-06-07 05:02:07.318475,605dd3033bf9baab75f0653f5e866a3850304c1fd1957618f24f476e3bf06747,NEW,,0
https://cafef.vn/thay-doi-khi-chuyen-khoan-qua-ngan-hang-nguoi-dan-nen-biet-188260525192550454.chn,2026-05-26 07:46:00,2026,5,2026-06-07 05:02:07.370645,501d49ff103bf0aeb732eab174258debf56c8d59e11988bbb82317d6521841ee,NEW,,0
https://cafef.vn/chuyen-khoan-400-trieu-dong-den-tai-khoan-vietcombank-mang-ten-nguyen-trong-hiep-nguoi-dan-ong-nghe-an-phai-trinh-bao-cong-an-188260525182554186.chn,2026-05-25 21:25:00,2026,5,2026-06-07 05:02:07.424774,09b309591ce7c70114aaa2df07bfdbb0e1531d8c9ce134ba5a80946b3635b1ea,NEW,,0
https://cafef.vn/dieu-quan-trong-nhat-khi-mua-vang-18826052520515036.chn,2026-05-25 20:51:00,2026,5,2026-06-07 05:02:07.480898,ff14cea62228f735328fe4fc175360392a3bd277607304cd70de06914ca53998,NEW,,0
https://cafef.vn/quy-dinh-moi-ngan-hang-se-dong-bang-toan-bo-giao-dich-chuyen-tien-online-doi-voi-nhung-khach-hang-sau-188260525152206485.chn,2026-05-25 15:23:00,2026,5,2026-06-07 05:02:07.534311,a68ddfe65fba1fffa807cc7deff877aa6188b0834e2d85865d5b6cba2cf27589,NEW,,0
https://cafef.vn/kiem-tra-sao-ke-ngan-hang-nhieu-nguoi-phat-hien-giao-dich-tu-100000-dong-bi-tru-them-10000-dong-tien-phi-188260525122335196.chn,2026-05-25 13:50:00,2026,5,2026-06-07 05:02:07.593333,52d8535bd7a87faa8b3ee5065990882930ada35693902ddd66ae5f2b14f2e5c5,NEW,,0
https://cafef.vn/nguoi-sap-di-xuat-khau-lao-dong-tai-duc-nhat-ban-han-quoc-chu-y-canh-bao-khan-tu-ngan-hang-188260525110155962.chn,2026-05-25 11:02:00,2026,5,2026-06-07 05:02:07.658039,c3642b01d8090444280622bf2fa042a606674c0f842d4bdad2a43a5bcf5c98e0,NEW,,0
https://cafef.vn/ngan-hang-thong-bao-nhan-cuoc-goi-sau-khong-nen-bat-may-khong-ket-ban-zalo-188260524204006171.chn,2026-05-25 10:01:00,2026,5,2026-06-07 05:02:07.710597,13d69b06dfcaadd5d346d47800bd0bd78aa0d3a763ab97ad20275b58f0706e3f,NEW,,0
https://cafef.vn/mot-cong-ty-bao-hiem-nhan-tho-cua-ngan-hang-lot-top-thi-phan-khai-thac-moi-ngang-ngua-manulife-aia-18826052510003585.chn,2026-05-25 10:00:00,2026,5,2026-06-07 05:02:07.765637,81053274749a35a0f820ea42de795d49f0a6752e13dea240944c17cc0db358b5,NEW,,0
https://cafef.vn/acb-dieu-chinh-mot-loai-phi-quan-trong-doi-voi-nguoi-dung-the-tin-dung-188260525092412263.chn,2026-05-25 09:24:00,2026,5,2026-06-07 05:02:07.827630,0621f2276c21cb91d954392dd75c7b4af211732f5fe895d106380365be1d1d09,NEW,,0
https://cafef.vn/giao-6-luong-vang-24k-de-nhan-dat-trong-10-nam-nguoi-dan-ong-bat-ngo-doi-huy-thoa-thuan-lay-lai-toan-bo-vang-va-tra-dat-188260524211554341.chn,2026-05-25 09:01:00,2026,5,2026-06-07 05:02:07.881207,e1cce4ad662673dcefa665e9fcb9401ef394c4d6e8633236bd11e9a82d25d21d,NEW,,0
https://cafef.vn/bo-tai-chinh-rut-de-xuat-ngan-hang-dinh-ky-cung-cap-thong-tin-tai-khoan-nguoi-nop-thue-188260525090020762.chn,2026-05-25 08:58:00,2026,5,2026-06-07 05:02:07.941845,8d2c70bb87d086bc326a9cd936be56381313578f72efdb8e965758f97c3fa7de,NEW,,0
https://cafef.vn/co-no-xau-van-vay-duoc-ngan-hang-188260525084433215.chn,2026-05-25 08:57:00,2026,5,2026-06-07 05:02:07.999072,0f8060173e9a17813c4f2384b093b225c177dee5f70d0ce4033d16bc6879946c,NEW,,0
https://cafef.vn/canh-giac-thu-doan-lua-dao-moi-nguoi-dan-de-mat-tien-trong-tai-khoan-neu-lo-la-188260525084556445.chn,2026-05-25 08:45:00,2026,5,2026-06-07 05:02:08.055497,b27be7a2185d5d80a46945b91b2bffabd41788a11e0eb54a15856854ec300bd7,NEW,,0
https://cafef.vn/bat-tam-giam-le-minh-dat-chuyen-quang-cao-ho-tro-no-xau-188260524233513528.chn,2026-05-24 23:36:00,2026,5,2026-06-07 05:02:08.111158,08631e24435502166894f310e0bed5a6526c767ff71644f818bc6c2fc7d23603,NEW,,0
https://cafef.vn/ecb-muon-dua-dong-euro-len-blockchain-188260524193614603.chn,2026-05-24 19:36:00,2026,5,2026-06-07 05:02:08.165318,e4f6793688a2a529d5a54471a0e5841ccfeefc6f5039773c3909a3a61775fd83,NEW,,0
https://cafef.vn/gia-vang-giam-sau-cang-om-vang-toi-cang-lo-nang-188260524142845493.chn,2026-05-24 14:28:00,2026,5,2026-06-07 05:02:08.216912,9725239061c2a9c7bd6c62ab3d4174fbd2e382a46dcc3d59a10c17b137dd602a,NEW,,0
https://cafef.vn/tai-khoan-bidv-agribank-vietcombanklien-tuc-tru-10000-dong-moi-thang-du-hiem-khi-nhan-va-chuyen-tien-day-co-the-la-ly-do-188260524121612819.chn,2026-05-24 14:07:00,2026,5,2026-06-07 05:02:08.269961,20cc8802c7aa7b6b520f29c2590862414e781b3eb756779c6b241f227d6924a2,NEW,,0
https://cafef.vn/vietcombank-co-thong-bao-quan-trong-den-nguoi-dung-dien-thoai-android-kiem-tra-ngay-de-khong-bo-lo-quyen-loi-188260524115940133.chn,2026-05-24 11:59:00,2026,5,2026-06-07 05:02:08.323227,983d3fa1ca3851f610fdb0493d3dd9450c01a7b42b27a230edf8b7c4b3c44e1f,NEW,,0
https://cafef.vn/ban-khoan-cua-nguoi-sap-di-thai-lan-du-lich-xem-concert-dung-tai-khoan-ngan-hang-viet-la-du-hay-van-can-the-tin-dung-doi-baht-188260524115636049.chn,2026-05-24 11:56:00,2026,5,2026-06-07 05:02:08.377902,027dffac6a1662cfbdd42ad4a9b30400db6952a33309c4de08aeeac0c7110ef5,NEW,,0
https://cafef.vn/canh-bao-thu-doan-gia-danh-nhan-vien-ngan-hang-thong-bao-nhan-diem-thuong-188260524100550083.chn,2026-05-24 10:22:00,2026,5,2026-06-07 05:02:08.429563,82148d685bc17271736254a7acdbd7d77ee6f95b10b0173dd9061751f47d3cf8,NEW,,0
https://cafef.vn/dong-280-trieu-phi-bao-hiem-nhan-tho-deu-dan-3-nam-nhan-quyen-loi-roi-bat-ngo-kien-cong-ty-doi-huy-hop-dong-188260523110739518.chn,2026-05-23 16:24:00,2026,5,2026-06-07 05:02:08.483968,af0f648b1dc03d42b7a5ca956722355bb73e810784c5d382420faeda40c79987,NEW,,0
https://cafef.vn/gia-vang-rot-tham-nhieu-nguoi-quay-xe-gui-tiet-kiem-ngan-hang-188260523104559324.chn,2026-05-23 10:45:00,2026,5,2026-06-07 05:02:08.536803,96b5be44300a9df899876731c53750a988d0dec5b1ef39d2bd30399b6587aab9,NEW,,0
https://cafef.vn/co-500-trieu-nen-gui-tiet-kiem-hay-mua-vang-188260523073905427.chn,2026-05-23 07:38:00,2026,5,2026-06-07 05:02:08.598153,f569f46048c712fefe53dbb03772b3af22f421a913b494a82a7f197825b02e2a,NEW,,0
https://cafef.vn/gia-vang-610-bao-nhieu-1-chi-188260522154130857.chn,2026-05-23 06:36:00,2026,5,2026-06-07 05:02:08.659089,51b07e96bf5cee710e495997ab6cd782c4ccab838aa2d095638a71fff1315d62,NEW,,0
https://cafef.vn/dat-muc-tieu-gia-tri-thanh-toan-khong-dung-tien-mat-dat-27-lan-gdp-trong-nam-2026-188260522143930813.chn,2026-05-22 16:48:00,2026,5,2026-06-07 05:02:08.712246,f9c304be57c22aed6ad49f3da217963ec66ff6cf704dd3e9cb6f17fbb6278231,NEW,,0
https://cafef.vn/vu-truong-vu-thanh-toan-bai-toan-nhan-luc-chuyen-doi-so-hien-la-van-de-rat-nong-khong-chi-voi-cac-ngan-hang-thuong-mai-ma-ca-voi-nhnn-188260522153704553.chn,2026-05-22 16:42:00,2026,5,2026-06-07 05:02:08.767682,6a77ad5187dc9f77a8ee1768ce1c707a9b542f88645ebb602cf777d9cc585da4,NEW,,0
https://cafef.vn/no-xau-150-trieu-da-tat-toan-het-co-luong-20-trieu-moi-thang-van-bi-ngan-hang-tu-choi-cho-vay-vi-sao-188260522140738057.chn,2026-05-22 15:10:00,2026,5,2026-06-07 05:02:08.820789,c7033fde8532a22cc097b92e77c61f08ab724f3ae9f0299f6a42ccdce2555eda,NEW,,0
https://cafef.vn/vi-sao-cang-muon-tu-do-tai-chinh-som-nhieu-nguoi-tre-cang-de-roi-vao-ap-luc-tien-bac-188260522145314702.chn,2026-05-22 14:55:00,2026,5,2026-06-07 05:02:08.881643,277bd3a6c94e3ab7070a140b24bdf5b3767742bb9eab18501a58af4a23ec4918,NEW,,0
https://cafef.vn/tu-1-6-mot-ngan-hang-thay-ung-dung-chuyen-tien-khach-hang-can-tai-lai-app-xac-thuc-cccd-va-so-dien-thoai-18826052214100078.chn,2026-05-22 14:15:00,2026,5,2026-06-07 05:02:08.939664,cd48b56ff85fb1c4628c245e1d94d463a35ebb71b97e64ec85dbb68d608f3999,NEW,,0
https://cafef.vn/cong-an-co-luu-y-quan-trong-ve-cccd-tai-khoan-ngan-hang-hoa-don-khi-mua-ban-vang-188260522111104323.chn,2026-05-22 13:52:00,2026,5,2026-06-07 05:02:23.124735,f16b32f2ccb46f181d29d849b6564331b1b98b8f43dfadd816f244785835a157,NEW,,0
https://cafef.vn/44-nghin-ty-dong-sap-chuyen-vao-tai-khoan-lua-dao-bong-quay-dau-nho-mot-thong-bao-khan-188260522115434196.chn,2026-05-22 11:55:00,2026,5,2026-06-07 05:02:23.183874,6df33a3389085acaee4d4f41e44153a0275a6e247fd83579235d4116fb9dd847,NEW,,0
https://cafef.vn/ben-trong-he-than-kinh-so-xu-ly-hon-1-ty-giao-dich-cua-dinh-che-tai-chinh-hang-dau-viet-nam-188260522091934506.chn,2026-05-22 10:19:00,2026,5,2026-06-07 05:02:23.235611,e18441e3cb09953b1f469e781e24df1cb647ff81f580d45c928a4d806d40cb4d,NEW,,0
https://cafef.vn/dung-sau-spaylater-cua-shopee-vi-tra-sau-cua-momola-nhung-ngan-hang-nao-188260522091837027.chn,2026-05-22 09:58:00,2026,5,2026-06-07 05:02:23.290626,cde310af8f64e540594d828655700fae7165d14a4ae771ec02ae4abceca697f9,NEW,,0
https://cafef.vn/nguoi-dan-khoa-tai-khoan-ngan-hang-ngay-neu-nhan-duoc-tin-nhan-nay-tren-facebook-zalo-188260521162242613.chn,2026-05-21 19:26:00,2026,5,2026-06-07 05:02:23.343865,9739c96e850ef0ac23c1d0e1e97133cfb48a5c9e6baa27920d4d007c00c1a92f,NEW,,0
https://cafef.vn/hom-nay-bidv-phat-thong-bao-khan-den-hang-trieu-khach-hang-188260521170941064.chn,2026-05-21 17:10:00,2026,5,2026-06-07 05:02:23.400824,1b5e0dee8c456e1cebea163f2d87d22fb87fe455ee5141a32e83274dc2647ff2,NEW,,0
https://cafef.vn/luong-chi-12-trieu-17-trieu-thang-nhung-tai-khoan-ngan-hang-giao-dich-hang-chuc-ty-dong-cong-an-bat-nhieu-thanh-nien-sinh-nam-2001-2003-18826052116101376.chn,2026-05-21 16:11:00,2026,5,2026-06-07 05:02:23.457771,087c2361676e825c8960d92cb9b3e05d104a65816c80270421061f89e1c9a236,NEW,,0
https://cafef.vn/dong-gan-100-trieu-dong-bao-hiem-nhan-tho-trong-8-nam-den-khi-dung-hop-dong-chi-nhan-ve-hon-35-trieu-vi-sao-188260521140041132.chn,2026-05-21 15:18:00,2026,5,2026-06-07 05:02:23.512013,562342279f58b31a478402b3dfce547b15c5a480b36a8d445ef6ee473224d507,NEW,,0
https://cafef.vn/cong-an-phoi-hop-vietinbank-kiem-tra-giao-dich-chuyen-khoan-cua-mot-khach-hang-lon-tuoi-188260521144850973.chn,2026-05-21 14:49:00,2026,5,2026-06-07 05:02:23.565835,e4a5b5994bcfd8849f1d2bbcceb9deb3a81ff9c56dfc87282da2275e18807918,NEW,,0
https://cafef.vn/phong-toa-tai-khoan-ngan-hang-dong-bang-giao-dich-neu-nhan-chuyen-tien-trong-truong-hop-sau-188260520210147627.chn,2026-05-21 11:26:00,2026,5,2026-06-07 05:02:23.620512,c91890e2d2d941c5f8cbee0e4f3e4875b5075324f8820dcb5beb88d8528ec1a0,NEW,,0
https://cafef.vn/ngan-hang-thong-bao-truong-hop-phai-lam-lai-sinh-trac-hoc-truoc-1-7-neu-khong-se-bi-ngung-toan-bo-giao-dich-rut-chuyen-tien-188260521104909687.chn,2026-05-21 10:49:00,2026,5,2026-06-07 05:02:23.674011,2c4b9a516789ce37cdfda0ab341f439084af43232f37141ef84d217ccab9d71a,NEW,,0
https://cafef.vn/lam-gi-khi-gia-vang-giam-188260521100413138.chn,2026-05-21 10:04:00,2026,5,2026-06-07 05:02:23.727837,53820c635c06c9a8248ee04660ba425fa0c1321bb3cbc7d1f3b5ba6fff2b1b10,NEW,,0
https://cafef.vn/giao-dich-lon-qua-ngan-hang-khong-xuat-hoa-don-nganh-thue-se-doi-chieu-dong-tien-188260521083814469.chn,2026-05-21 08:38:00,2026,5,2026-06-07 05:02:23.783004,9435658e74b3cbeec2b8a9f238b77e2f8502a1e7971966315da072edc3821da4,NEW,,0
https://cafef.vn/thi-truong-tien-so-hom-nay-20-5-bitcoin-co-the-cham-moc-255000-usd-vao-cuoi-nam-nay-188260520212157436.chn,2026-05-20 22:05:00,2026,5,2026-06-07 05:02:23.844555,02d342111cd4142fcb54e1d505596ef19eb033ee91749ebdd5771dfcdcdea2d6,NEW,,0
https://cafef.vn/phat-hien-cuu-nhan-vien-ngan-hang-nhan-17-ty-dong-cua-khach-hang-de-lam-thu-tuc-dao-han-nhung-khong-nop-tien-vao-ngan-hang-188260520214040441.chn,2026-05-20 21:57:00,2026,5,2026-06-07 05:02:23.913548,4cb689b7a444a6db32c2fc8755a3be7b72303fb2cda2fed073780c953db35525,NEW,,0
https://cafef.vn/quang-tri-tai-khoan-ngan-hang-dot-ngot-nhan-so-tien-lon-nguoi-phu-nu-duoc-cong-an-lien-he-lam-viec-188260520205604981.chn,2026-05-20 20:55:00,2026,5,2026-06-07 05:02:23.966724,2117748d0ee611957a122285903bde9ba7c03ed6cf64323df8b928bd2d0853d6,NEW,,0
https://cafef.vn/dai-dien-cuc-thue-canh-bao-nhung-dong-tien-sau-chuyen-vao-tai-khoan-ca-nhan-co-the-bi-nghi-tron-thue-188260520140419935.chn,2026-05-20 20:53:00,2026,5,2026-06-07 05:02:24.020891,94191cec278c4672bedfda8a6880b2ee57176de2d4df8f56c978186ce0d9c388,NEW,,0
https://cafef.vn/doi-80-ty-dong-tu-ve-vietlott-trung-2-nam-truoc-khach-bi-tu-choi-ngan-hang-len-tieng-188260520161209585.chn,2026-05-20 18:09:00,2026,5,2026-06-07 05:02:24.077194,4d157a2e900ab0c88af012df48187e5246ab47916697e79a948d650381537861,NEW,,0
https://cafef.vn/nganh-thue-da-nam-thong-tin-khoang-250-trieu-tai-khoan-ngan-hang-nhung-giao-dich-ca-nhan-nao-se-bi-giam-sat-18826052015092962.chn,2026-05-20 15:10:00,2026,5,2026-06-07 05:02:24.212569,8b9d7bae3b4e6df2eb1d09be4497033a280c614662027b4a8a7cd9437edc122f,NEW,,0
https://cafef.vn/nguoi-viet-nam-se-dan-co-the-dung-tai-khoan-noi-dia-de-thanh-toan-qr-tai-trung-quoc-han-quoc-thai-lan-an-do-singapore-188260520145655334.chn,2026-05-20 14:56:00,2026,5,2026-06-07 05:02:24.265971,2bad9ddb6083f27b34dd7db2fb8521bfc4d4f6a8fa43bac4899e7f93919e359a,NEW,,0
https://cafef.vn/gui-tiet-kiem-lai-suat-toi-8-nam-nhung-toi-van-quyet-dinh-rut-ra-roi-gui-lai-toan-bo-188260520103646187.chn,2026-05-20 11:59:00,2026,5,2026-06-07 05:02:24.320108,8631e9b0b8c6dc9f727a73323c9f738b483c852c671ecc78a9715dd7b22ee2d9,NEW,,0
https://cafef.vn/trong-thang-5-hang-trieu-khach-hang-vietcombank-don-tin-vui-188260520110347685.chn,2026-05-20 11:04:00,2026,5,2026-06-07 05:02:24.380147,3eb2cc92f7a07aca13c4c01befca0737ba1e4022dcae81e3e75bc0b97ed22600,NEW,,0
https://cafef.vn/cong-an-dieu-tra-giao-dich-chuyen-khoan-tu-nh-vietinbank-cua-ong-pham-van-toan-sn-1954-188260519171205637.chn,2026-05-20 09:34:00,2026,5,2026-06-07 05:02:24.439110,6f5b62ce06ba6fdc21e96dcae46bd3e446f52b3c8a14651f19c8b7f01400e49c,NEW,,0
https://cafef.vn/chu-tai-khoan-vietcombank-mb-bidv-agribank-luu-y-truong-hop-bi-thu-phi-tu-dong-tu-10000-dong-thang-188260519142640788.chn,2026-05-20 09:34:00,2026,5,2026-06-07 05:02:24.497361,f568072737595807285fa427f61c902b73850cf3c1b756f0e6dc9e80e0cee48f,NEW,,0
https://cafef.vn/techcombank-thong-bao-quan-trong-den-khach-hang-18826051921170157.chn,2026-05-20 06:00:00,2026,5,2026-06-07 05:02:24.550921,b29eb87d3b0c003864d886047b38c3ca272758b9688110669807ea7ddfcd056f,NEW,,0
https://cafef.vn/ai-tung-chuyen-tien-vao-so-tai-khoan-techcombank-mang-ten-tran-thi-ngoc-hanh-khan-truong-lien-he-cong-an-ngay-188260519144646931.chn,2026-05-19 19:27:00,2026,5,2026-06-07 05:02:24.606931,cf39947908c764751744d6972ddc1e0920e21b7467aed25393441df5d1e445c7,NEW,,0
https://cafef.vn/nhung-thay-doi-quan-trong-tren-ung-dung-bidv-agribank-vietcombank-vietinbank-mb-nguoi-chuyen-tien-can-nam-ro-188260519152521302.chn,2026-05-19 15:26:00,2026,5,2026-06-07 05:02:24.664604,7f1628165bf043222946dc096a272660483cf20eea9192d32562ec98cd7e99e9,NEW,,0
https://cafef.vn/tai-khoan-giam-doc-phat-sinh-giao-dich-25596-trieu-dong-cong-an-moi-nguoi-phu-nu-sn-1974-len-lam-viec-188260519133335276.chn,2026-05-19 14:50:00,2026,5,2026-06-07 05:02:24.719362,e5ccdb421426783fa67e10414e6b9e7ec78ca1d5683f4dde00349d06ded5bd87,NEW,,0
https://cafef.vn/phat-hien-5-truong-hop-lua-dao-chiem-doat-tien-trong-tai-khoan-ngan-hang-canh-bao-188260519121843369.chn,2026-05-19 14:45:00,2026,5,2026-06-07 05:02:24.776151,24dfdd71c06553e11eafae2475318006b113e332d938c420b1a5912849d1b8c5,NEW,,0
https://cafef.vn/co-the-xoa-lich-su-no-xau-tren-cic-de-tiep-tuc-vay-ngan-hang-hay-khong-18826051914094745.chn,2026-05-19 14:09:00,2026,5,2026-06-07 05:02:24.830864,19bbb3d25a20282fbf31e548688482983786bc6246775f823b6de385355064b5,NEW,,0
https://cafef.vn/nguoi-dung-bidv-agribank-vietcombank-mb-chu-y-tai-khoan-se-tu-dong-tru-10000-25000-dong-thang-trong-truong-hop-sau-188260519110250662.chn,2026-05-19 11:03:00,2026,5,2026-06-07 05:02:24.885985,f918151d414726236caa0e808589d8f8e6d7624f73148df1fb699023f74ec785,NEW,,0
https://cafef.vn/nguoi-om-vang-lo-nang-vi-cu-thay-vang-giam-la-bat-day-188260519100502375.chn,2026-05-19 10:04:00,2026,5,2026-06-07 05:02:24.941862,32030f3a243c008e33ce46b46c311f1247945da58bc57bc4b62401b49e65eb36,NEW,,0
https://cafef.vn/ap-luc-khi-mua-vang-188260519090910806.chn,2026-05-19 09:09:00,2026,5,2026-06-07 05:02:24.997814,a9f9d41a134f19a48f2de25ce26868cae4d6b580de2e7f2d43562646f5ab724d,NEW,,0
https://cafef.vn/giao-dich-chuyen-khoan-cua-nguoi-dan-se-bi-kiem-tra-trong-truong-hop-sau-18826051822383921.chn,2026-05-19 07:44:00,2026,5,2026-06-07 05:02:25.052119,3d6f2cc401c821a77a882432d22074ba5b58459f9fa026fb4e8758c3d1635e7a,NEW,,0
https://cafef.vn/cu-ong-rut-hon-400-trieu-tien-tiet-kiem-sau-5-nam-quen-tat-toan-roi-kien-ngan-hang-doi-them-lai-188260518185523949.chn,2026-05-18 20:32:00,2026,5,2026-06-07 05:02:25.112245,c7bdeb3ced263e0444f8dd23ce52bb261e7580324dc28d541a67ce318dd04c03,NEW,,0
https://cafef.vn/phat-hien-nhieu-nguoi-dan-khong-he-biet-dong-tien-den-am-tham-chay-qua-tai-khoan-18826051819282228.chn,2026-05-18 19:28:00,2026,5,2026-06-07 05:02:25.167517,c9f4caff0ec8a7596581a2297284325af47622b78096c0cae75530e41d52da93,NEW,,0
https://cafef.vn/nguoi-mua-ban-ngoai-te-se-bi-phat-toi-100-trieu-dong-tich-thu-toan-bo-tien-trong-truong-hop-sau-188260518155116053.chn,2026-05-18 15:51:00,2026,5,2026-06-07 05:02:25.231654,4cf74451387494291f39584c0f70b7eb4f9a71487d89570464d4033fb9db51b5,NEW,,0
https://cafef.vn/nguoi-dung-co-the-doi-mat-rui-ro-phap-ly-nghiem-trong-neu-rut-tien-nhan-chuyen-khoan-tu-cac-giao-dich-sau-188260518153919761.chn,2026-05-18 15:39:00,2026,5,2026-06-07 05:02:25.285788,6f6bb2e3d5b386fff666bf913c6fc2528c657f80f6e2f31b4a3650a61b07444e,NEW,,0
https://cafef.vn/phia-sau-buc-giang-day-lam-giau-su-im-lang-cua-nhung-bao-cao-tai-chinh-188260518144145422.chn,2026-05-18 14:41:00,2026,5,2026-06-07 05:02:25.338729,06f2172285bd7c7fa9862920fa7f23a3a9b60329395d8a768eb193aa8011bbf5,NEW,,0
https://cafef.vn/tai-khoan-agribank-vietcombank-vietinbank-bidv-bi-chan-giao-dich-neu-khong-dap-ung-dieu-kien-sau-188260517200829909.chn,2026-05-18 13:34:00,2026,5,2026-06-07 05:02:25.393138,c2a9fffaf9b7727b3ae60c72c755bf9d1aed89731f3ae1a453ef3894e3dddaa6,NEW,,0
https://cafef.vn/cong-an-tien-hanh-xac-minh-giao-dich-chuyen-khoan-tu-30-trieu-300-trieu-3-ty-dong-cua-nhieu-nguoi-dan-188260518105825566.chn,2026-05-18 10:59:00,2026,5,2026-06-07 05:02:25.453809,1c52aa426a5f22c7d30de3fe0bb2fc43c03d7d40f0f1a25e6480e630e77d32a5,NEW,,0
https://cafef.vn/vi-sao-nhieu-ngan-hang-dung-logo-mau-xanh-duong-mot-thu-am-tham-duoc-tao-ra-ngay-khi-khach-hang-thay-ten-thuong-hieu-188260518093451625.chn,2026-05-18 09:53:00,2026,5,2026-06-07 05:02:25.508820,bab49d926aade098a1f33ce122090e69bb7f4222e6d10c474b5a03fbf7a8ba44,NEW,,0
https://cafef.vn/mat-so-tiet-kiem-co-mat-luon-tien-trong-ngan-hang-188260518093428033.chn,2026-05-18 09:34:00,2026,5,2026-06-07 05:02:25.561544,9087818eec76f70f618325859e64ccbff04fa1962fb0c18ffd1c22df10ba1f98,NEW,,0
https://cafef.vn/ngan-hang-thong-bao-hinh-anh-khong-nen-luu-khong-chia-se-trong-dien-thoai-188260518065226364.chn,2026-05-18 07:43:00,2026,5,2026-06-07 05:02:25.618118,946c8c8b939ba151a376b6581b10c58cd7e7a96702b208cdb8aca7710d6735a7,NEW,,0
https://cafef.vn/thu-nhap-tu-tiep-thi-lien-ket-co-phai-tu-khai-nop-thue-188260518063551378.chn,2026-05-18 07:35:00,2026,5,2026-06-07 05:02:25.671534,4fd409686ab401df6020b702be95aa2ab966c256e769bc584297db91be60d4b8,NEW,,0
https://cafef.vn/cong-an-canh-bao-thu-doan-lua-dao-qua-mang-mua-du-lich-he-188260517205622651.chn,2026-05-17 20:58:00,2026,5,2026-06-07 05:02:40.436600,afeafc0ba8abd120092b2ad0c6625286833c2ba83ebb24634828e987ca0e2940,NEW,,0
https://cafef.vn/thay-doi-rat-lon-voi-giao-dich-chuyen-khoan-ngan-hang-tat-ca-nguoi-dan-chu-y-188260517114339107.chn,2026-05-17 13:43:00,2026,5,2026-06-07 05:02:40.487149,e8526227e7239da6412561944ccb8fe1161ef7b4843ea4bc0b023e582b071171,NEW,,0
https://cafef.vn/ngan-hang-canh-bao-tat-ca-khach-hang-nhan-duoc-thong-bao-giao-dich-chuyen-tien-bi-treo-188260517113311055.chn,2026-05-17 11:32:00,2026,5,2026-06-07 05:02:40.535577,f530904da302971556e235bc463ae3faf0461e74736c227255182d8c619e1bbb,NEW,,0
https://cafef.vn/tu-15-5-chuyen-khoan-vietcombank-co-thay-doi-quan-trong-nguoi-dung-het-suc-chu-y-188260515112606764.chn,2026-05-17 11:25:00,2026,5,2026-06-07 05:02:40.584996,12aec3a3706b2102a425974b4880e0dd3118cbb87d6e14be7466a7482e7e9c38,NEW,,0
https://cafef.vn/dau-dau-khi-mua-vang-18826051708580628.chn,2026-05-17 09:47:00,2026,5,2026-06-07 05:02:40.632000,0cd878c41bbadc529f521e0490f8f648f9c3a06f5e494d1a0ced61ac1a3b265f,NEW,,0
https://cafef.vn/vietcombank-mo-rong-thanh-toan-qr-xuyen-bien-gioi-toi-nhat-ban-va-hong-kong-trung-quoc-188260517081024975.chn,2026-05-17 08:10:00,2026,5,2026-06-07 05:02:40.679908,262f4b88ec9f928f6d3b03640e05bde0229aae159f140d927d160f15d8227a96,NEW,,0
https://cafef.vn/thi-truong-trai-phieu-doanh-nghiep-ap-luc-dao-han-phia-truoc-con-rat-lon-188260517080650017.chn,2026-05-17 08:06:00,2026,5,2026-06-07 05:02:40.730550,2b747eedb9825b171a7dc8b48910959736a532fc81ca80097977cfcb4a8cc2c3,NEW,,0
https://cafef.vn/thi-truong-tien-so-hom-nay-16-5-bitcoin-thoi-bay-hon-500-trieu-usd-cua-nha-dau-tu-18826051621302856.chn,2026-05-16 21:30:00,2026,5,2026-06-07 05:02:40.780696,464def9a9d26ed04fb597ca53974eaca81ba72dbbb945a3279aac081a2ada255,NEW,,0
https://cafef.vn/cac-giao-dich-chuyen-khoan-cua-nguoi-dan-se-bi-kiem-tra-trong-truong-hop-sau-188260516122936278.chn,2026-05-16 17:28:00,2026,5,2026-06-07 05:02:40.836061,2002d3d2a20dcc555d80659aaa37b5cf971cbe0da5beabc0a11a95ec191403ae,NEW,,0
https://cafef.vn/xo-so-mien-nam-om-ve-e-2-vo-chong-ban-ve-so-dao-trung-doc-dac-188260516171033854.chn,2026-05-16 17:10:00,2026,5,2026-06-07 05:02:40.890472,0ef436596ffafc32d0de7bdb0095c1f55c1c2b07bc31766efa21d960e49934b6,NEW,,0
https://cafef.vn/mot-ngan-hang-thay-doi-ung-dung-chuyen-khoan-khach-hang-phai-tai-app-xac-thuc-lai-cccd-so-dien-thoai-188260516104836752.chn,2026-05-16 10:48:00,2026,5,2026-06-07 05:02:40.950228,2f03111cfe09e9ad1e706e6095c10806951fc7c5aaa8faa52b7df6cbc6b18a7f,NEW,,0
https://cafef.vn/bac-si-o-ninh-binh-linh-an-vi-cho-vay-lai-nang-gap-gan-10-lan-quy-dinh-188260515190142208.chn,2026-05-15 20:00:00,2026,5,2026-06-07 05:02:41.004710,c43d19f5e05ae0e325a142c5ec28e7ef3380eda592f3a00f374a20d154a55465,NEW,,0
https://cafef.vn/nhung-con-so-gay-choang-cua-nganh-cong-nghiep-lua-dao-bo-20-usd-van-hanh-ai-bo-tui-hang-tram-ngan-usd-loi-nhuan-188260515153909786.chn,2026-05-15 17:39:00,2026,5,2026-06-07 05:02:41.052833,68d36c988a66c7005c88cf070b2f8778abcbcf12be9079146366b1bfcc123135,NEW,,0
https://cafef.vn/nghe-hieu-pc-noi-chi-voi-1-dong-prompt-nay-hacker-co-the-biet-tat-ca-ve-nan-nhan-mc-vtv-lo-so-18826051515522221.chn,2026-05-15 16:51:00,2026,5,2026-06-07 05:02:41.105981,be3cd9b404ef3c49daddb155a84ccc3431291e9cce78463eb760b502d29062ff,NEW,,0
https://cafef.vn/chi-1-nam-vn-co-4200-vu-lua-dao-online-hieu-pc-chuyen-gia-tam-ly-hoc-toi-pham-dua-ra-nguyen-nhan-gi-18826051515352729.chn,2026-05-15 15:59:00,2026,5,2026-06-07 05:02:41.153481,6136f006c1b71a3b97daeb311e5f12c86d894a823ecd69c622630bd48ebd8e84,NEW,,0
https://cafef.vn/cong-an-kiem-tra-giao-dich-chuyen-khoan-260-trieu-dong-cua-mot-khach-hang-tai-lpbank-188260515151608172.chn,2026-05-15 15:16:00,2026,5,2026-06-07 05:02:41.201858,47749d4c79209d43c3423218d6295dbd5f51a324887f9313ea5055bcc2c4b8d0,NEW,,0
https://cafef.vn/chuyen-nhu-com-bua-cua-dan-ngan-hang-9-10h-dem-van-chup-anh-check-in-o-van-phong-188260515140401083.chn,2026-05-15 15:10:00,2026,5,2026-06-07 05:02:41.250281,1e167ecbd103b7e62e709e69edc62b381683c6f0533c976342fd356fa6065ec0,NEW,,0
https://cafef.vn/cong-an-xac-minh-cac-giao-dich-chuyen-khoan-tu-5-trieu-100-trieu-1-ty-dong-cua-nhieu-nguoi-dan-188260515112804192.chn,2026-05-15 11:28:00,2026,5,2026-06-07 05:02:41.304361,b27f85dcd1643168339ae833748dff81f722d4e95acd0f8fe8b1d4c02b0c5a45,NEW,,0
https://cafef.vn/cu-ong-82-tuoi-om-gan-6-ty-dong-di-gui-ngan-hang-ta-hoa-phat-hien-toan-giay-lon-khong-gia-tri-canh-sat-pha-an-sau-5-tieng-188260515110546666.chn,2026-05-15 11:05:00,2026,5,2026-06-07 05:02:41.372789,6d3e88f8c1f75e957107784a3c01111a629b5f814810e92066678651fa760471,NEW,,0
https://cafef.vn/thong-bao-quan-trong-den-ho-kinh-doanh-doanh-thu-duoi-1-ty-nam-chua-khai-bao-tai-khoan-ngan-hang-188260515100935312.chn,2026-05-15 10:10:00,2026,5,2026-06-07 05:02:41.421186,04b5cc8aed388ffcb60382012ecfe2a7008c957b5b614b6d4b9aebc6f0347763,NEW,,0
https://cafef.vn/tu-nay-vietcombank-bidv-agribank-dong-bang-tai-khoan-tu-choi-truy-cap-tren-cac-dien-thoai-sau-188260514185234953.chn,2026-05-15 09:52:00,2026,5,2026-06-07 05:02:41.480890,4b748a7ea14110e629a7b264f90b6d56e5802aebd451a0d82af2e5904889a102,NEW,,0
https://cafef.vn/tu-15-5-thay-doi-quan-trong-khi-chuyen-khoan-qua-vietcombank-nguoi-dung-can-nam-ro-188260515094850882.chn,2026-05-15 09:49:00,2026,5,2026-06-07 05:02:41.536305,376018c213714411cbbf2369902b4d42e413e414a26e0be3ae7ce64ff19355f0,NEW,,0
https://cafef.vn/vi-sao-cung-gui-tiet-kiem-o-mot-ngan-hang-nhung-khach-hang-duoc-cac-muc-lai-suat-khac-nhau-188260515094422265.chn,2026-05-15 09:44:00,2026,5,2026-06-07 05:02:41.585734,d7f730f85696c0ef876a19b8fef66278f4cb376d26a73cd872b00623b40f80d6,NEW,,0
https://cafef.vn/truong-hop-bi-phong-toa-tai-khoan-ngan-hang-phat-toi-500-trieu-khi-nhan-va-chuyen-tien-188260514214743724.chn,2026-05-15 07:23:00,2026,5,2026-06-07 05:02:41.642832,77a6e7c5fdd93140f0cb79c52704bdb78c5670434b4e72a3420bea89518256e5,NEW,,0
https://cafef.vn/nguoi-tung-chuyen-tien-vao-tai-khoan-ngan-hang-sau-day-khan-truong-den-cong-an-trinh-bao-188260514213909805.chn,2026-05-15 07:22:00,2026,5,2026-06-07 05:02:41.702728,dbc14ed892280cdcf4bae78a16f1eda700028ba9839f7be5ee69b749656e0097,NEW,,0
https://cafef.vn/xu-phat-gan-370-trieu-dong-nhom-doi-tuong-ban-trai-phep-tai-khoan-ngan-hang-188260514200423635.chn,2026-05-14 20:04:00,2026,5,2026-06-07 05:02:41.792203,d83ef7a05612fe1b16f0b7054e24885631f4afa1388c51e73949632c014bd9b8,NEW,,0
https://cafef.vn/cong-ty-co-phan-thanh-toan-so-mobifone-mdp-bat-tay-mastercard-thuc-day-nen-kinh-te-so-188260514174947793.chn,2026-05-14 17:49:00,2026,5,2026-06-07 05:02:41.842468,f23c024c551b6f84c86a869e53874e26fd43067352df9b3b410d37e89b09a863,NEW,,0
https://cafef.vn/nguoi-chuyen-khoan-so-tien-qua-lon-khong-phu-hop-voi-do-tuoi-nghe-nghiep-co-the-bi-ngan-hang-dua-vao-dien-nghi-ngo-188260514170109457.chn,2026-05-14 17:02:00,2026,5,2026-06-07 05:02:41.890879,8637648c093d434ccb639b9abf102ae88a20ec2a38b05473fd5d3943e7b47281,NEW,,0
https://cafef.vn/chuyen-khoan-thanh-cong-425600000-dong-nguoi-phu-nu-lo-lang-di-trinh-bao-cong-an-nam-thanh-nien-sn-2002-duoc-moi-len-lam-viec-188260514133848682.chn,2026-05-14 16:41:00,2026,5,2026-06-07 05:02:41.938828,efffaa261a80b2a23caa5be6d67431b5ee2baac24593cea9aafeea98ae1443d6,NEW,,0
https://cafef.vn/truong-hop-nguoi-dan-phai-khoa-phong-toa-tai-khoan-ngan-hang-roi-trinh-bao-co-quan-cong-an-188260514151344316.chn,2026-05-14 15:14:00,2026,5,2026-06-07 05:02:41.990486,df90b11793222c51f91b4aa9c46eacc7a02bca972a01fd8d21f9591e289b31ee,NEW,,0
https://cafef.vn/cong-an-canh-bao-thu-doan-lua-dao-ho-tro-lay-lai-tien-bi-lua-dao-nguoi-dan-canh-giac-tranh-bi-lua-lan-2-188260513161037202.chn,2026-05-14 12:38:00,2026,5,2026-06-07 05:02:42.040210,a2eb9d37d6c1e242729f9777eec6b1e0bb70db6e95cc61a782696c52e7942673,NEW,,0
https://cafef.vn/tphcm-hang-loat-truong-hoc-phat-canh-bao-khan-mao-danh-lua-dao-188260514104647356.chn,2026-05-14 11:46:00,2026,5,2026-06-07 05:02:42.105284,7e39e2bd5968a3a4318f3be5c7b7032899d75601111c0ff11106d4a9a1ba9702,NEW,,0
https://cafef.vn/phat-sinh-giao-dich-chuyen-khoan-chua-noi-dung-hoac-ky-tu-sau-nguoi-dan-can-trinh-bao-cong-an-ngay-188260514100409519.chn,2026-05-14 10:04:00,2026,5,2026-06-07 05:02:42.175412,2c9a13b4eae459413b9fffa7786fb02bd56fec2c444a48d2804cabc39e25e0c6,NEW,,0
https://cafef.vn/bidv-co-thong-bao-quan-trong-den-tat-ca-khach-hang-dang-su-dung-tai-khoan-188260513193136227.chn,2026-05-14 09:39:00,2026,5,2026-06-07 05:02:42.224932,000dd6b803a7e86bdff97cd076d1fe348f48b2a79df126596d4fcb0533666473,NEW,,0
https://cafef.vn/giao-dich-chuyen-tien-co-the-bi-thu-phi-len-toi-1-trieu-dong-truong-hop-nao-bi-thu-phi-muc-phi-cu-the-bao-nhieu-188260513160734411.chn,2026-05-14 09:37:00,2026,5,2026-06-07 05:02:42.274637,debfdd4898506991bb10a33b59d79a40f3b0ac7dae8c14cbc44ff5670d6033ac,NEW,,0
https://cafef.vn/gia-nha-leo-thang-nam-ngoai-nguoi-dan-mat-25-nam-moi-mua-duoc-nha-sang-nam-nay-mat-30-nam-188260513173955013.chn,2026-05-13 20:39:00,2026,5,2026-06-07 05:02:42.323977,3412925f9ebea7be5e9bad1e58b8017a6dc0416d7cad80b390bfafdf4a931868,NEW,,0
https://cafef.vn/lua-dao-kiem-tien-thu-dong-qua-ai-livestream-chiem-doat-tai-san-188260513195103297.chn,2026-05-13 19:50:00,2026,5,2026-06-07 05:02:42.373096,befb575ee3484d88ec769ae52d7a376de6ae19728b0a7c1cc8616bc46571a858,NEW,,0
https://cafef.vn/tin-vui-cho-hang-trieu-nguoi-dung-tai-khoan-bidv-188260513141017146.chn,2026-05-13 16:36:00,2026,5,2026-06-07 05:02:42.421340,7e2d3434a308520276ea4ac6f7b6a4b10641b9dd8f1b11438dbabb2f648e1095,NEW,,0
https://cafef.vn/nhieu-nguoi-tre-mua-vang-du-khong-hieu-lam-nhung-van-thay-phai-mua-188260513142533614.chn,2026-05-13 16:24:00,2026,5,2026-06-07 05:02:42.476675,a1fec9d20fe6468c045dc1765287fbd56f13dac5f402c62f88744b189b2278bd,NEW,,0
https://cafef.vn/dau-tu-1-trieu-dong-thang-tu-som-40-nam-sau-con-so-co-the-len-13-ty-dong-nhung-cham-10-nam-thi-chi-la-3-ty-188260513153732838.chn,2026-05-13 15:37:00,2026,5,2026-06-07 05:02:42.562957,0318f2f0dcdf024c0d6cb8d261fae69b1a576d9296c374d58977a9f83c5b055f,NEW,,0
https://cafef.vn/mot-fintech-o-viet-nam-da-trien-khai-giai-phap-scan-to-pay-voi-15-doi-tac-vi-dien-tu-tren-toan-cau-tap-trung-o-my-han-quoc-tay-a-va-chau-au-188260513121911468.chn,2026-05-13 13:18:00,2026,5,2026-06-07 05:02:42.612260,af0f6bd074e9fa59394c977a46b0ccb714701918b6d1ab625fa83baa6fa1aed2,NEW,,0
https://cafef.vn/hon-95-ho-so-hoan-thue-tu-dong-vi-sao-tien-chua-ve-tai-khoan-18826051311575466.chn,2026-05-13 12:18:00,2026,5,2026-06-07 05:02:42.660518,8c1d3468a364fd1f0afd6c940b6ef96755866119993993acaebe9c7ab4a126f9,NEW,,0
https://cafef.vn/vietcombank-bidv-techcombank-se-thu-phi-chuyen-khoan-trong-nhung-truong-hop-sau-188260513103624095.chn,2026-05-13 10:36:00,2026,5,2026-06-07 05:02:42.709480,11bcefa39dcc170b1aea39a7fc94e996bd4010d84f6812d9c2916a4086079731,NEW,,0
https://cafef.vn/ceo-tpbank-dong-tien-lua-dao-chi-mat-40-45-giay-la-chuyen-khoi-tai-khoan-sau-vai-phut-chay-qua-ca-chuc-ngan-hang-roi-rut-ra-tien-mat-188260513073620832.chn,2026-05-13 09:05:00,2026,5,2026-06-07 05:02:42.757524,3a8d211d896898cfe25c7ecae357daa04436fc4b61cebc93742e4f89c1b3007f,NEW,,0
https://cafef.vn/muon-so-huu-ben-vung-phai-hoc-cach-bao-ve-dong-tien-188260512173159578.chn,2026-05-13 08:00:00,2026,5,2026-06-07 05:02:42.807278,85abbcf2376fbfcc7851f6046383f1ab0fcb03ce6ed53eb6baa8dc9ae61f5ce6,NEW,,0
https://cafef.vn/canh-bao-thu-doan-lua-dao-moi-nguoi-mua-bao-hiem-nhan-tho-trong-thoi-gian-nay-can-chu-y-188260512202001885.chn,2026-05-12 20:20:00,2026,5,2026-06-07 05:03:00.260081,8c6c43894710812333423e75abc690525be3c2e6b4dfe6316c07a78ce09653ad,NEW,,0
https://cafef.vn/tai-khoan-ngan-hang-da-dinh-danh-vi-sao-nan-nhan-bi-lua-dao-van-khong-doi-duoc-tien-188260512194048488.chn,2026-05-12 19:40:00,2026,5,2026-06-07 05:03:00.315096,f04af74b68eaafc2d60b34999487e4f8f4a2e5399a27022984a14c8d3d1ced68,NEW,,0
https://cafef.vn/mot-nhan-vien-ngan-hang-mat-ngu-khi-nhan-duoc-tin-trung-so-vietlott-hon-23-ti-dong-188260512145437603.chn,2026-05-12 15:52:00,2026,5,2026-06-07 05:03:00.370604,11bdd48e42973d1eaf83aa83673d1e71070a274a9305d4fdd76454c168247a5e,NEW,,0
https://cafef.vn/nguoi-quen-lien-tuc-nho-chuyen-tien-qua-hd-bank-vp-bank-co-gai-sinh-nam-2000-lap-tuc-bao-cong-an-chan-dut-duong-day-toi-pham-188260512154426135.chn,2026-05-12 15:44:00,2026,5,2026-06-07 05:03:00.501327,807afd576fe2904a6a80ceb1f017b8cfdc2fe10790f0a0748f69d6755f7edc6f,NEW,,0
https://cafef.vn/nguoi-thuong-xuyen-thuc-hien-nhung-giao-dich-chuyen-khoan-sau-co-the-duoc-ngan-hang-moi-lam-viec-vi-nghi-lien-quan-den-lua-dao-188260512150115285.chn,2026-05-12 15:01:00,2026,5,2026-06-07 05:03:00.596959,69187da84cd0d4f628ecde09d8cdf2cd1c23b14dcd9c0f0065c873a01c1c6c25,NEW,,0
https://cafef.vn/bat-giu-nguyen-thi-duong-sn-1961-thu-giu-hang-loat-to-tien-co-menh-gia-tu-1000-500000-dong-18826051213412709.chn,2026-05-12 13:41:00,2026,5,2026-06-07 05:03:00.649847,41c6d9fb33e2c7d8170ea73ac4883f46b6ca07965cc61f7405b4496c56615142,NEW,,0
https://cafef.vn/gui-tiet-kiem-online-can-luu-y-nhung-gi-188260512113721346.chn,2026-05-12 11:43:00,2026,5,2026-06-07 05:03:00.703167,dd9f64593d2d0ae5198a33675f58fa623bc89d56a8ed4a52d0e3b45a1692bd4a,NEW,,0
https://cafef.vn/cong-an-thong-bao-khan-den-nguoi-chuyen-tien-qua-vi-dien-tu-188260512112151475.chn,2026-05-12 11:21:00,2026,5,2026-06-07 05:03:00.757830,fb286c833f041c734f61b4ab8c641cb75afba9b95314b9b42eb857446a014428,NEW,,0
https://cafef.vn/se-dua-blockchain-big-data-ai-vao-hoat-dong-giam-sat-thi-truong-som-nhat-trong-quy-3-se-van-hanh-thi-truong-tai-san-ma-hoa-chinh-thuc-tai-viet-nam-188260512104430607.chn,2026-05-12 10:44:00,2026,5,2026-06-07 05:03:00.814730,54c9f60ed52aa955f1f6bded340d89c5c3307a62c85d5fde751a2d8503edb273,NEW,,0
https://cafef.vn/thu-truong-bo-cong-an-cac-phuong-thuc-lua-dao-chiem-doat-tai-san-ngay-cang-tinh-vi-co-to-chuc-su-ho-tro-cua-cong-nghe-ai-da-tao-ra-nhung-niem-tin-gia-rat-kho-nhan-dien-188260512091717501.chn,2026-05-12 09:31:00,2026,5,2026-06-07 05:03:00.871180,a9e76457af839d009476e4b5976cf13119e1044293df90ef7c88a08e68666b45,NEW,,0
https://cafef.vn/lua-dao-truc-tuyen-chuyen-dia-ban-hoat-dong-sang-indonesia-188260512082718599.chn,2026-05-12 08:59:00,2026,5,2026-06-07 05:03:00.927145,cdffab95d851f7126ba1044352d1bb0bfaff21b1629dea58f6873bedc6cb0a12,NEW,,0
https://cafef.vn/toi-11-5-gia-bac-tang-soc-bo-xa-vang-188260512075704077.chn,2026-05-12 07:56:00,2026,5,2026-06-07 05:03:00.983478,9316ea8937e201823ed745ac4d743f211bfa77fe3edc5e36bfc1021d5a36f7e0,NEW,,0
https://cafef.vn/thi-truong-tien-so-hom-nay-11-5-mot-doanh-nghiep-muon-rot-7400-ti-vao-san-ma-hoa-techcom-188260511213350243.chn,2026-05-11 21:33:00,2026,5,2026-06-07 05:03:01.040522,f466719aad344f53691319add44201602c0e3345c5a79941bc1c415f50fe16de,NEW,,0
https://cafef.vn/infographic-chuyen-doi-so-nganh-ngan-hang-nhung-con-so-an-tuong-188260511193218296.chn,2026-05-11 19:32:00,2026,5,2026-06-07 05:03:01.110464,4d2c0124b45f7bcc65cd7d58a166649897c0d963e033ddd358c9082cdefa607e,NEW,,0
https://cafef.vn/sap-toi-nganh-ngan-hang-va-a05-bo-cong-an-se-ke-hoach-moi-de-truy-vet-dong-tien-lua-dao-188260511155224735.chn,2026-05-11 15:52:00,2026,5,2026-06-07 05:03:01.171859,930d558e02995c76fbef02b0036acb929c7be327c19fdb880614a934927a261a,NEW,,0
https://cafef.vn/he-lo-thu-doan-lap-2-so-ke-toan-che-giau-doanh-thu-190-ty-dong-cua-herbitech-188260511113839687.chn,2026-05-11 11:38:00,2026,5,2026-06-07 05:03:01.229254,1a45e363ffdc72211516f958dbdfbf51ea1f4eedac0e3d2d7e343d372a4486bd,NEW,,0
https://cafef.vn/cong-an-canh-bao-khan-den-nguoi-dung-wi-fi-cong-cong-de-chuyen-khoan-18826051111204217.chn,2026-05-11 11:21:00,2026,5,2026-06-07 05:03:01.294615,096e431ceb553c1dd698358d074ecf96ac6d46cf190c33f0529137123b10db51,NEW,,0
https://cafef.vn/khanh-vy-ai-co-the-giup-quan-ly-tai-chinh-nhanh-hon-nhung-an-toan-van-phai-la-uu-tien-188260511095329443.chn,2026-05-11 09:53:00,2026,5,2026-06-07 05:03:01.360314,502f761a3d3b6868817f2fa23e10a9f87ef0b5dbfba7bafb7aa06697cd76f813,NEW,,0
https://cafef.vn/ngan-hang-khuyen-cao-lam-ngay-dieu-nay-khi-duoc-thong-bao-phong-toa-tai-khoan-188260511095151579.chn,2026-05-11 09:51:00,2026,5,2026-06-07 05:03:01.414579,762cd5730b0718faa41bfdf2091d229ce60336aeb7538bb9e670e0f27002da5f,NEW,,0
https://cafef.vn/nha-su-trung-doc-dac-xo-so-mien-nam-nhan-thuong-het-qua-chuyen-khoan-18826051107094358.chn,2026-05-11 07:09:00,2026,5,2026-06-07 05:03:01.474087,7b0100402942d79bbb96a6f41563803081b3fd643edaa54bc3b5babd8d46defb,NEW,,0
https://cafef.vn/cong-an-canh-bao-khan-toi-nguoi-mua-bao-hiem-nhan-tho-188260510190443177.chn,2026-05-10 20:17:00,2026,5,2026-06-07 05:03:01.530848,8f83041d0ef73380e5cb509bd83b30cc9b7f2397afa044d3e1eb6d64b78d2512,NEW,,0
https://cafef.vn/thi-truong-chung-khoan-tang-vi-sao-nhieu-nha-dau-tu-van-lo-188260510180310445.chn,2026-05-10 18:02:00,2026,5,2026-06-07 05:03:01.588677,6488a679e341388a0c82f3ff236ee3340dce80264532b21acd31eeb495e10f28,NEW,,0
https://cafef.vn/gia-bac-hom-nay-10-5-chot-tuan-tang-manh-co-tiep-tuc-gay-bat-ngo-188260510141102729.chn,2026-05-10 14:10:00,2026,5,2026-06-07 05:03:01.644831,0b1fd216455fe3e4d760c27460e5d0b09228ab5534b80593eaf2785c534e7f21,NEW,,0
https://cafef.vn/dau-thang-5-thi-truong-chon-loc-nguoi-mua-nha-can-tim-san-pham-vay-phu-hop-18826051013535271.chn,2026-05-10 13:53:00,2026,5,2026-06-07 05:03:01.700543,af0c9d4fd9e0e86153482ab65960afbd7aac3f66da1baea799acf9823ebd77fb,NEW,,0
https://cafef.vn/tai-khoan-agribank-bidv-mb-vietinbank-se-tru-tien-moi-thang-doi-voi-nhom-khach-hang-sau-188260510131035326.chn,2026-05-10 13:10:00,2026,5,2026-06-07 05:03:01.758550,ea61525466b64b9125e739d3a8105b53032dc15daa0141ca13a6a64550d93784,NEW,,0
https://cafef.vn/nguoi-dan-ong-chuyen-khoan-thanh-cong-350-trieu-dong-qua-agribank-roi-trinh-bao-cong-an-188260510121413892.chn,2026-05-10 12:14:00,2026,5,2026-06-07 05:03:01.815519,da6f6288a90119cb8ffe6528a53858e172d10d8fcdbbaf3cb2673d19e1176941,NEW,,0
https://cafef.vn/go-ngay-cac-ung-dung-sau-de-tranh-bi-chan-giao-dich-hoac-mat-tien-trong-tai-khoan-188260510093519777.chn,2026-05-10 09:35:00,2026,5,2026-06-07 05:03:01.872935,32200f51d6086e91e35efe622b3b5cfb7b459dde45b04499d83a688678420c0f,NEW,,0
https://cafef.vn/bi-chan-vi-yeu-cau-xac-thuc-sinh-trac-hoc-cua-nhnn-duong-day-rua-tien-chuyen-sang-dung-the-cao-dien-thoai-188260509203452748.chn,2026-05-09 20:34:00,2026,5,2026-06-07 05:03:01.930414,1fad563bc7b08357136652de2a2d25c3ad8aaea42485e75616eb6179c187b826,NEW,,0
https://cafef.vn/hoi-dong-vang-the-gioi-loi-khuyen-nao-cho-nguoi-du-dinh-vang-gia-cao-188260509202730851.chn,2026-05-09 20:27:00,2026,5,2026-06-07 05:03:01.985638,3262ce5a84a9014a4a94a4873a8ba08487e531db732190eb1e276f67ebd7d0bc,NEW,,0
https://cafef.vn/chuyen-gia-he-lo-thoi-diem-gia-vang-bung-no-188260509150717513.chn,2026-05-09 15:31:00,2026,5,2026-06-07 05:03:02.038870,2efeb12a5230341657bd96c89d52e9542715d0fdfaeafab290a690ba7f6089ea,NEW,,0
https://cafef.vn/he-luy-tu-tin-dung-den-len-loi-trong-gioi-tre-hoc-duong-de-vay-kho-thoat-188260509080606392.chn,2026-05-09 08:05:00,2026,5,2026-06-07 05:03:02.095283,c5d63b48c8416c484203518dd7d32c32e59bc46c2a873020302e4f2646e2b2ab,NEW,,0
https://cafef.vn/tai-khoan-ngu-dong-duoi-500000-dong-co-nguy-co-bi-tru-sach-tien-khach-hang-nen-biet-nhung-dieu-sau-188260509071633008.chn,2026-05-09 08:01:00,2026,5,2026-06-07 05:03:02.150518,a0868b1da5eefe8378d64805d823456cd632841c07aa342b8d3e01a3a0eccea6,NEW,,0
https://cafef.vn/hai-thanh-nien-mua-ban-tai-khoan-ngan-hang-bi-phat-2125-trieu-dong-188260508211144647.chn,2026-05-08 21:11:00,2026,5,2026-06-07 05:03:02.203579,c0b8f1f0d6ac91abd7924d8ae0e47a2dc5e4e0572f6b47ccd0a82fdbc133f677,NEW,,0
https://cafef.vn/ngan-hang-tri-tue-nhan-tao-va-tien-ma-hoa-on-dinh-dang-tai-cau-truc-nganh-tai-chinh-1882605081816331.chn,2026-05-08 18:16:00,2026,5,2026-06-07 05:03:02.259790,91d2498ba039d84199787db71f0df0995be799de8fad374476118e3eee1adbc5,NEW,,0
https://cafef.vn/cong-an-canh-bao-tai-khoan-ngan-hang-nhan-duoc-cac-khoan-tien-kem-noi-dung-sau-188260508151529179.chn,2026-05-08 15:15:00,2026,5,2026-06-07 05:03:02.314867,2f92fe9b3395577d5c23662c2f3d953375ad7c03cd8b4e1b01f477246e7c8a75,NEW,,0
https://cafef.vn/gia-bac-hom-nay-tang-vot-nhieu-nha-dau-tu-bat-ngo-18826050813371215.chn,2026-05-08 14:23:00,2026,5,2026-06-07 05:03:02.379884,9515123f0c6f318d078ec12b579c0bd75a666389ac3bb767a32af6bb25fffba6,NEW,,0
https://cafef.vn/chi-tiet-ve-phien-dau-gia-truc-tuyen-2-tui-hermes-cua-ba-truong-my-lan-188260508110214111.chn,2026-05-08 11:59:00,2026,5,2026-06-07 05:03:02.437487,8401d81ae5af88911ac77fe722333c7bdbb45ea8fbc3ad28d726454162b1de4a,NEW,,0
https://cafef.vn/cong-an-canh-bao-cac-giao-dich-chuyen-khoan-tu-vai-tram-nghin-dong-di-kem-noi-dung-nay-188260508111001135.chn,2026-05-08 11:10:00,2026,5,2026-06-07 05:03:02.493961,61c380c69f9ee25cda9ca9cd983bee9ee0ad171b7cffa67612b937e35f0d0e05,NEW,,0
https://cafef.vn/niem-tin-bao-mat-va-trai-nghiem-khach-hang-trong-ky-nguyen-ai-188260508102110683.chn,2026-05-08 10:21:00,2026,5,2026-06-07 05:03:02.548712,808a6e26cbcd84356c6f34eab144f0242a7d9f91a7361f4af71e8223995151a3,NEW,,0
https://cafef.vn/sieu-loi-suat-vib-sinh-loi-moi-ngay-den-6-nam-khong-con-ly-do-de-tien-nhan-roi-ngu-quen-188260507205830398.chn,2026-05-08 07:26:00,2026,5,2026-06-07 05:03:02.606089,dcb268b505b6b82a0b41185e640d0d5f6b34cc9b5e51235c997966c90c36aee5,NEW,,0
https://cafef.vn/bi-mat-sau-chiec-the-tin-dung-cac-ngan-hang-kiem-tien-nhu-the-nao-18826050807061853.chn,2026-05-08 07:06:00,2026,5,2026-06-07 05:03:02.658141,f0623a69df74de864b18ce08dafe6252797abf53ff115f7d3073c0b4be3f8941,NEW,,0
https://cafef.vn/chuyen-khoan-30000-dong-cho-shipper-nguoi-dan-ong-lien-nhan-thong-bao-tai-khoan-ngan-hang-se-tu-dong-tru-35-trieu-dong-thang-188260507210946312.chn,2026-05-07 21:09:00,2026,5,2026-06-07 05:03:02.715812,89b7926bd4d149bd450ddbec9992553caa096ae5df7af0518c005fd7fa5bb7f4,NEW,,0
https://cafef.vn/nhieu-ca-nhan-no-thue-tren-500-trieu-den-1589-ti-dong-188260507202412275.chn,2026-05-07 20:23:00,2026,5,2026-06-07 05:03:02.780727,ec6c0817eca4e703b315a39155078c61dbfcdb9d8ec7bdc6ca5acacb8c7e0cbd,NEW,,0
https://cafef.vn/cong-an-thong-bao-khan-denho-kinh-doanh-cai-dat-loa-chuyen-khoan-188260507170915598.chn,2026-05-07 17:10:00,2026,5,2026-06-07 05:03:02.837369,50dab293089c26707d7f7781392957f1a8e5d141bf376575fd7482b0a1303145,NEW,,0
https://cafef.vn/lien-tuc-nhan-chuyen-khoan-tu-500000-1000000-dong-tai-khoan-vietcombank-vietinbank-cua-thieu-nien-sinh-nam-2010-bi-dieu-tra-188260507170648188.chn,2026-05-07 17:07:00,2026,5,2026-06-07 05:03:02.891080,d9469a924a4cee3eacd5bcd949baf18ff2157e758cf4812197043f4e1068fd42,NEW,,0
https://cafef.vn/triet-pha-duong-day-lua-dao-xuyen-quoc-gia-chiem-doat-hon-3000-ti-dong-moi-nam-188260507150813541.chn,2026-05-07 15:57:00,2026,5,2026-06-07 05:03:23.272912,9031cf1e48f2ae3ee252c83923580a7d95e77543e3fabe5b5e41e60b0285d624,NEW,,0
https://cafef.vn/vua-chuyen-khoan-thanh-cong-500-trieu-dong-nguoi-phu-nu-sn-1979-thap-thom-khi-duoc-cong-an-lien-he-lam-viec-188260507151337786.chn,2026-05-07 15:13:00,2026,5,2026-06-07 05:03:23.334719,ea94b0bcd88910b264e5e918f9cf1b285169cb018cbd5bab05c4dae2901969a0,NEW,,0
https://cafef.vn/gia-bac-hom-nay-7-5-nhieu-nguoi-muon-cat-lo-khi-thay-gia-vuot-3-trieu-dong-luong-18826050715094184.chn,2026-05-07 15:09:00,2026,5,2026-06-07 05:03:23.386930,8aae42949333fe8032b1018a4f338ff5c75c54af2f4bf9f25d5c4819cc86e0e8,NEW,,0
https://cafef.vn/nguoi-mua-bao-hiem-nhan-tho-chu-y-cong-ty-se-khong-chi-tra-boi-thuong-trong-nhung-thoi-gian-nao-188260507145054956.chn,2026-05-07 14:50:00,2026,5,2026-06-07 05:03:23.442699,b3c953fcee4ca5357e93f890ab2cf008a421cce927a31edbe6f3900c98978d0b,NEW,,0
https://cafef.vn/nu-nguoi-mau-viet-suyt-mat-toan-bo-tien-trong-tai-khoan-ngan-hang-vi-cai-bay-tinh-vi-ai-cung-co-the-dinh-188260507141846275.chn,2026-05-07 14:18:00,2026,5,2026-06-07 05:03:23.494393,02dfbf24462abce800b10c9e8df02b24a10753ba3654d37f816fbd24b004e7cc,NEW,,0
https://cafef.vn/mot-ngan-hang-tang-manh-lai-suat-the-tin-dung-voi-can-bo-nhan-vien-len-muc-25-nam-188260507133214989.chn,2026-05-07 13:32:00,2026,5,2026-06-07 05:03:23.547421,a328973882fa29d2a3da7a174879886f7c22a27718798bdd8b457af0ad7910c3,NEW,,0
https://cafef.vn/ngan-hang-khuyen-cao-tat-ca-khach-hang-dung-tin-bat-ky-so-dien-thoai-nao-hien-thi-tren-man-hinh-188260507131954637.chn,2026-05-07 13:20:00,2026,5,2026-06-07 05:03:23.600197,b06d019c10437ec3c3ead21c13c5717faa3c6ce26836aeb88b0e489c45962c69,NEW,,0
https://cafef.vn/nhan-canh-bao-bat-thuong-tren-app-ngan-hang-hang-trieu-nguoi-kip-thoi-giu-lai-43-nghin-ty-dong-188260507111410563.chn,2026-05-07 11:15:00,2026,5,2026-06-07 05:03:23.651503,da3969b767f09abdb4c26466a0d4dcfae366262a701dbd86eb98fbd05e1053b8,NEW,,0
https://cafef.vn/sau-mot-cuoc-goi-la-tang-duy-tan-thay-doi-hoan-toan-cach-song-tren-mang-tai-san-so-mat-di-con-kho-lay-lai-hon-tien-mat-188260507082217323.chn,2026-05-07 08:22:00,2026,5,2026-06-07 05:03:23.699244,ba952d449fcd7fb75885c5d5f89a37f181fc8a3950264097d40590a3b097b969,NEW,,0
https://cafef.vn/vang-truot-doc-bai-hoc-dat-gia-cho-tam-ly-fomo-188260507065959542.chn,2026-05-07 07:37:00,2026,5,2026-06-07 05:03:23.748286,599dcc61d6161ad29c809de62243c0912f165ff7d06cac4c5b0b69bae0994899,NEW,,0
https://cafef.vn/cong-an-ha-noi-canh-bao-chieu-lua-moi-nham-vao-thong-tin-so-do-188260507073002031.chn,2026-05-07 07:30:00,2026,5,2026-06-07 05:03:23.796561,1cb4faf97299504ff9d516d5d8593604d5e0de10b6c9d42ff136073a625ea73f,NEW,,0
https://cafef.vn/nong-bo-sung-7-doi-tuong-khong-chiu-thue-gtgt-siet-dieu-kien-thanh-toan-tu-5-trieu-dong-188260506225807778.chn,2026-05-06 23:36:00,2026,5,2026-06-07 05:03:23.848624,1dd82cd0692674c75cc0618849ec134960cc36c6b3c7add76309827eca3b777d,NEW,,0
https://cafef.vn/prudential-viet-nam-vua-chuyen-hon-5100-ty-dong-ve-cong-ty-me-nop-phat-hon-135-ty-dong-tien-thue-18826050622545572.chn,2026-05-06 22:54:00,2026,5,2026-06-07 05:03:23.900161,88b00b8a7dc2b6cb4f62a3a3bf04b00159a6af5488dc5030ac54370d0e28723e,NEW,,0
https://cafef.vn/da-xac-thuc-sinh-trac-hoc-vi-sao-lua-dao-van-rut-duoc-so-tien-lon-tu-tai-khoan-nan-nhan-188260506160917319.chn,2026-05-06 16:09:00,2026,5,2026-06-07 05:03:23.952267,6274e8854de2bc29e6424609ed6b403c00e4a43060f2bb3b929f33f4f3c3363b,NEW,,0
https://cafef.vn/tai-khoan-agribank-bidv-mb-vietinbank-se-tu-dong-tru-10000-20000-dong-thang-doi-voi-nhung-khach-hang-sau-188260506102404411.chn,2026-05-06 10:23:00,2026,5,2026-06-07 05:03:24.000229,d18feec6862bfa3347810969951ae0558d30f3f9a0f68c40139b21757d988a2c,NEW,,0
https://cafef.vn/cong-an-canh-bao-thu-doan-lua-dao-hoan-toan-moi-nham-den-tai-khoan-ngan-hang-cua-nguoi-dung-viettel-vinaphone-188260506102020467.chn,2026-05-06 10:20:00,2026,5,2026-06-07 05:03:24.051964,3e00c5b57f83fff8f8366471ae1dee12ac35983e8779e9a0557d6f21c7ecb039,NEW,,0
https://cafef.vn/khi-ai-lam-gia-duoc-moi-thu-long-tin-chinh-la-mat-hang-dat-do-nhat-startup-can-chuan-bi-nhung-gi-188260506085046903.chn,2026-05-06 08:50:00,2026,5,2026-06-07 05:03:24.105376,db3af82fdbbe644e2deaab8291af0f85cbfd3d411dd9adcc878a6a9d15157ab0,NEW,,0
https://cafef.vn/truoc-10-5-nguoi-tung-chuyen-tien-vao-tai-khoan-bidv-vietcombank-duoi-day-khan-truong-den-cong-an-trinh-bao-188260505225443837.chn,2026-05-06 08:21:00,2026,5,2026-06-07 05:03:24.209828,0c39602d3c2bc5094edfd61cebbaa087a2112d0e7bc108b11f235cee0c85a8ba,NEW,,0
https://cafef.vn/kinh-nghiem-cua-nguoi-mua-vang-lau-nam-188260506071626137.chn,2026-05-06 07:16:00,2026,5,2026-06-07 05:03:24.258771,a9340e52b05c15c3adb8b929c0c5efa69686a3684a59e344817e307beaf43846,NEW,,0
https://cafef.vn/nguoi-dan-tiep-tuc-giam-rut-tien-qua-atm-188260506061728158.chn,2026-05-06 07:16:00,2026,5,2026-06-07 05:03:24.319783,e5b894cea5d464f39584ffbaa642f9189dd7cffd63ee76f5e13d4a58ebe0054c,NEW,,0
https://cafef.vn/nguoi-dan-ngay-cang-it-dung-tien-mat-so-cay-atm-giam-dan-188260505210014439.chn,2026-05-06 06:40:00,2026,5,2026-06-07 05:03:24.377040,202404f72f9ecbb6bc19301e56f022eea3c71d49406e1339eec8d56c6e625893,NEW,,0
https://cafef.vn/rut-tien-mat-53-ty-dong-nhung-tai-khoan-tru-72-ty-phat-hien-duong-day-chiem-doat-tien-the-tin-dung-188260506061550013.chn,2026-05-06 06:15:00,2026,5,2026-06-07 05:03:24.435600,3b42e1c2ea20c90793d1366d27a517fb1e3c53219eae3b3860d934d78c70ba4b,NEW,,0
https://cafef.vn/me-vua-goi-dien-bao-chuyen-khoan-thanh-cong-300-trieu-dong-con-trai-ta-hoa-goi-ngay-canh-sat-188260505162025205.chn,2026-05-05 22:19:00,2026,5,2026-06-07 05:03:24.488439,bf4bec2d53602cf4ebd775eb453a9197eff4ee496d363cbfec6a7b0ffbb4d88e,NEW,,0
https://cafef.vn/cong-an-canh-bao-thu-doan-lua-dao-chuyen-khoan-cuc-ky-tinh-vi-188260505203141993.chn,2026-05-05 20:26:00,2026,5,2026-06-07 05:03:24.536692,246afb6b070c79e7694adc479ddb2d0ee7736ad44029d7b17a42946191f0d6d2,NEW,,0
https://cafef.vn/toi-5-5-luong-giao-dich-tang-cao-techcombank-thong-bao-quan-trong-toi-nguoi-can-chuyen-tien-188260505193007986.chn,2026-05-05 19:30:00,2026,5,2026-06-07 05:03:24.596699,c612a5a8cfe3ce5a398965327e5dbd7644809ee9e843350e7f9f0fd5c2b3eeb8,NEW,,0
https://cafef.vn/ngan-hang-quan-doi-thong-bao-toi-toan-bo-khach-hang-se-thu-phi-quan-ly-tai-khoan-doi-voi-nhom-khach-hang-sau-188260505185513818.chn,2026-05-05 18:53:00,2026,5,2026-06-07 05:03:24.646469,be4e951166ed665997e6be7df8a48531bd531dc34190b845d179a5a9e9e57e36,NEW,,0
https://cafef.vn/cong-an-phat-canh-bao-toi-nguoi-mua-vang-dau-tu-tich-tru-188260505140707873.chn,2026-05-05 14:55:00,2026,5,2026-06-07 05:03:24.693870,807756f73b53426b763a8cbe03f9466655f5c1318854113b057253c907ee2641,NEW,,0
https://cafef.vn/pho-thong-doc-nhnn-pham-tien-dung-ty-le-nguoi-dan-tu-15-tuoi-tro-len-co-tai-khoan-tai-ngan-hang-da-dat-hon-889-gia-tri-ttkdtm-hien-gap-2817-lan-gdp-188260505135640399.chn,2026-05-05 13:56:00,2026,5,2026-06-07 05:03:24.745877,3386641374b11460b7206ca3ec454cfb2c8336f3fb3c12918d86eabd0139e2d9,NEW,,0
https://cafef.vn/cong-an-tim-nguoi-bi-ba-thuy-kieu-lua-dao-18826050513453129.chn,2026-05-05 13:46:00,2026,5,2026-06-07 05:03:24.805811,e4e07d6e6f648c92013d0d6d125a00b45050c7343a679f49d8167aa91a1736b8,NEW,,0
https://cafef.vn/me-vua-goi-dien-bao-chuyen-khoan-thanh-cong-300-trieu-dong-con-trai-ta-hoa-goi-ngay-canh-sat-188260504214805624.chn,2026-05-05 13:40:00,2026,5,2026-06-07 05:03:24.855726,8ca39d53c537fb84ce6da666ae1414f430ebbeffba846b43749db61b856735fc,NEW,,0
https://cafef.vn/khi-nguoi-la-hoan-hao-ra-di-tim-kiem-so-tiet-kiem-khong-nguoi-thua-ke-nhu-the-nao-188260505102733528.chn,2026-05-05 12:28:00,2026,5,2026-06-07 05:03:24.909054,f27a920ea18e638029bc9a83ccab7acf4d457ffa97a6e70823bf0d01a7232d3f,NEW,,0
https://cafef.vn/cap-nhat-9-khoan-tien-chuyen-vao-tai-khoan-ca-nhan-khong-bi-tinh-thue-nguoi-dan-can-biet-188260505110509897.chn,2026-05-05 11:04:00,2026,5,2026-06-07 05:03:24.958781,dab0803b51e480eced3298a906c2b329117833f2e0153d279fe3d94d618f081e,NEW,,0
https://cafef.vn/ngay-5-5-bac-giam-gia-bac-phu-quy-ve-duoi-76-trieu-dong-kg-188260505092835343.chn,2026-05-05 10:14:00,2026,5,2026-06-07 05:03:25.017106,de6297a43dbc782dd8b3d63317cc76f4458f1517ffbdb9e94eae9e923a01e156,NEW,,0
https://cafef.vn/sap-duoc-phat-mai-1400m2-dat-de-thu-hoi-no-xau-ngan-hang-ngo-ngang-nhieu-nguoi-la-xuat-hien-doi-chia-dat-188260505101227322.chn,2026-05-05 10:12:00,2026,5,2026-06-07 05:03:25.077127,946c47c3e8f284e3f3489d637180809cb6609d19fca32f69e1ed18bfc8ba9d38,NEW,,0
https://cafef.vn/ngan-hang-canh-bao-4-loai-anh-tuyet-doi-khong-luu-trong-dien-thoai-188260505101135637.chn,2026-05-05 10:12:00,2026,5,2026-06-07 05:03:25.148073,bd3ae6726209eacb3d66efd24bae718706796d4f636847ce0498101c3ffee31f,NEW,,0
https://cafef.vn/phong-toa-tai-khoan-ngan-hang-neu-nguoi-dung-nhan-chuyen-tien-cho-cac-giao-dich-sau-188260505082357945.chn,2026-05-05 08:23:00,2026,5,2026-06-07 05:03:25.213751,a167c83ce5e080c294e895212707fde53c2b4ab9faeffb6ca6c71e95febd8074,NEW,,0
https://cafef.vn/lien-minh-niem-tin-so-vi-sao-he-sinh-thai-tai-chinh-can-mot-la-chan-188260504222531291.chn,2026-05-05 08:00:00,2026,5,2026-06-07 05:03:25.272371,31bdcb0b52854b45e17cdb1ed088dced7d89d7915f30963392f9d99a37c693a8,NEW,,0
https://cafef.vn/canh-bao-bo-cong-cu-darksword-tan-cong-chiem-quyen-kiem-soat-thiet-bi-iphone-188260505062756898.chn,2026-05-05 06:45:00,2026,5,2026-06-07 05:03:25.327887,05fd041f196e0d772474308d08ebf82e798be02bbf27b47fd345ba9b141d7cb1,NEW,,0
https://cafef.vn/ba-cuu-can-bo-chiem-doat-so-tien-ao-tri-gia-hang-chuc-ty-cua-con-bac-188260505063013561.chn,2026-05-05 06:30:00,2026,5,2026-06-07 05:03:25.402178,14c63ee98bd67e89c74f955e12d1162effa4930c4bfc8e63ee70358a2391ed95,NEW,,0
https://cafef.vn/nhom-toi-pham-lua-dao-chiem-doat-tai-san-qua-tro-choi-dien-tu-lien-minh-huyen-thoai-18826050422442574.chn,2026-05-04 23:07:00,2026,5,2026-06-07 05:03:25.476175,45c273c3c6834af2d5753357d4fc936c0aafc2b30e8656234486b39e691e00ee,NEW,,0
https://cafef.vn/tin-tot-cho-nhieu-nguoi-mua-bao-hiem-nhan-tho-bao-hiem-benh-hiem-ngheo-188260504194908106.chn,2026-05-04 22:27:00,2026,5,2026-06-07 05:03:25.562970,22a3cce479fe4ddb5cd409b6ed50be44f85c696c8389b424e9fb2fea84aa7c97,NEW,,0
https://cafef.vn/cccd-het-han-co-chuyen-khoan-online-duoc-khong-188260504215047458.chn,2026-05-04 21:50:00,2026,5,2026-06-07 05:03:25.697268,2c249510fb5fdbbf0786cafe35bed91e0c6a254b7e21807201d919326b11e430,NEW,,0
https://cafef.vn/thi-truong-tien-so-hom-nay-4-5-bitcoin-vua-gay-chu-y-trong-gioi-dau-tu-188260504213409596.chn,2026-05-04 21:48:00,2026,5,2026-06-07 05:03:25.814462,8ae314633bd01ead821b775024bd3b43ef496777269099f2d2992ddb708b1134,NEW,,0
https://cafef.vn/prudential-viet-nam-khang-dinh-khong-lien-quan-den-vu-viec-prudential-life-insurance-tai-nhat-ban-188260504213114924.chn,2026-05-04 21:31:00,2026,5,2026-06-07 05:03:25.877076,0b151d3d5b63562b51bac8237689b95167fbae11e65ccf52120668588361a191,NEW,,0
https://cafef.vn/dung-tai-khoan-chinh-chu-thanh-toan-bi-tu-choi-du-con-tien-nguoi-phu-nu-den-ngan-hang-nhan-tuyen-bo-chu-tai-khoan-da-qua-doi-188260504195118315.chn,2026-05-04 19:51:00,2026,5,2026-06-07 05:03:25.945435,3fe5f874eec7c065a9604374f4eee1ddfd2c18152e747eaf8b9bd2c4a5ee20dc,NEW,,0
https://cafef.vn/so-du-tai-khoan-acb-tang-them-10-trieu-dong-dung-ngay-30-4-thanh-nien-sinh-nam-2006-phai-den-cong-an-trinh-bao-188260504163200946.chn,2026-05-04 16:32:00,2026,5,2026-06-07 05:03:47.131267,f0068ef2784fccb880a9e62edc65fb97bdc1d6e0446e8494895a890472bd755b,NEW,,0
https://cafef.vn/bitcoin-cham-muc-cao-nhat-trong-ba-thang-188260504161557567.chn,2026-05-04 16:15:00,2026,5,2026-06-07 05:03:47.197666,09e84f8ccad2d0729ce70ea77ce479a450b93dd50c203ff16a5d48eb762baaee,NEW,,0
https://cafef.vn/sau-khi-chuyen-hon-500-trieu-dong-tien-phi-tham-dinh-de-vay-10-ty-nguoi-dan-ong-den-ngan-hang-thi-duoc-bao-khong-co-ho-so-vay-nao-mang-ten-anh-18826050415473356.chn,2026-05-04 15:48:00,2026,5,2026-06-07 05:03:47.252853,91fcb1b3abdc8401e5326c830fe6c54e705b528460ba577ad60254fd6182a41b,NEW,,0
https://cafef.vn/mang-vang-gia-di-cam-co-18826050413521789.chn,2026-05-04 13:53:00,2026,5,2026-06-07 05:03:47.307042,a6e07beca58e323ad9d4eaeda3c22da9e182bad63fddd6993a7512664e20cd0c,NEW,,0
https://cafef.vn/ngay-4-5-gia-bac-giao-dich-sat-79-trieu-dong-kg-188260504094607749.chn,2026-05-04 12:35:00,2026,5,2026-06-07 05:03:47.362841,560cedca85a9b59884457b92cedf74c87d3847d3563c35c2818c3c662747167c,NEW,,0
https://cafef.vn/diem-danh-nhung-the-tin-dung-co-muc-hoan-tien-cao-nhat-hien-nay-188260504090252292.chn,2026-05-04 09:02:00,2026,5,2026-06-07 05:03:47.416380,dfd3c0ad09292112c78b8681b30d8dd6492d84bde81ea9ecde8eea1ed53e0435,NEW,,0
https://cafef.vn/tu-nay-vietcombank-chinh-thuc-ap-dung-quy-dinh-moi-3-truong-hop-bi-khoa-tai-khoan-dong-bang-giao-dich-18826050407160223.chn,2026-05-04 07:52:00,2026,5,2026-06-07 05:03:47.473941,550d64e8234ca419eb52110bf9c2d177a2987fabcaf2c7b3b1150a08ac0a2aad,NEW,,0
https://cafef.vn/ngan-hang-tang-cuong-la-chan-so-1882605040703163.chn,2026-05-04 07:03:00,2026,5,2026-06-07 05:03:47.530254,2320362d452d3192178caff268df724e2aeed8f32703214cacfc9525f05483fb,NEW,,0
https://cafef.vn/thang-5-cam-100-trieu-dong-di-gui-tiet-kiem-tai-bidv-agribank-vietinbank-tien-lai-duoc-bao-nhieu-188260503204055588.chn,2026-05-03 20:40:00,2026,5,2026-06-07 05:03:47.581916,2433f3c18ae39b77eacbfe70366978a6ae01a74881e9c025a6973c9bfd61c1e9,NEW,,0
https://cafef.vn/ly-do-cac-ngan-hang-cong-ty-chung-khoan-muon-dat-cho-o-trung-tam-tai-chinh-quoc-te-188260503182227081.chn,2026-05-03 18:22:00,2026,5,2026-06-07 05:03:47.639638,969e03e65b27e9541634c5184e1cbd77bd95eb25b2616ab2e201eacd55597468,NEW,,0
https://cafef.vn/dong-thap-cong-an-yeu-cau-2-nguoi-dan-dong-tai-khoan-ngan-hang-sau-hanh-vi-nay-188260503152914597.chn,2026-05-03 15:29:00,2026,5,2026-06-07 05:03:47.694046,11d7c1ee5c202b17d19cce8f7c3be6a6a1fd46c7dd0ad5b4b2dd482fe19e0587,NEW,,0
https://cafef.vn/loi-khuyen-cho-nguoi-nhan-duoc-tien-chuyen-khoan-nham-lam-sai-mot-buoc-tien-trong-tai-khoan-co-the-bay-sach-188260503152719512.chn,2026-05-03 15:27:00,2026,5,2026-06-07 05:03:47.748841,924ae4c4145c53c06b3cbe02303696b08634ee2f961dc5b9f6dd2cb786ce0ace,NEW,,0
https://cafef.vn/lo-nang-khong-ngo-sau-2-thang-mua-vang-188260503102419846.chn,2026-05-03 10:24:00,2026,5,2026-06-07 05:03:47.804835,0420886c82b3fccf0257b269b8000c183c0512f9d01d5578a45a879fcea5cac5,NEW,,0
https://cafef.vn/tich-thu-toan-bo-tien-neu-doi-ngoai-te-o-nhung-noi-nay-188260503095611843.chn,2026-05-03 09:56:00,2026,5,2026-06-07 05:03:47.863496,b1df35d9b54b462d9c4fbd7b0bc5744c16b1b65d4f1b721d4c5debda005a1c0e,NEW,,0
https://cafef.vn/thi-truong-tien-so-hom-nay-2-5-vi-sao-nha-dau-tu-van-de-chung-khi-bitcoin-tang-gia-188260502203722804.chn,2026-05-02 21:36:00,2026,5,2026-06-07 05:03:47.918927,178f411454f244c64f5cb96443080854a086f98c16a589b668a1bfb17ae5491a,NEW,,0
https://cafef.vn/nham-lan-dau-tu-va-luot-song-nha-dau-tu-de-chay-tai-khoan-vi-margin-188260502164810375.chn,2026-05-02 17:36:00,2026,5,2026-06-07 05:03:47.976507,b87c396d6a0695b20749eee918773ab093ee9d76bad0a2975f833aa588b3c237,NEW,,0
https://cafef.vn/khong-mang-vi-nguoi-tre-dang-thay-doi-cach-chi-tieu-nhu-the-nao-188260502164249584.chn,2026-05-02 16:42:00,2026,5,2026-06-07 05:03:48.033824,3a2301cc02ce0b42b1aabf5d69d1c476fd825236b0ecb9680097ef717fc137cb,NEW,,0
https://cafef.vn/lai-suat-tien-gui-tiet-kiem-thang-5-2026-dong-loat-ha-nhiet-188260502164039947.chn,2026-05-02 16:40:00,2026,5,2026-06-07 05:03:48.091858,9a5c287035f6fe54fade94d1e4241c26ab86d1d685677c5c71dab6c02432dd9f,NEW,,0
https://cafef.vn/gia-vang-lien-tuc-lao-doc-co-nen-dau-tu-188260502150700481.chn,2026-05-02 15:06:00,2026,5,2026-06-07 05:03:48.153997,1ae403a7aeadcadf70276e440197d4d0714ea3fa9b175395d96440daed2e05c2,NEW,,0
https://cafef.vn/bat-giu-do-ngoc-ninh-vi-cho-hoc-sinh-vay-thu-lai-5000-dong-trieu-moi-ngay-188260502092227045.chn,2026-05-02 09:22:00,2026,5,2026-06-07 05:03:48.225271,b7a3710e247d4de460429ae84ba672e02ada3f371dffb00399982eaaa6789250,NEW,,0
https://cafef.vn/agribank-canh-bao-quan-trong-ai-cung-nen-biet-de-tranh-mat-tien-trong-tai-khoan-188260502072001303.chn,2026-05-02 07:31:00,2026,5,2026-06-07 05:03:48.277536,f39010be52f63d38ec043d8d92177534e407afb32ef53c1f71bea4ddabafa5de,NEW,,0
https://cafef.vn/gia-bac-hom-nay-1-5-xuong-thap-nhat-1-thang-qua-co-nen-mua-vao-luc-nay-188260501163751368.chn,2026-05-01 16:37:00,2026,5,2026-06-07 05:03:48.334703,f13831cfb3fae3846496ca4131c0ba50d377c0c740128bf91962bce457b3fcc0,NEW,,0
https://cafef.vn/tai-khoan-da-tru-hon-500-trieu-dong-nhung-nguoi-nhan-chua-nhan-duoc-tien-tat-ca-nguoi-dung-chu-y-quy-dinh-moi-tu-hom-nay-188260501105326955.chn,2026-05-01 15:09:00,2026,5,2026-06-07 05:03:48.392230,d38a96b3f8af075841b7527dcc9b7bfec47982706c42f3e43754b48f90b051bc,NEW,,0
https://cafef.vn/cong-an-canh-bao-khan-den-ho-kinh-doanh-su-dung-loa-chuyen-khoan-18826050115073615.chn,2026-05-01 15:07:00,2026,5,2026-06-07 05:03:48.455338,deebd49c8ebdbcc79a545d1fa32691fd81812546812a53033bf847c29ae25441,NEW,,0
https://cafef.vn/nguoi-tung-gop-von-dau-tu-voi-vu-thi-mai-phuong-khan-truong-den-cong-an-trinh-bao-188260501150629604.chn,2026-05-01 15:06:00,2026,5,2026-06-07 05:03:48.514766,0c2ce8ffcc6c53c39462a3e3e7cb1dae1bcc2fc03df596fd25918cc66ea62ba2,NEW,,0
https://cafef.vn/tai-khoan-khong-bi-phong-toa-vi-sao-chuyen-tien-nhung-khong-thanh-cong-188260501084135045.chn,2026-05-01 09:40:00,2026,5,2026-06-07 05:03:48.578346,6215b5103d9215653365cf89ef8004b4975dd5fb9ded90fa69a3fd95ab863811,NEW,,0
https://cafef.vn/vi-sao-quet-the-ngan-hang-thanh-toan-dung-cho-nhung-ban-khong-duoc-hoan-tien-nhu-quang-cao-188260501084242645.chn,2026-05-01 08:42:00,2026,5,2026-06-07 05:03:48.633764,c64494d8b96b61571de4127f77a0a037580ae214bf3baa8d2834b20079ff6698,NEW,,0
https://cafef.vn/canh-bao-moi-tu-vietcombank-dong-bang-tai-khoan-ngan-hang-trong-truong-hop-sau-188260501080047295.chn,2026-05-01 08:02:00,2026,5,2026-06-07 05:03:48.691856,ddc87bebd2a615424f115828b7a05fdaa9873052580a521f7f34dac4c63e315a,NEW,,0
https://cafef.vn/hanwha-life-ra-mat-h-planner-tien-phong-ung-dung-cong-nghe-ai-nang-tam-tu-van-tai-chinh-188260430084607987.chn,2026-05-01 08:00:00,2026,5,2026-06-07 05:03:48.747800,1390bc8fc7188d2974e56373a6d13ff0bb5bd7f3b3967d3ff3db9e3bf73a5f9b,NEW,,0
https://cafef.vn/nguoi-phu-nu-duoc-huong-dan-cai-dat-loa-thanh-toan-khong-lau-sau-phat-hien-tai-khoan-bi-rut-tien-lien-luc-188260430203916483.chn,2026-04-30 20:39:00,2026,4,2026-06-07 05:03:48.805388,702309f5463baca0c3a226510bdc774ff741e25772954dfdb826d5343f72e3ad,NEW,,0
https://cafef.vn/28-tai-khoan-ngan-hang-xuat-hien-trong-duong-day-mua-ban-trai-phep-hoa-don-hon-3800-ty-dong-18826043017122503.chn,2026-04-30 20:12:00,2026,4,2026-06-07 05:03:48.862640,b839ddb744875446360464d41b6595f66a31bd7b9ec506c0bd966c8f6f7b4a2b,NEW,,0
https://cafef.vn/nang-nguong-mien-thue-len-1-ti-dong-ho-da-lo-ke-khai-nop-thue-phai-xu-ly-ra-sao-188260430100822905.chn,2026-04-30 14:08:00,2026,4,2026-06-07 05:03:48.916608,523497477ccf3078f6b557fde0104db8261873c31b7d38c83da38dc1fcf371a6,NEW,,0
https://cafef.vn/nguoi-phu-nu-tu-choi-tra-no-ngan-hang-lai-suat-29-la-qua-cao-toi-khong-he-duoc-nhan-vien-tu-van-day-du-188260430113313664.chn,2026-04-30 11:33:00,2026,4,2026-06-07 05:03:48.976388,49f238a7af85ad89a98f29b89abb60b92570d84e85e986589a6732dd1136f2df,NEW,,0
https://cafef.vn/nhung-ai-cho-thue-bat-dong-san-phai-thong-bao-tat-ca-tai-khoan-ngan-hang-sau-188260430074649136.chn,2026-04-30 08:46:00,2026,4,2026-06-07 05:03:49.037239,da1ab4b525ef7b6676761699d8fb6cd92db84ad624079ef7af997b8b986f15fb,NEW,,0
https://cafef.vn/ngan-hang-quan-doi-thong-bao-toi-tat-ca-khach-hang-canh-giac-voi-nhung-chieu-thuc-lua-dao-sau-188260430083715606.chn,2026-04-30 08:35:00,2026,4,2026-06-07 05:03:49.104892,31394ed3941b61323c8d0d1a204ae7ec2776b1d54cbe24fab920db76c0f30652,NEW,,0
https://cafef.vn/agribank-thong-bao-khan-toi-toan-bo-khach-hang-dip-nghi-le-30-4-1-5-188260430072648485.chn,2026-04-30 07:26:00,2026,4,2026-06-07 05:03:49.162071,84a9544ff8616944759fa81363685cbc04fbdc7dd421f257d5b3e027c6b88f3a,NEW,,0
https://cafef.vn/nguoi-dan-ong-o-ha-noi-duoc-chuyen-khoan-845-trieu-dong-cong-an-lap-tuc-trien-khai-cac-bien-phap-nghiep-vu-vao-cuoc-188260429152732888.chn,2026-04-29 16:15:00,2026,4,2026-06-07 05:03:49.227853,e3b496aa4041fa2084fd12da9d0a050f582e607ff84e299419fd9a68f5bfcf32,NEW,,0
https://cafef.vn/ngan-hang-nha-nuoc-yeu-cau-giam-sat-giao-dich-chuyen-khoan-cua-nguoi-dan-neu-co-dau-hieu-sau-188260429151031475.chn,2026-04-29 15:11:00,2026,4,2026-06-07 05:03:49.297009,2ade28ca2455453b16cfde72071303d4df0f6fb0383b3b48dbb4f49e8d7991e0,NEW,,0
https://cafef.vn/nang-cao-ky-nang-so-cho-khach-hang-trong-su-dung-dich-vu-ngan-hang-tren-khong-gian-mang-188260429104724762.chn,2026-04-29 11:13:00,2026,4,2026-06-07 05:03:49.360446,deb4b6034c3775dbc590d1bb77df644ec3ffea9810b0c5e77d52cb8fd5c7b637,NEW,,0
https://cafef.vn/trong-thang-5-ngan-hang-se-khoa-toan-bo-giao-dich-chuyen-khoan-nap-rut-tien-online-doi-voi-nhung-khach-hang-nay-1882604291038482.chn,2026-04-29 10:39:00,2026,4,2026-06-07 05:03:49.419097,2854f1e2405f469eaf3b5eda98177a5aa5a67be31822f5874468f4a4514d7837,NEW,,0
https://cafef.vn/tin-gia-thoi-bay-417-ty-usd-toan-cau-viet-nam-mat-8000-ty-vi-lua-dao-188260429075753944.chn,2026-04-29 07:57:00,2026,4,2026-06-07 05:03:49.479674,6bba4bfa54c69094a9d0c6f42e68dae87d7bd079351a525a5b2a6ab5884ca5d0,NEW,,0
https://cafef.vn/nen-vay-vang-trong-dan-hay-khuyen-khich-nguoi-dan-ban-vang-188260429065800163.chn,2026-04-29 07:32:00,2026,4,2026-06-07 05:03:49.539587,f270c8ca4dbd7c698231e1330573d5aca85d759002a80971ae3da7c262f9929c,NEW,,0
https://cafef.vn/no-ro-thanh-toan-xuyen-bien-gioi-188260429073035826.chn,2026-04-29 07:30:00,2026,4,2026-06-07 05:03:49.597565,9c9b4c7105d1ab4a178fc5ff4fa7b5ecb522e373c743fc37b714f796d545671f,NEW,,0
https://cafef.vn/bat-nguyen-thi-hong-tham-18-tuoi-va-7-nguoi-trong-chuyen-an-lon-dong-tien-giao-dich-hang-ty-dong-188260428152457367.chn,2026-04-28 20:24:00,2026,4,2026-06-07 05:03:49.657162,691aae120291874f9a9c7ae40be83c0e63cdcde877dc0396ce5dae5b1a1dade4,NEW,,0
https://cafef.vn/cach-phat-hanh-co-phieu-ao-chiem-doat-hon-32-ty-dong-cua-nhom-bankland-188260428193426842.chn,2026-04-28 20:12:00,2026,4,2026-06-07 05:03:49.717795,832d8eb6da367312ae9fd6e76efd86f24891550836e69c26e470ac120555a1d3,NEW,,0
https://cafef.vn/tiet-lo-bo-so-vietlott-nam-doanh-nhan-vua-trung-gan-92-ty-dong-188260428190117066.chn,2026-04-28 19:39:00,2026,4,2026-06-07 05:04:15.308482,2772fc4d32ede4e3d3381dcfd6b0b215b1fd8aba8349b2b0ec2bdd6f15e8c3af,NEW,,0
https://cafef.vn/dieu-tra-100-tai-khoan-ngan-hang-cua-8-thanh-nien-sinh-nam-2003-2004-giao-dich-bat-ke-ngay-dem-chuyen-va-nhan-hang-ty-dong-188260428164815003.chn,2026-04-28 16:48:00,2026,4,2026-06-07 05:04:15.401381,6b4ce5da3dc35e60621ea13214cb8d787389fd894faa8bcdc5b891b29921418a,NEW,,0
https://cafef.vn/truoc-ky-nghi-le-nguoi-co-the-tin-dung-can-lam-ngay-dieu-nay-de-tranh-bi-tinh-lai-mac-no-xau-188260428145936696.chn,2026-04-28 15:00:00,2026,4,2026-06-07 05:04:15.481075,acf639f2257ca8bee8f9ba6e8214602c9e656769d5990c0ef2e6c935ad7a0ea8,NEW,,0
https://cafef.vn/dinh-van-cuong-sn-1994-mang-112-chi-vang-di-ban-thu-hon-16-ty-dong-giao-dich-vua-chot-thi-chu-tiem-lang-le-bao-cong-an-188260428101210263.chn,2026-04-28 13:11:00,2026,4,2026-06-07 05:04:15.562325,ef5272e29019b68a24dbac35d64d02cd7563a0ac429ebac7da053828f803ecc7,NEW,,0
https://cafef.vn/hon-60-khoan-vay-duoc-giai-ngan-nhung-tien-khong-vao-tai-khoan-khach-hang-gan-2-ty-dong-bi-chiem-doat-188260428113205725.chn,2026-04-28 11:32:00,2026,4,2026-06-07 05:04:15.641268,579cddc5373cd0118358e728c3d9ebcaf6f70737321db757f18305dce68266b8,NEW,,0
https://cafef.vn/mau-cau-dat-gia-nen-co-trong-giay-vay-no-188260428102152638.chn,2026-04-28 10:45:00,2026,4,2026-06-07 05:04:15.742204,22b5b88a988bb852b51d798f26fac6168b52b3766f7337180c3f6fcd08f2b223,NEW,,0
https://cafef.vn/canh-giac-bay-tang-tien-qua-app-ngan-hang-chieu-cu-kich-ban-moi-cai-gia-rat-that-188260428094550534.chn,2026-04-28 10:37:00,2026,4,2026-06-07 05:04:15.829441,ba03e222f96406d7ff12c69f541fc8b0ef76198c9ed11450dd22c9b5dbef75d5,NEW,,0
https://cafef.vn/khong-tra-lai-495-trieu-dong-chuyen-khoan-nham-nguoi-dan-ong-bi-truy-na-188260427183439013.chn,2026-04-27 18:35:00,2026,4,2026-06-07 05:04:16.032322,811763d3ac64de159d7cec0303efc5dbc073bde09c5147ac6d55c4a2783888b2,NEW,,0
https://cafef.vn/co-gai-sinh-nam-2003-phai-lam-viec-voi-cong-an-sau-khi-chuyen-khoan-nhan-tien-chua-noi-dung-nay-188260427162302152.chn,2026-04-27 16:22:00,2026,4,2026-06-07 05:04:16.249503,9967ccbd0ec91cb395d3d86d8282152a626480ab40be346db31eb9625fbef5d4,NEW,,0
https://cafef.vn/nhan-duoc-to-tien-500-nghin-dong-co-nhung-dau-hieu-nay-nguoi-dan-phai-lap-tuc-bao-cong-an-188260427155001519.chn,2026-04-27 15:49:00,2026,4,2026-06-07 05:04:16.397782,92bd1c2fe6618a0490566c29b2544300a459a52fd836648cd27792aeded6aa59,NEW,,0
https://cafef.vn/hiem-hoa-tu-viec-mua-ban-cho-thue-tai-khoan-ngan-hang-188260427114429855.chn,2026-04-27 12:34:00,2026,4,2026-06-07 05:04:16.526355,9dcac9e1541b2a5c8d892feb695720031b3f9c671a2a69e7d8b2b4b4e4ac5583,NEW,,0
https://cafef.vn/tpbank-canh-bao-lam-dieu-nay-khien-nhieu-nguoi-bi-chiem-quyen-dien-thoai-va-mat-sach-tien-trong-tai-khoan-18826042711252621.chn,2026-04-27 11:34:00,2026,4,2026-06-07 05:04:16.639352,6b088d26bd43d7df1b8f6f1cbec044037c662ab53dea33a38fcb5b9574ad7da3,NEW,,0
https://cafef.vn/nha-dau-tu-lo-gan-6-trieu-dong-moi-luong-sau-mot-tuan-mua-vang-188260427102420308.chn,2026-04-27 10:40:00,2026,4,2026-06-07 05:04:16.725474,dde5fd27ec69604e8ac72325ca02c7157d14bf70a4bb8387655b7ef76e703325,NEW,,0
https://cafef.vn/cong-nghe-dang-tai-dinh-hinh-nganh-bao-hiem-2026-nhu-the-nao-188260427081353452.chn,2026-04-27 09:13:00,2026,4,2026-06-07 05:04:16.813508,73b9e09cb4cea56bfc1e3edb1088a4d4d26f4ec254441c709687667c41c901ec,NEW,,0
https://cafef.vn/4-so-dien-thoai-ma-ai-dung-vietcombank-deu-phai-canh-giac-188260427070615509.chn,2026-04-27 07:34:00,2026,4,2026-06-07 05:04:16.918555,380ef5543f79bc2c3a946542e2d843374925c9513691869297d048e38d43f582,NEW,,0
https://cafef.vn/mb-co-canh-bao-moi-den-hang-trieu-khach-hang-188260426210026866.chn,2026-04-27 00:04:00,2026,4,2026-06-07 05:04:17.012059,89d845f516eaf5304bce6b65806080949a118adf5eb1fdd0502911bd5ebb9910,NEW,,0
https://cafef.vn/tu-1-5-them-mot-ngan-hang-dung-tinh-nang-chuyen-khoan-nhanh-doi-voi-khoan-tien-tren-500-trieu-dong-188260426205923915.chn,2026-04-26 20:59:00,2026,4,2026-06-07 05:04:17.098947,b005569dccaaa0e038da0ccafc1c305ec9852ffc1f6f79f3fca74efca3299ea9,NEW,,0
https://cafef.vn/phong-toa-tai-khoan-ngan-hang-neu-nhan-va-chuyen-tien-cho-cac-giao-dich-sau-188260426195449907.chn,2026-04-26 19:54:00,2026,4,2026-06-07 05:04:17.180369,823663f1fb64dedc3c176628b8182d935eccf9b1bbe1d063a1f81a5e6952e5bb,NEW,,0
https://cafef.vn/nguoi-dan-duoc-thong-bao-nhan-qua-179000-dong-dip-30-4-cong-an-canh-bao-khan-188260426094351383.chn,2026-04-26 09:43:00,2026,4,2026-06-07 05:04:17.260258,dfd675c3aaec664b2ff05c8922fdd365d904fc0199993ebb48458c0b97049491,NEW,,0
https://cafef.vn/lan-ranh-ve-so-ao-trang-tay-that-188260425100615065.chn,2026-04-26 07:59:00,2026,4,2026-06-07 05:04:17.351424,25a6ddbd6c783ea810b03197142e68a2d3880a94b99b7e14aa896a3a1b8fe86f,NEW,,0
https://cafef.vn/vi-sao-khong-nen-de-lo-luong-cho-dong-nghiep-188260426071708216.chn,2026-04-26 07:16:00,2026,4,2026-06-07 05:04:17.445748,6d1c0337fe8430eedfd8512992994292459eb22063c3cfe0394a64ed49a9cefe,NEW,,0
https://cafef.vn/vpbank-co-thong-bao-quan-trong-188260426071445825.chn,2026-04-26 07:14:00,2026,4,2026-06-07 05:04:17.561013,618f2258091d41dae02b647772360d0d2ca5a0cbede16eca59a41d813f49144e,NEW,,0
https://cafef.vn/nguoi-tung-chuyen-khoan-vao-cac-tai-khoan-vietcombank-bidv-duoi-day-khan-truong-trinh-bao-cong-an-truoc-ngay-10-5-188260425143809113.chn,2026-04-25 14:38:00,2026,4,2026-06-07 05:04:17.645925,806d561ff97e078d9d79073f4cf477a85af35c3dda265becd32be4b1df998364,NEW,,0
https://cafef.vn/nguoi-mua-vang-dip-than-tai-dang-lo-nang-18826042513503656.chn,2026-04-25 13:50:00,2026,4,2026-06-07 05:04:17.732491,2c9a77ff707dd1750e86e6f67d0023ed2535d0f00a2a6922c57a5d92fc021589,NEW,,0
https://cafef.vn/tu-nay-vietcombank-vietinbank-agribank-ngung-toan-bo-giao-dich-chuyen-nhan-tien-doi-voi-truong-hop-sau-18826042507401832.chn,2026-04-25 07:41:00,2026,4,2026-06-07 05:04:17.816716,5197d985b59b44297e4ab90f06517e4a55178196341d9958cb876ffa023c410d,NEW,,0
https://cafef.vn/dot-ngot-mat-song-nhieu-tai-khoan-ngan-hang-bi-kiem-soat-trong-am-tham-phat-hien-hon-23-ty-dong-bi-chiem-doat-188260424172214999.chn,2026-04-24 18:39:00,2026,4,2026-06-07 05:04:17.899076,79f6c929973b01ca8efe7f64bc4bb59dda9a81b79852ca2c6bda164e093a1a34,NEW,,0
https://cafef.vn/cong-an-dieu-tra-tai-khoan-ngan-hang-cua-11-nguoi-sinh-nam-1990-1993-1997-188260424150356469.chn,2026-04-24 15:03:00,2026,4,2026-06-07 05:04:17.989518,047512be7464ffaac2e311bfca9f9b73ab8a68cd6333b7fec0cf250c9482edad,NEW,,0
https://cafef.vn/ngan-hang-nha-nuoc-yeu-cau-chan-chinh-toan-dien-cong-tac-thanh-toan-188260424142443139.chn,2026-04-24 14:57:00,2026,4,2026-06-07 05:04:18.072466,9f22dddcceef9a3667a0fc2b8c6071b64cddc88f03eea73f654fb8e8034256b9,NEW,,0
https://cafef.vn/bao-ve-va-tich-luy-ben-vung-tu-nhung-buoc-di-don-gian-hang-ngay-188260424124736186.chn,2026-04-24 13:30:00,2026,4,2026-06-07 05:04:18.151896,bb0552a96e788aa85d83fccf11c23e4c24e468fd45cbc638694bcaef0b6445d9,NEW,,0
https://cafef.vn/nguyen-van-duong-sn-2001-dung-8-tai-khoan-ngan-hang-kiem-14-ty-trong-1-thang-cong-an-lap-tuc-bat-giu-18826042410591248.chn,2026-04-24 11:13:00,2026,4,2026-06-07 05:04:18.240250,7b76b85376c3f33068f066a1c343135662584c8b55f07f25d2679bcee29ac933,NEW,,0
https://cafef.vn/bat-tam-giam-nguoi-phu-nu-tron-thue-hon-86-ti-dong-188260424094147284.chn,2026-04-24 10:06:00,2026,4,2026-06-07 05:04:18.323960,99d2701ae5400a00d72c10cb8640a3a6543620a2c33e93372feaf962099c51e6,NEW,,0
https://cafef.vn/tu-nay-phong-toa-tai-khoan-de-vay-tien-o-noi-khac-mot-ngan-hang-se-thu-phi-500-nghin-dong-188260424071155742.chn,2026-04-24 07:11:00,2026,4,2026-06-07 05:04:18.405498,dfde005bafcc5192cc9438ab550bfe9295c23654780458655cc6a414e3b05630,NEW,,0
https://cafef.vn/chiem-doat-98-ty-dong-cua-376-bi-hai-trum-san-tien-ao-linh-an-24-nam-tu-188260423145329418.chn,2026-04-24 06:35:00,2026,4,2026-06-07 05:04:18.487264,57e7e110e1f23c440a74e4d29637fce185da5b63be8e61aeaf3cf92f2374f8c5,NEW,,0
https://cafef.vn/trung-xo-so-tu-5-trieu-dong-co-the-nhan-thuong-bang-tien-mat-hay-khong-18826042322045722.chn,2026-04-23 22:04:00,2026,4,2026-06-07 05:04:18.570487,95003723f92e3bf0aa8a04cb983333581886a4eb61d8a868ee40a1163ee15309,NEW,,0
https://cafef.vn/mb-tam-dung-de-nang-cap-tinh-nang-mat-tien-mb-den-188260423193207199.chn,2026-04-23 19:31:00,2026,4,2026-06-07 05:04:18.631832,94d880af21d36ab03d2b2020342117e481a4aab761c5997b67b513b6373d38f6,NEW,,0
https://cafef.vn/bidv-vietcombank-techcombank-acb-thong-bao-lich-nghi-le-gio-to-hung-vuong-va-30-4-1-5-khach-hang-can-luu-y-gi-khi-giao-dich-18826042317165353.chn,2026-04-23 19:15:00,2026,4,2026-06-07 05:04:18.694847,1d85fb7a44b19dab6b987e48f7bea000d71d973e5fb7d2ae30d24eeb44826bc9,NEW,,0
https://cafef.vn/nguoi-mua-ban-vang-se-bi-phat-nang-neu-thuc-hien-hanh-vi-sau-188260423165100682.chn,2026-04-23 16:48:00,2026,4,2026-06-07 05:04:18.766415,bfccfb0153ffe2bc1757446483fc0b107339441711643d78b6f0ffd9536f5b89,NEW,,0
https://cafef.vn/napas-se-mo-rong-mang-luoi-ket-noi-thanh-toan-qr-voi-nhieu-quoc-gia-188260423153022083.chn,2026-04-23 16:30:00,2026,4,2026-06-07 05:04:18.828607,1bb96d61bd62a51db24683cfb3c24b5cd94bf1e2827579d14b013aafb5691f95,NEW,,0
https://cafef.vn/ngan-hang-se-ngung-giao-dich-dong-tai-khoan-vinh-vien-doi-voi-6-nhom-khach-hang-sau-188260423150717529.chn,2026-04-23 15:07:00,2026,4,2026-06-07 05:04:18.896586,ff70bfdcd654e137f71269031556db97871e1a051f21f05bb3036aabe27e2769,NEW,,0
https://cafef.vn/vietcombank-se-ngung-cung-cap-dich-vu-cho-cac-khach-hang-thuoc-truong-hop-sau-188260423144840603.chn,2026-04-23 14:48:00,2026,4,2026-06-07 05:04:18.960517,95e03bd620327ff579fd004b834a6fcf1c19e714cd465e86f66688dded84c1f0,NEW,,0
https://cafef.vn/cong-an-canh-bao-cuoc-goi-dau-so-809-829-849-188260423122829383.chn,2026-04-23 12:29:00,2026,4,2026-06-07 05:04:19.021971,ba60d9dad978d176bf520ab7af0b0ec8da8a073f9029e85a2f832c90793450a3,NEW,,0
https://cafef.vn/chinh-thuc-ra-mat-dich-vu-thanh-toan-qr-xuyen-bien-gioi-viet-nam-han-quoc-tu-hom-nay-23-4-nguoi-dung-de-dang-thanh-toan-bang-qr-xoa-bo-rao-can-tien-te-ty-gia-188260423121513744.chn,2026-04-23 12:15:00,2026,4,2026-06-07 05:04:19.096182,6e30942e881b22d70a5c70c2bf92bcfb00d54c3f2c2aa2564588c1430270f3bb,NEW,,0
https://cafef.vn/co-dong-noi-app-ngan-hang-shb-con-it-tinh-nang-muon-bo-sung-xac-thuc-tai-khoan-qua-vneid-chu-tich-do-quang-hien-phan-hoi-188260423105034641.chn,2026-04-23 10:51:00,2026,4,2026-06-07 05:04:19.155693,a48548cab49f43d30318f0d2b301dafaa15465d43829165e8b55321628e81839,NEW,,0
https://cafef.vn/sacombank-se-tam-dung-hang-loat-giao-dich-trong-khoang-thoi-gian-sau-188260423105004441.chn,2026-04-23 10:49:00,2026,4,2026-06-07 05:04:19.218089,0b9f43c44f45410e1d24975b293bde93ffee03b52a80a069b25eb0d81f0a10f8,NEW,,0
https://cafef.vn/thong-bao-quan-trong-tu-bidv-chuyen-tien-toi-da-499999999-dong-188260423091046326.chn,2026-04-23 09:10:00,2026,4,2026-06-07 05:04:19.278106,14eaa56b75bff78f32175a6534a3adafaa26257fb66e31f06fd00b8a18ac818f,NEW,,0
https://cafef.vn/bao-cao-tai-chinh-nha-nuoc-gom-nhung-noi-dung-gi-188260423062640764.chn,2026-04-23 06:26:00,2026,4,2026-06-07 05:04:45.497290,ffbf249b49a8cd26ec67806b6fe070f4ad9482b1e4bd7714d6e092848cc03fea,NEW,,0
https://cafef.vn/vi-sao-nhieu-nguoi-mua-trang-suc-mong-nhe-188260422230744704.chn,2026-04-23 06:06:00,2026,4,2026-06-07 05:04:45.625501,ff7de1680552b8579a20acae21f3ae5338d0c74f6d0fcedeba083aefe0969e9a,NEW,,0
https://cafef.vn/bidv-vietcombank-agribank-dung-giao-dich-chuyen-tien-nhanh-voi-truong-hop-sau-18826042222153019.chn,2026-04-22 23:03:00,2026,4,2026-06-07 05:04:45.748495,6f4422b51853307cc58971287ee7918d157a794897aa8ad3255f54628a038e86,NEW,,0
https://cafef.vn/pha-duong-day-lua-dao-livestream-keo-von-chiem-doat-nhieu-ti-dong-188260422194015739.chn,2026-04-22 19:40:00,2026,4,2026-06-07 05:04:45.830184,611eeb852f669eaee012d38e39d84e091b4b40ec7572e298799b8bfdbfd26429,NEW,,0
https://cafef.vn/mot-nguoi-phu-nu-64-tuoi-suyt-mat-5000-usd-vi-tin-loi-nguoi-yeu-qua-mang-188260422175042937.chn,2026-04-22 18:32:00,2026,4,2026-06-07 05:04:45.889215,da2f8ace3d25b4dcb6a025fa19d12c0924c3e7d3e306e50476335f4e75cd923c,NEW,,0
https://cafef.vn/gia-bac-hom-nay-22-4-du-bao-bac-co-the-len-90-usd-ounce-188260422141609122.chn,2026-04-22 17:42:00,2026,4,2026-06-07 05:04:45.947887,c69d96e0ca07eae1b2c5058498865fbc82557e80793ba0d96a44d862720482ba,NEW,,0
https://cafef.vn/pho-thong-doc-nhnn-bidv-se-la-ngan-hang-dau-tien-lam-duoc-dieu-nay-18826042213482627.chn,2026-04-22 13:48:00,2026,4,2026-06-07 05:04:46.005961,545da66188228f282617ead4b672efc8a5f76a79b437aef3fa3063d8ecf0109e,NEW,,0
https://cafef.vn/cong-an-kiem-tra-giao-dich-chuyen-khoan-745-trieu-dong-vao-tai-khoan-vietcombank-voi-noi-dung-mua-vang-188260422111746792.chn,2026-04-22 11:18:00,2026,4,2026-06-07 05:04:46.063203,2b28ef37c0bdb0a837bc355e281b59639187acb588e62c4f19dfefcfc24f4426,NEW,,0
https://cafef.vn/pho-thong-doc-nhnn-pham-tien-dung-khi-khach-hang-mo-tai-khoan-thong-qua-vneid-ngan-hang-co-the-lap-tuc-tai-su-dung-nhung-du-lieu-do-188260422102057878.chn,2026-04-22 10:21:00,2026,4,2026-06-07 05:04:46.119526,820296732e15a8a19f0a2ef89ff65378181435679d6f3ecf6a264372954ae046,NEW,,0
https://cafef.vn/loi-khuyen-cho-nguoi-vua-mua-vang-188260422065329637.chn,2026-04-22 06:53:00,2026,4,2026-06-07 05:04:46.178926,442a66ba80baad3e988da0d02a3d83fb4e54a2404422df47f3eff82709baf46b,NEW,,0
https://cafef.vn/phat-hien-nhieu-giao-dich-bat-thuong-duoi-100-trieu-dong-thang-duoi-400-trieu-dong-lan-188260422061912273.chn,2026-04-22 06:19:00,2026,4,2026-06-07 05:04:46.236622,4bea6f7068baceaf61b05a70631020d68f0eca84f75d1222796117b4e6aafe58,NEW,,0
https://cafef.vn/co-3-can-nha-tai-san-hon-40-ty-nguoi-dan-ong-43-tuoi-muon-nghi-huu-som-chuyen-gia-canh-bao-rui-ro-ket-dong-tien-1882604212045472.chn,2026-04-22 06:00:00,2026,4,2026-06-07 05:04:46.293901,89ed4f24ef2298207e2cfe935b98e445991d340aaf1f20a9321772bdc265c0de,NEW,,0
https://cafef.vn/nguoi-mua-ban-ngoai-te-se-bi-tich-thu-so-tien-neu-thuc-hien-hanh-vi-sau-188260421185410976.chn,2026-04-21 20:00:00,2026,4,2026-06-07 05:04:46.353625,0459ed0d9112f75d62b848596204420f5a23ef84a61a2c2f19d5ae0afe8f0a1f,NEW,,0
https://cafef.vn/loi-khuyen-toi-nguoi-muon-gui-tiet-kiem-ngan-hang-lai-suat-cao-1882604211501146.chn,2026-04-21 19:55:00,2026,4,2026-06-07 05:04:46.408867,400ad5116b1b4bcc260b40cb6e1ae897ae07c8281150e4264549a3a5b8f852fa,NEW,,0
https://cafef.vn/tien-cho-ban-be-vay-sao-doi-lai-ma-van-giu-duoc-moi-quan-he-188260421143754598.chn,2026-04-21 19:00:00,2026,4,2026-06-07 05:04:46.464696,0445c792378df5cf17705c34f57f4529c6e1759256d3e74fdd66c5e656cd88c8,NEW,,0
https://cafef.vn/cong-an-canh-bao-khan-ve-so-tai-khoan-100256947-tai-eximbank-mot-nguoi-dan-ong-mat-hon-180-trieu-sau-khi-chuyen-tien-188260421152839302.chn,2026-04-21 16:26:00,2026,4,2026-06-07 05:04:46.527313,6dcfbb99edeab7e64b4b996d69afa29b7a4f5fb1226f01256075c1d4badb27c8,NEW,,0
https://cafef.vn/cong-ty-bao-hiem-khuyen-cao-nguoi-mua-loai-bao-hiem-nay-kiem-tra-lai-ngay-hop-dong-18826042114414126.chn,2026-04-21 14:41:00,2026,4,2026-06-07 05:04:46.600572,6fae0238ae214b765b1e1547596e22e7a4b4b71ce766eeb4cb93e4cd453c52fb,NEW,,0
https://cafef.vn/phong-toa-tai-khoan-vinh-vien-neu-rut-tien-mat-trong-truong-hop-sau-188260421094717204.chn,2026-04-21 09:47:00,2026,4,2026-06-07 05:04:46.658491,7507d038883f33a7d4bc3ca2cbe1a0044fa4bb51eb6ac93f32f89df859f6ee4f,NEW,,0
https://cafef.vn/truong-hop-chuyen-tien-chuyen-khoan-co-thay-doi-lon-ma-hang-trieu-nguoi-can-biet-188260421092115181.chn,2026-04-21 09:22:00,2026,4,2026-06-07 05:04:46.732679,da1b23cfa0bf6c83bd6188706596f3c092fcd977e363a7ff358bf55c00ad30d6,NEW,,0
https://cafef.vn/11-nguoi-lien-quan-trang-ca-cuoc-truc-tuyen-qq88-bi-khoi-to-188260421070244103.chn,2026-04-21 07:02:00,2026,4,2026-06-07 05:04:46.794976,fed3da0fa212fb30516cbb7195b690e5e113715b884b56fa8b7ff8b990134915,NEW,,0
https://cafef.vn/thi-truong-tien-so-hom-nay-20-4-bitcoin-dung-truoc-thoi-khac-then-chot-188260420215027933.chn,2026-04-20 21:54:00,2026,4,2026-06-07 05:04:46.860839,7ac6ade420149c62088fc63edb670fc1dd72d898256d00a25f05eed33a959eda,NEW,,0
https://cafef.vn/cong-an-canh-bao-cai-dat-ung-dung-nay-co-the-bi-rut-het-tien-trong-tai-khoan-ngan-hang-188260420172000993.chn,2026-04-20 21:00:00,2026,4,2026-06-07 05:04:46.920295,c897d3a70b368d97c19b06b27400ad5ddeb51440d1cf00436353f879e05e97b4,NEW,,0
https://cafef.vn/chi-con-4-tieng-nua-cac-ho-kinh-doanh-thuc-hien-ngay-thao-tac-nay-tren-etax-mobile-188260420205512989.chn,2026-04-20 20:55:00,2026,4,2026-06-07 05:04:46.993235,ae39636d2555cc0c5b5c53cbf16857c5171401446b8a7471737b79d12c46a497,NEW,,0
https://cafef.vn/vietcombank-bidv-agribank-vietinbank-dung-giao-dich-chuyen-khoan-nhanh-24-7-doi-voi-truong-hop-nay-188260420203302255.chn,2026-04-20 20:32:00,2026,4,2026-06-07 05:04:47.050769,0ef596489062a1021a305bb9ba6eaf339eebad107aa720d654bfa9387a176e4d,NEW,,0
https://cafef.vn/ngan-hang-nha-nuoc-canh-bao-thu-doan-lua-dao-moi-nhat-lien-quan-du-lieu-sinh-trac-hoc-188260420200728924.chn,2026-04-20 20:06:00,2026,4,2026-06-07 05:04:47.108208,56ffcad273856030da6c2f3338bebd993b4385e0eb5fb9c5058cda894b9f3048,NEW,,0
https://cafef.vn/loi-khuyen-cho-nguoi-dung-the-tin-dung-co-tinh-nang-hoan-tien-188260420200207034.chn,2026-04-20 20:01:00,2026,4,2026-06-07 05:04:47.165824,e85239b2a45e00acf9cdfa11e5e7b3fa5b62ebcc60678320434cd23fe34ffbef,NEW,,0
https://cafef.vn/chot-loi-vang-thanh-cong-o-dinh-toi-dem-toan-bo-gui-tiet-kiem-thang-nhan-gan-15-trieu-dong-tien-lai-188260420175346035.chn,2026-04-20 19:27:00,2026,4,2026-06-07 05:04:47.234524,18bfba3cae542fa17794a0298a77ec97ae79652f695cb2ec281eb533011e5c59,NEW,,0
https://cafef.vn/tuong-sai-noi-dung-chuyen-khoan-nen-chuyen-tien-nhieu-lan-bi-chiem-doat-183-trieu-dong-188260420181106088.chn,2026-04-20 19:10:00,2026,4,2026-06-07 05:04:47.360333,2ba0eeae573b884bda04bb835de344eeaac4447a7ebc297aac57c51ab54e9005,NEW,,0
https://cafef.vn/agribank-phat-thong-bao-toi-toan-bo-khach-hang-nguoi-chuan-bi-chuyen-khoan-nhan-tien-trong-thoi-gian-nay-chu-y-188260420180119942.chn,2026-04-20 19:00:00,2026,4,2026-06-07 05:04:47.418463,082ac1863caa6f02e8a0f66a1a9398bde5914ba1d7f5fc1a021eaa79b5b9e0fa,NEW,,0
https://cafef.vn/dai-dien-vietcombank-ke-chuyen-nghe-thu-hoi-no-tung-bi-khach-hang-cam-dao-rua-chan-cong-khong-cho-ke-bien-tai-san-cach-hoa-giai-sau-do-gay-bat-ngo-18826042015402893.chn,2026-04-20 16:35:00,2026,4,2026-06-07 05:04:47.474974,8ec7d6f59e1f1decee506ee2b7aeda2d5d0b09236d4d1c01985c30f8fb2c5a06,NEW,,0
https://cafef.vn/han-chot-ho-kinh-doanh-phai-thong-bao-so-tai-khoan-vi-dien-tu-188260420142829991.chn,2026-04-20 15:27:00,2026,4,2026-06-07 05:04:47.532984,eec77d8b09ff4744c491f6dcfe50e1078f77830f23c87c49f4d0c8a49d40e36e,NEW,,0
https://cafef.vn/gia-bac-hom-nay-len-cao-nhat-5-tuan-188260420140932139.chn,2026-04-20 14:09:00,2026,4,2026-06-07 05:04:47.593713,d07a7eb54ef7f23beb137281ba9f5b797684bc1e0a24f061592e3ca064278e50,NEW,,0
https://cafef.vn/vi-sao-bi-loi-tien-khong-vao-tai-khoan-khi-nop-tien-qua-atm-188260420103859047.chn,2026-04-20 11:38:00,2026,4,2026-06-07 05:04:47.659557,d854fd390f4b5f0c459f29f139215b8bc4eb7b111d45efe839ce6adb65e64315,NEW,,0
https://cafef.vn/gia-vang-trong-nuoc-giam-theo-the-gioi-cong-ty-sjc-tiep-tuc-khoa-kenh-giao-dich-online-188260420100208411.chn,2026-04-20 10:58:00,2026,4,2026-06-07 05:04:47.717231,489ba7f23f32d4464c1c9d193a6ef67641abf8d83340ace51892694ab3e7aa7b,NEW,,0
https://cafef.vn/tang-toc-thi-diem-thi-truong-tai-san-ma-hoa-188260420072909706.chn,2026-04-20 07:28:53,2026,4,2026-06-07 05:04:47.774073,ab87674f9737025a6e9cfb709db8818a5618932dc5eaddcf483c89aa695f33f4,NEW,,0
https://cafef.vn/mot-ngan-hang-lui-lich-hoan-tien-the-tin-dung-khach-co-the-phai-cho-den-30-4-18826041920144779.chn,2026-04-19 20:14:00,2026,4,2026-06-07 05:04:47.832715,0df0575a7f04466af41e8a1587064637c0375abef136f972ca8f4509fb8738e3,NEW,,0
https://cafef.vn/tra-ho-so-vu-mr-pips-lua-dao-hon-1300-ti-dong-188260419191910372.chn,2026-04-19 19:20:00,2026,4,2026-06-07 05:04:47.890887,027452d9e984ad4f7fdc1f5e472cd4600b3cd0df4933c77a911d085764ff4b68,NEW,,0
https://cafef.vn/doi-chieu-sinh-trac-hoc-tung-giao-dich-ngan-chan-gian-lan-bao-ve-khach-hang-188260419093518202.chn,2026-04-19 09:56:00,2026,4,2026-06-07 05:04:47.951992,47513c5e6cff535bf3fa34d146b76ff3654fa26718be4c96b5da1e53ee7680b4,NEW,,0
https://cafef.vn/hieu-dung-ve-quy-dinh-chia-tach-lenh-thanh-toan-tu-500-trieu-dong-tro-len-188260419093734737.chn,2026-04-19 09:37:00,2026,4,2026-06-07 05:04:48.011087,3a920876624c2d66a5ca097d4467479226b2008cc7d1e15b296f826a7af69693,NEW,,0
https://cafef.vn/ly-do-vang-van-co-cho-dung-trong-danh-muc-dau-tu-bat-chap-bat-on-gia-188260419093015495.chn,2026-04-19 09:30:00,2026,4,2026-06-07 05:04:48.068793,75f55db97d912ac357e27eabd1932c23de022f05d7cd70b70b620517d44becc8,NEW,,0
https://cafef.vn/chan-ai-lua-dao-tren-thiet-bi-di-dong-188260419080142814.chn,2026-04-19 08:01:00,2026,4,2026-06-07 05:04:48.125971,09b62e621ad411076576c8b95c76a33cab0e583da3b980e0d858664688e5862b,NEW,,0
https://cafef.vn/agribank-bidv-acb-thong-bao-quan-trong-ve-giao-dich-chuyen-tien-18826041821060126.chn,2026-04-18 23:09:00,2026,4,2026-06-07 05:04:48.184258,4df3b64167443eb7e8a4f907df058cd2bc4c0cecd11d9eccac4aad54ce7e97b7,NEW,,0
https://cafef.vn/cu-ong-di-rut-tien-thi-phat-hien-12-ty-dong-trong-tai-khoan-da-am-tham-bi-chuyen-di-cong-an-lap-tuc-vao-cuoc-dieu-tra-188260418201330689.chn,2026-04-18 21:06:00,2026,4,2026-06-07 05:04:48.243367,cf47159150715781b7d7e1cf371f9be1b99427401845cbd41921381d291d497b,NEW,,0
https://cafef.vn/tu-21-4-chuyen-khoan-tu-500-trieu-dong-co-the-mat-toi-1-ngay-de-hoan-tat-188260418143707376.chn,2026-04-18 14:36:00,2026,4,2026-06-07 05:04:48.301921,8316209200bee15a5c80b4dce527c970f2942b6635cfa41a07d94cd77541cf6b,NEW,,0
https://cafef.vn/dung-chuyen-khoan-nhanh-tu-500-trieu-dong-ngan-hang-nha-nuoc-noi-gi-188260418132511413.chn,2026-04-18 13:40:00,2026,4,2026-06-07 05:04:48.358668,ed1eb6c9baf9130d911fbd7963333164aff13fdd525948488ddb1a2c34be749a,NEW,,0
https://cafef.vn/quyet-toan-thue-thu-nhap-ca-nhan-lam-gi-de-khong-bi-phat-188260418132743164.chn,2026-04-18 13:27:00,2026,4,2026-06-07 05:05:16.749808,a920cbc34401a0d01852f6e5669459029af810b659cc95986edc3225162d2b7a,NEW,,0
https://cafef.vn/cuc-thue-hoa-toc-yeu-cau-thu-hoi-thong-bao-ho-kinh-doanh-duoi-500-trieu-dong-ngung-su-dung-hoa-don-188260417212509589.chn,2026-04-17 21:42:00,2026,4,2026-06-07 05:05:16.807094,437525ce678c2af9c09c2fd2650714b30e6b19f7c9ec3531a9cffe68025ed2ee,NEW,,0
https://cafef.vn/chieu-su-dung-hinh-anh-chuyen-tien-de-lua-dao-o-trung-tam-tphcm-188260417204208671.chn,2026-04-17 20:41:00,2026,4,2026-06-07 05:05:16.866003,495fbdf466f84306e22511553440fa9695496cc004be51be1c4c3968779f10c7,NEW,,0
https://cafef.vn/nguoi-co-tai-khoan-tai-bidv-acb-chu-y-thong-bao-moi-18826041714535423.chn,2026-04-17 15:53:00,2026,4,2026-06-07 05:05:16.921438,e0d38b9e3bc7979b15198db547f2bc438e3748f5282310ab0a8e661d865cacbb,NEW,,0
https://cafef.vn/hai-so-ke-toan-chieu-tro-cu-rui-ro-moi-trong-thoi-dai-so-188260417141255848.chn,2026-04-17 14:12:00,2026,4,2026-06-07 05:05:16.984867,1f76e497bac412ff0b633ed30b88a45493a051cc76364bd914eb779842a497b6,NEW,,0
https://cafef.vn/tu-nay-chuyen-khoan-tu-500-trieu-dong-co-the-mat-tu-vai-tieng-den-24-gio-lam-viec-188260417100731297.chn,2026-04-17 10:59:00,2026,4,2026-06-07 05:05:17.048502,f8bf716b8ac419c38ef8a37a5ca36995f2fdd1ba0f58aa14694c203c05714c18,NEW,,0
https://cafef.vn/cong-an-ha-noi-canh-bao-khan-den-nguoi-co-ho-chieu-188260417100542893.chn,2026-04-17 10:06:00,2026,4,2026-06-07 05:05:17.104574,597a1a860a699bdd19e59b1b773cc44a4dbde0f69b30bf856d46bb8850cb040c,NEW,,0
https://cafef.vn/san-sang-nhan-luc-cho-trung-tam-tai-chinh-quoc-te-188260417071806691.chn,2026-04-17 07:17:00,2026,4,2026-06-07 05:05:17.162828,6927b667b60daa5f9f2e68931eff0c3ca8cd69764a7972090606ce225f204cbe,NEW,,0
https://cafef.vn/mot-phu-nu-o-ha-noi-bi-lua-82-ty-dong-khi-dau-tu-vang-truc-tuyen-188260417064515965.chn,2026-04-17 06:45:00,2026,4,2026-06-07 05:05:17.220478,2e3fb82bfc613e8ec66f0b66ac1cecc7a54eadef2302f3b8e5065678553530da,NEW,,0
https://cafef.vn/mot-khach-hang-tai-nghe-an-trung-vietlott-gan-15-ty-dong-188260416182105594.chn,2026-04-16 22:00:00,2026,4,2026-06-07 05:05:17.279650,2dcd9eaf39df7cd9572c95435468adc0fce2c6cf6df12fac87ba4ed731705e6f,NEW,,0
https://cafef.vn/cong-an-tim-nguoi-lien-he-vay-tien-thong-qua-nhom-le-minh-hoang-nguyen-thanh-cong-pham-tuan-anh-188260416192052366.chn,2026-04-16 20:20:00,2026,4,2026-06-07 05:05:17.338668,d378fb519568d8afcd1b1080764a94b7d861138fd13807ad5c1790bf0c769f52,NEW,,0
https://cafef.vn/sau-5-ngay-nua-khach-hang-chuyen-khoan-tu-500-trieu-dong-tai-ngan-hang-nay-can-chu-y-188260416155442754.chn,2026-04-16 16:54:00,2026,4,2026-06-07 05:05:17.395263,1a73665a73b2d942b9cacf8104eb7d941a465085c55340c6dda04668cf4c55db,NEW,,0
https://cafef.vn/tai-khoan-acb-phat-sinh-giao-dich-164-ty-dong-cong-an-lap-tuc-moi-co-gai-sinh-nam-2004-len-lam-viec-188260416142540503.chn,2026-04-16 14:26:00,2026,4,2026-06-07 05:05:17.453862,e91643f191877cd76aa34262252a8be7b7e52def26def23802b8cba7aaf0f7d9,NEW,,0
https://cafef.vn/gia-bac-hom-nay-16-4-nhieu-nguoi-bat-ngo-voi-da-tang-cua-bac-188260416103715744.chn,2026-04-16 11:54:00,2026,4,2026-06-07 05:05:17.510488,d1dd418a05de749d92d8e053c02e2a303166cb2062bf4ae738a807a8de259be7,NEW,,0
https://cafef.vn/chuyen-gia-thue-co-khuyen-cao-den-ho-kinh-doanh-nhan-tien-mat-tu-khach-hang-188260416111909204.chn,2026-04-16 11:19:00,2026,4,2026-06-07 05:05:17.567307,5a020e687b3e2b6aad4282b237820010f1568275e32570b1f9fb5eec3fb8cf44,NEW,,0
https://cafef.vn/dieu-kien-vao-phong-cho-san-bay-rieng-cua-vietcombank-vpbank-hay-shb-de-nhat-hien-nay-1882604161038512.chn,2026-04-16 10:38:00,2026,4,2026-06-07 05:05:17.624219,834493242ff571eaf9d7171a0d293526a1eea235a911444cc6609da9b23d1541,NEW,,0
https://cafef.vn/bi-phat-vi-chuyen-cuoc-goi-doi-no-sang-duong-day-nong-cong-an-18826041609523594.chn,2026-04-16 09:52:00,2026,4,2026-06-07 05:05:17.680278,1dffe1404cd6b8cdf29d15774074feabb9156dd3ab96e872b7adc814c33c7a93,NEW,,0
https://cafef.vn/nam-2026-vietcombank-vietinbank-agribank-bidv-dong-bang-tai-khoan-ngan-hang-ngung-giao-dich-voi-cac-tai-khoan-sau-188260416071436947.chn,2026-04-16 07:38:00,2026,4,2026-06-07 05:05:17.738002,f208ed293a78fb8a8775f4ab40afe31a00307a70df89390168c99b8412df0a77,NEW,,0
https://cafef.vn/tao-lenh-chuyen-tien-thanh-cong-gia-lua-dao-chiem-doat-hon-2-ty-dong-188260415104411779.chn,2026-04-15 17:06:00,2026,4,2026-06-07 05:05:17.809771,ab79e2c522aecdc4f562a622080c897dae2c1692ae5d5969381982a128a7d001,NEW,,0
https://cafef.vn/nguoi-dan-tang-cuong-gui-tiet-kiem-ngan-hang-188260415153822834.chn,2026-04-15 16:37:00,2026,4,2026-06-07 05:05:17.875937,aa2cd14354c646683e0bd32ec338049bc3cf3c2d7c6c711048b8f94f78aa8c73,NEW,,0
https://cafef.vn/cuoc-goi-hien-thi-dung-ten-dung-so-trong-danh-ba-ngan-hang-van-khuyen-ngat-may-ngay-neu-co-dau-hieu-nay-188260415150112689.chn,2026-04-15 15:01:00,2026,4,2026-06-07 05:05:17.931129,6f5a2ed63edd2f0e948d5889ca04595d6d00867d731823cd66d0cac26b2a690d,NEW,,0
https://cafef.vn/xuat-hien-cuoc-goi-thong-bao-khoa-cccd-han-che-giao-dich-ngan-hang-cong-an-canh-bao-khan-18826041510405112.chn,2026-04-15 10:41:00,2026,4,2026-06-07 05:05:17.991511,3a355f712599da989b366c5ab72fc21706560d84da6a9377588cb416a5ef0be4,NEW,,0
https://cafef.vn/gia-bac-tang-manh-hon-vang-188260415102445916.chn,2026-04-15 10:24:00,2026,4,2026-06-07 05:05:18.049801,8eba9a3217daf426c0c354429a5ddc3c2a8b56737ab7ddd964aa0afed58969f6,NEW,,0
https://cafef.vn/bidv-vietcombank-agribank-phat-hien-loat-giao-dich-dang-ngo-18826041509361189.chn,2026-04-15 09:36:00,2026,4,2026-06-07 05:05:18.117148,437a4e4535e3c642c852aabd7c565128227b33338e889f8fc12d167fbaef7b7b,NEW,,0
https://cafef.vn/ngan-hang-quan-doi-mb-vua-dieu-chinh-lai-suat-ky-han-nao-co-lai-suat-cao-nhat-188260415072646558.chn,2026-04-15 07:26:00,2026,4,2026-06-07 05:05:18.174618,d07523af4464ea10250a06876da079cd4bde3d89a7ccb8a3aa6e374847d9d782,NEW,,0
https://cafef.vn/okx-va-vpbank-ky-thoa-thuan-hop-tac-chien-luoc-phat-trien-hop-tac-trong-linh-vuc-tai-san-so-va-ung-dung-cong-nghe-blockchain-188260414183615183.chn,2026-04-14 19:32:00,2026,4,2026-06-07 05:05:18.232366,c32e0023a1ce7f79758bb12c6d23233bdab212f429cbfc61be39e3f3c29d8c4d,NEW,,0
https://cafef.vn/tai-khoan-ngan-hang-tu-cong-them-71-trieu-dong-co-gai-sinh-nam-2007-phai-den-cong-an-trinh-bao-188260414152828613.chn,2026-04-14 15:29:00,2026,4,2026-06-07 05:05:18.291222,42efba8069568dcb09d7140c995108c36c54ca98dd11b80660c3ca95ff7bc444,NEW,,0
https://cafef.vn/nguoi-co-khoan-no-qua-han-tai-mb-chu-y-188260414143030616.chn,2026-04-14 14:30:00,2026,4,2026-06-07 05:05:18.349754,370c035925b3dbd496d7906b6da9a532475755a2a44fd42849d18e383408b4b0,NEW,,0
https://cafef.vn/gia-vang-dao-chieu-mua-o-dau-re-nhat-ban-o-dau-hoi-nhat-hom-nay-188260414120806394.chn,2026-04-14 12:08:00,2026,4,2026-06-07 05:05:18.409126,17ad75b361f834b4c9b91d9bf4d18b78964409267215c291370c6487920856a4,NEW,,0
https://cafef.vn/nhom-lua-dao-chiem-doat-15-ti-dong-cua-5000-nguoi-188260414110423735.chn,2026-04-14 12:02:00,2026,4,2026-06-07 05:05:18.499277,2295bae79642f70d7b8c8f1a2bfff1ad4ceaf1b0b4b629cec2304d69f5936706,NEW,,0
https://cafef.vn/tu-nam-2026-vietcombank-vietinbank-agribank-tam-ngung-toan-bo-giao-dich-rut-chuyen-tien-doi-voi-truong-hop-sau-188260414111719737.chn,2026-04-14 11:40:00,2026,4,2026-06-07 05:05:18.590341,da7a705d4d5725d41e259240c8c34413be374f1ca0af6c1d280402523e77bf44,NEW,,0
https://cafef.vn/canh-bao-mat-quyen-su-dung-tai-khoan-neu-nhan-tien-chuyen-tien-tu-nhung-giao-dich-nay-188260414101531644.chn,2026-04-14 10:15:00,2026,4,2026-06-07 05:05:18.683534,cd31acd0e1e226f7c459e383b31cce016a77b7530299156a854d4dd08cbd58cc,NEW,,0
https://cafef.vn/hon-688000-tai-khoan-vi-dien-tu-the-ngan-hang-co-dau-hieu-rui-ro-giao-dich-188260414092136724.chn,2026-04-14 09:21:00,2026,4,2026-06-07 05:05:18.739922,c75227720d3277ef8c420acd279914aa28af44400843d9a2d9e2931f53c9e5de,NEW,,0
https://cafef.vn/agribank-chan-hon-91000-giao-dich-chuyen-tien-bat-thuong-188260413134435773.chn,2026-04-13 14:31:00,2026,4,2026-06-07 05:05:18.795577,be806432f585b1aa0c5bcbf4ecc5fc766df35468111c442e72721b97ea0da9a9,NEW,,0
https://cafef.vn/hang-trieu-ho-kinh-doanh-chu-y-cach-khai-bao-tai-khoan-ngan-hang-voi-co-quan-thue-nhanh-nhat-188260413102814824.chn,2026-04-13 11:27:00,2026,4,2026-06-07 05:05:18.857594,cf0722f9a9fba216f04d3c5625654ba7e1229f1d6198ba07f16daa67f62e7d80,NEW,,0
https://cafef.vn/truong-hop-bi-phong-toa-tai-khoan-ngan-hang-theo-quy-dinh-nguoi-dung-can-biet-188260413095327975.chn,2026-04-13 09:53:00,2026,4,2026-06-07 05:05:18.924055,73f5bc711c7505199954e28d005ebb0e95ed1609e3869384544e48997c128d0d,NEW,,0
https://cafef.vn/vi-sao-khi-ket-thuc-hop-dong-bao-hiem-nhieu-nguoi-chi-nhan-ve-mot-phan-nho-so-tien-da-dong-188260413094707737.chn,2026-04-13 09:46:00,2026,4,2026-06-07 05:05:18.981726,cd19da886d2c1ecab90c5a1be891529fdd99192ea0f88d8222bbab5901aabede,NEW,,0
https://cafef.vn/vietcombank-canh-bao-ung-dung-chua-ma-doc-lay-sach-tien-trong-tai-khoan-ngan-hang-188260413083043629.chn,2026-04-13 08:30:00,2026,4,2026-06-07 05:05:19.040355,335862c40402c1deb0fa4d16f2b87959418aa05d4078dd5cb2db713dab9983bd,NEW,,0
https://cafef.vn/cong-an-noi-ve-cach-ke-xau-co-the-chiem-quyen-su-dung-tai-khoan-mang-xa-hoi-trong-thoi-gian-dai-188260412224313975.chn,2026-04-12 22:43:00,2026,4,2026-06-07 05:05:19.100095,406248d906fd1e0686a8eded3f6fa361b175b14e02fa1708d1ff193e0f6dd455,NEW,,0
https://cafef.vn/truy-to-nhom-dieu-hanh-bankland-lua-gan-500-ty-dong-cua-hon-5300-bi-hai-18826041220335819.chn,2026-04-12 20:33:00,2026,4,2026-06-07 05:05:19.175042,06d970b953395d3f8056e9201b472cbdcc8497e58a9c486391d1d992d8c34e99,NEW,,0
https://cafef.vn/tin-vui-cho-khach-hang-agribank-188260412155248546.chn,2026-04-12 15:52:00,2026,4,2026-06-07 05:05:19.236914,b2606a9fc1f78409d4d3e7bf17e49fe41a35795d8d7dc4d0aaa857dc8ffc2d23,NEW,,0
https://cafef.vn/du-bao-moi-nhat-ve-gia-bac-ancarat-phu-quy-sbj-tuan-toi-188260412154020342.chn,2026-04-12 15:40:00,2026,4,2026-06-07 05:05:19.298193,f17d6045feba11dc086b82ea23bc8e4ffe3c3146cf61c52068fcfbc25080582e,NEW,,0
https://cafef.vn/tai-khoan-ngan-hang-mb-bong-nhien-nhan-duoc-1-ty-dong-tu-tai-khoan-mang-ten-nguyen-viet-bac-188260412102534676.chn,2026-04-12 10:23:00,2026,4,2026-06-07 05:05:19.356109,6ccea00e7ea0959340145f9d999b5c964a44848bced8611060f15fab885167ff,NEW,,0
https://cafef.vn/nhung-chieu-tro-dang-sau-cu-sap-cua-onus-188260412075457538.chn,2026-04-12 07:54:00,2026,4,2026-06-07 05:05:19.416843,2b80221f2057667b583af4da09b1fb529092873097792dc45b833f4485185c72,NEW,,0
https://cafef.vn/chia-nho-khoan-chi-duoi-5-trieu-de-ne-chuyen-khoan-co-quan-thue-canh-bao-188260411192321592.chn,2026-04-11 19:23:00,2026,4,2026-06-07 05:05:19.477507,0a8b49d9019825ab66916bc384773eb13e36cc484f15ce0f44badd0d5c3a2ee5,NEW,,0
https://cafef.vn/vi-sao-y-tuong-gap-doi-tai-khoan-sau-10-nam-tu-lai-kep-gui-tiet-kiem-la-rat-kho-188260411131238097.chn,2026-04-11 14:11:00,2026,4,2026-06-07 05:05:50.117676,3835cec2fbb277c83ce06d366e7422f782ff1de6e29a495f72aecc1ba0794a7f,NEW,,0
https://cafef.vn/khach-hang-cua-vietcombank-co-the-thanh-toan-bang-ma-qr-tai-hon-50-quoc-gia-va-vung-lanh-tho-188260411133018273.chn,2026-04-11 13:30:00,2026,4,2026-06-07 05:05:50.174872,d472ecc1ad8b63936ce829bc9fc235209242087359a5f1f039fca5a687ded8e7,NEW,,0
https://cafef.vn/cong-an-trieu-tap-do-tien-xuan-phat-hien-tai-khoan-phat-sinh-hang-chuc-nghin-giao-dich-trong-thoi-gian-ngan-18826041112355782.chn,2026-04-11 12:35:00,2026,4,2026-06-07 05:05:50.230666,dfa0d9930275dc7a6ea79d7b76ab801bbfdc2f362dcb56c664212fcea2e72d16,NEW,,0
https://cafef.vn/tra-tien-mat-thay-cho-vang-theo-gia-luc-vay-muon-duoc-khong-188260411101331232.chn,2026-04-11 10:13:00,2026,4,2026-06-07 05:05:50.287108,29e938c41ffabd129a3e347753a46d6c4e29a49fff081bac6ddf0d97edfdd245,NEW,,0
https://cafef.vn/nhan-vien-nhap-sai-1-chu-so-chuyen-khoan-540-trieu-cua-khach-vao-mot-tai-khoan-da-bi-phong-toa-ngan-hang-xu-ly-the-nao-188260410210854348.chn,2026-04-10 21:08:00,2026,4,2026-06-07 05:05:50.345714,544282221ae1c1f4f8f931316cf15fc7e90a0e7e5df97d63e2c207dd53d8e330,NEW,,0
https://cafef.vn/nguoi-dung-tai-khoan-vietcombank-bidv-agribank-vietinbank-chu-y-go-ngay-tinh-nang-nay-de-tiep-tuc-giao-dich-188260410210519993.chn,2026-04-10 21:05:00,2026,4,2026-06-07 05:05:50.402421,5333f28b980a16e911959d32025fe2dcccb9ff710cc4431460a4ce58c5829897,NEW,,0
https://cafef.vn/bat-tam-giam-phan-gia-huy-sau-giao-dich-499999999-dong-188260410133923512.chn,2026-04-10 13:39:00,2026,4,2026-06-07 05:05:50.460089,d6828b6b303dcd69b5d1b224ea48903ddc76c4b12ef57bd359e6a3fb3d540568,NEW,,0
https://cafef.vn/nguoi-mua-vang-nho-ky-dieu-sau-188260410092040076.chn,2026-04-10 09:21:00,2026,4,2026-06-07 05:05:50.516630,35ca042f3064194d91df979e4f6543e0dafd048827cd43f93d3a7c72eddec70a,NEW,,0
https://cafef.vn/nhan-duoc-so-tien-lon-nghi-la-chuyen-khoan-nham-chu-tai-khoan-can-lam-gi-188260410065811416.chn,2026-04-10 08:59:00,2026,4,2026-06-07 05:05:50.575417,9f342b56662685d2da9a80e124142dbb66f5dc88abacb1aaf79f050badd873db,NEW,,0
https://cafef.vn/techcombank-canh-bao-den-nguoi-nhan-duoc-tin-nhan-nay-188260410065923604.chn,2026-04-10 08:25:00,2026,4,2026-06-07 05:05:50.633579,353c1823b7fa37207f3c271e710f6b129c0f931bef3c39ee89ace98db8f70052,NEW,,0
https://cafef.vn/app-vay-tien-khi-doi-no-tro-thanh-toi-pham-va-cach-thoat-bay-188260410063949882.chn,2026-04-10 06:39:00,2026,4,2026-06-07 05:05:50.732238,987cf5062438cfb00a87433403c284f4d175e3a51d6a4cade326309ae616cb8a,NEW,,0
https://cafef.vn/tai-khoan-ngan-hang-mb-mo-truc-tuyen-nhung-khong-su-dung-dot-ngot-nhan-duoc-400-trieu-dong-188260409200658659.chn,2026-04-09 21:43:00,2026,4,2026-06-07 05:05:50.788149,010da794c0e2a1dedd4b74b73d9cf2a1435d8a156c6ce0f76c7a8258bb542b7f,NEW,,0
https://cafef.vn/ngan-hang-khuyen-cao-nguoi-gui-tien-khong-quet-nhung-ma-qr-nay-188260409155515533.chn,2026-04-09 15:55:00,2026,4,2026-06-07 05:05:50.843791,1e82b4e62fb46f5e2107bdcccfe67f8ae937748af8b8e939812b70358c8db656,NEW,,0
https://cafef.vn/cua-hang-dong-cua-nhung-tien-van-chay-vao-tai-khoan-giao-dich-toi-22-ty-dong-trong-10-ngay-canh-sat-vao-cuoc-chu-ho-kinh-doanh-9x-vuong-lao-ly-188260409100031287.chn,2026-04-09 10:00:00,2026,4,2026-06-07 05:05:50.898650,1a38ae2a92b16a14516068b86f873dd3c011d429a8fa9a39f31356cd3421cd4b,NEW,,0
https://cafef.vn/khach-hang-vpbank-chu-y-lich-giao-dich-tai-quay-vua-thay-doi-tu-thang-4-2026-188260409095523366.chn,2026-04-09 09:55:00,2026,4,2026-06-07 05:05:50.954808,131a8b00bee788571c421a029c0f04006e286ae9e99dbe270903c984dfcb7908,NEW,,0
https://cafef.vn/cong-an-canh-bao-cam-tuyet-doi-lam-dieu-sau-voi-tai-khoan-ngan-hang-188260408203158249.chn,2026-04-08 20:36:00,2026,4,2026-06-07 05:05:51.053508,91b1a0e4aec2768e592593b16fe975eca27e641d493c50b1a39eae00a4941454,NEW,,0
https://cafef.vn/mot-khach-hang-tai-acb-nhan-gan-10-trieu-dong-vao-tai-khoan-khong-lau-sau-duoc-cong-an-moi-lam-viec-188260408171138407.chn,2026-04-08 17:11:00,2026,4,2026-06-07 05:05:51.115310,81c69870b20dbb1024e8e2890176be2b8f93cb40cf4d229f2248f6f32f024224,NEW,,0
https://cafef.vn/ngan-hang-canh-bao-nhung-thong-tin-nguoi-dung-tuyet-doi-khong-duoc-de-lo-keo-mat-tien-trong-tai-khoan-188260408094502113.chn,2026-04-08 10:44:00,2026,4,2026-06-07 05:05:51.230552,8fe0b35be1bfec6ea25a391ded8871cbcfc1e73986bf2c500bc3c76e2dad2a1e,NEW,,0
https://cafef.vn/lai-suat-cho-vay-mua-nha-tiep-tuc-tang-chuyen-gia-tu-van-gi-188260408095631094.chn,2026-04-08 09:56:00,2026,4,2026-06-07 05:05:51.341486,432b376b6b7d5435c42dfcdbc56faef01797126f682f1765f05ee63d6ce5fad5,NEW,,0
https://cafef.vn/tai-khoan-nhan-hon-266-trieu-chuyen-khoan-nham-nguoi-dan-ong-trung-quoc-duoc-toa-an-phan-khong-phai-tra-lai-188260408093607825.chn,2026-04-08 09:35:00,2026,4,2026-06-07 05:05:51.426951,2204c23be12cca87d8ceec575ab7a2ee918e67ab2cc52508ecb51d737b46deaf,NEW,,0
https://cafef.vn/xuat-hien-nhom-doi-tuong-tap-trung-nguoi-dan-tai-hoi-truong-nha-van-hoa-de-mo-tai-khoan-ngan-hang-cong-an-phat-canh-bao-18826040721541119.chn,2026-04-07 21:52:00,2026,4,2026-06-07 05:05:51.490587,e8c58eb621c1e42cb9da20406f0764603c3af9c849490047fbe3cf165ac34dab,NEW,,0
https://cafef.vn/cong-an-thong-bao-nguoi-dung-ngan-hang-neu-tai-khoan-nhan-tien-co-noi-dung-sau-188260407211850896.chn,2026-04-07 21:30:00,2026,4,2026-06-07 05:05:51.555056,8a7aab3abfdd6a4cbfda0ba799ac22426728f93c64dfad818273508a129cde67,NEW,,0
https://cafef.vn/nhan-vien-ngan-hang-dua-nhau-mo-tai-khoan-cho-ho-kinh-doanh-188260407170811609.chn,2026-04-07 18:07:00,2026,4,2026-06-07 05:05:51.611644,2a8480dd7d95f6e1b5a4f51be4655f47bdfab2b9174b963c4fd9af51f5175dc2,NEW,,0
https://cafef.vn/gioi-tre-dang-chi-tieu-the-nao-de-song-dang-gia-hon-18826040710594137.chn,2026-04-07 11:58:00,2026,4,2026-06-07 05:05:51.671783,f2f247c93d2952cfb4ced3fb9bf09ebcb7cdc48b9c62276174daa7d2ec482ace,NEW,,0
https://cafef.vn/phong-toa-tai-khoan-ngan-hang-neu-nguoi-dung-nhan-chuyen-tien-co-noi-dung-sau-188260407092225885.chn,2026-04-07 09:28:00,2026,4,2026-06-07 05:05:51.733261,ddbfdb6ed81809c34bcacc6f90605c113675ca6574d35b77a7886ee5ce2430fe,NEW,,0
https://cafef.vn/bidv-canh-bao-phat-den-100-trieu-dong-neu-cho-muon-thong-tin-mo-tai-khoan-ngan-hang-188260407090651919.chn,2026-04-07 09:06:00,2026,4,2026-06-07 05:05:51.790236,8d3d91121ab0cb1b19dbba5ba8608303a511a473364274f07a74ab23439b6410,NEW,,0
https://cafef.vn/thay-doi-han-muc-rut-tien-va-chuyen-khoan-cho-hang-trieu-khach-hang-agribank-188260407072752953.chn,2026-04-07 07:36:00,2026,4,2026-06-07 05:05:51.846529,348baed8df9de68d0dd2fd79b5c725a6da342f658930602d7d2024da649ad69b,NEW,,0
https://cafef.vn/co-phieu-bao-hiem-kem-tich-cuc-188260406222128768.chn,2026-04-06 22:21:00,2026,4,2026-06-07 05:05:51.905917,dec1d6a2cf1ed1c5931004875b580615487e2e4f14f2d2878af7259094ccf372,NEW,,0
https://cafef.vn/phong-toa-tai-khoan-ngan-hang-tham-chi-tich-thu-toan-bo-tien-neu-nguoi-dung-co-hanh-vi-nay-188260406151223042.chn,2026-04-06 15:12:00,2026,4,2026-06-07 05:05:51.966510,16ab74c0713b7b14627f93b24ea40c8f032894606b66e16f1969dd0bf2973a45,NEW,,0
https://cafef.vn/sau-khi-chuyen-khoan-thanh-cong-103-trieu-dong-co-gai-sinh-nam-2005-phai-den-cong-an-trinh-bao-18826040615095366.chn,2026-04-06 15:10:00,2026,4,2026-06-07 05:05:52.023198,eb2a6bf5a7d98a6f61378dc7946ccfeadbd799e223d5491cef2ae388bb5e270c,NEW,,0
https://cafef.vn/tai-khoan-bui-anh-quan-bong-dung-nhan-200-trieu-dong-luc-16h22-ngan-hang-sacombank-lap-tuc-nho-cong-an-phoi-hop-moi-nguoi-dan-ong-sn-1984-len-lam-viec-188260406145259904.chn,2026-04-06 14:55:00,2026,4,2026-06-07 05:05:52.110466,a7f1021fc42697e23ca6bf61b4614f8acdaeab0ecd78114da562d4d745466e23,NEW,,0
https://cafef.vn/nguoi-tung-chuyen-tien-cho-thanh-nien-sinh-nam-2001-nay-khan-truong-den-cong-an-trinh-bao-188260406105233591.chn,2026-04-06 10:52:00,2026,4,2026-06-07 05:05:52.169184,c89e06b6eb60a2bab2a1c9e685c4436caaf8f24da861f6fa08348e2fa3204b90,NEW,,0
https://cafef.vn/tinh-nang-moi-ma-nguoi-dung-vietcombank-nen-biet-188260406090029083.chn,2026-04-06 09:00:00,2026,4,2026-06-07 05:05:52.228183,5183535c6b1faa84cf1b21b6e0cce7f1d3a0cc5611d97f1cd7bd641ac64f8e54,NEW,,0
https://cafef.vn/5-truong-hop-bi-vietcombank-vietinbank-agribank-bidv-tam-ngung-toan-bo-giao-dich-rut-chuyen-tien-188260406072529996.chn,2026-04-06 07:29:00,2026,4,2026-06-07 05:05:52.300578,6364e5012231dd189c3c2859a0fbdeb012eb4df1f0f5bdb97099f1490601d553,NEW,,0
https://cafef.vn/thi-truong-tien-so-hom-nay-5-4-bitcoin-se-but-pha-ngoan-muc-hay-roi-tu-do-188260405212659637.chn,2026-04-05 21:26:00,2026,4,2026-06-07 05:05:52.373644,00fa12ba76e9f77f86c00df5493c6587938ba14a228889c62a06389c81c35b9d,NEW,,0
https://cafef.vn/phat-hien-nhieu-khach-hang-agribank-giao-dich-thua-tien-toi-500-700-trieu-dong-188260405172026704.chn,2026-04-05 19:47:00,2026,4,2026-06-07 05:05:52.444997,e0cf1d75912b899f7bd0967a001a78f8313f84ce8da367a28fba14bb283b0f17,NEW,,0
https://cafef.vn/bat-mat-xich-quan-trong-trong-vu-cho-vay-lai-nang-van-chuyen-tien-trai-phep-188260405170253645.chn,2026-04-05 17:02:00,2026,4,2026-06-07 05:05:52.501899,f3058ec80da78176cac2b64ae9bc5e98c6d19c28e0ae55b064a7381ce42bac44,NEW,,0
https://cafef.vn/chat-vat-doi-lai-tien-chuyen-khoan-nham-ngan-hang-khach-hang-nen-lam-gi-188260405104221175.chn,2026-04-05 10:42:00,2026,4,2026-06-07 05:05:52.560679,9ded217ccf120e64268c26ae7c84849993a4d0cb29b470c90669b8e4a6fc5129,NEW,,0
https://cafef.vn/tran-lan-ung-dung-vay-tien-sieu-toc-lai-suat-toi-hon-2000-nam-188260405072502849.chn,2026-04-05 07:40:00,2026,4,2026-06-07 05:05:52.616099,efad99959b5f7e3d81fbe4a10cc8ce22b3551a60ea729eb97d0d87a21b3c2209,NEW,,0
https://cafef.vn/bat-nguyen-van-hieu-32-tuoi-tai-tphcm-vi-giu-ho-tien-cho-khach-188260404181814311.chn,2026-04-04 18:18:00,2026,4,2026-06-07 05:05:52.675751,7ca77dbfc24ef8341656260f98d9a2cb2957e3b84398801a42b029d9d62e1603,NEW,,0
https://cafef.vn/vi-sao-da-lua-duoc-nan-nhan-den-buoc-chuyen-khoan-ke-lua-dao-van-khong-nhan-duoc-tien-188260404172545082.chn,2026-04-04 17:25:00,2026,4,2026-06-07 05:05:52.735338,0798c0bd234a7d19689d666f6ec3122e546b888940847aeef8c30c4a3227c144,NEW,,0
https://cafef.vn/nguoi-phu-nu-muon-thu-hoi-hon-12-ty-da-chuyen-khoan-ben-nhan-dong-y-nhung-chi-tra-lai-547-trieu-cong-an-lap-tuc-vao-cuoc-188260404095854279.chn,2026-04-04 09:58:00,2026,4,2026-06-07 05:05:52.832658,55785af89bebaf6a58957ce0422b9780a0c3d4a650855d2df97042c99b6178e3,NEW,,0
https://cafef.vn/gia-vang-bien-dong-cong-an-canh-bao-khan-den-nguoi-mua-ban-vang-188260404093749115.chn,2026-04-04 09:37:00,2026,4,2026-06-07 05:05:52.893348,7da6715e7be5fb646859b72fe6ae76f84347d702a406b4a86db3c694a9840ae5,NEW,,0
https://cafef.vn/sjc-thong-bao-quan-trong-den-tat-ca-nguoi-mua-vang-188260404093235878.chn,2026-04-04 09:32:00,2026,4,2026-06-07 05:05:52.960062,9284810891dfc1d558db5ddab708bfee4503b599f27bf8ba23fa5dee2214dca7,NEW,,0
https://cafef.vn/onus-huy-dong-von-hang-ti-usd-nhu-the-nao-188260404064425736.chn,2026-04-04 06:44:00,2026,4,2026-06-07 05:05:53.020754,c43ee96b60b303900472e018965b0406b999d82b2e4e7949a3c7de2b40d57f04,NEW,,0
https://cafef.vn/lai-suat-tang-nhanh-ngan-hang-canh-bao-thu-doan-lua-dao-moi-188260403200915121.chn,2026-04-03 20:09:00,2026,4,2026-06-07 05:06:26.853674,6ed6b3c91ca3b3b20f1a5c349869560ddc47d11d97000f495ab658d53c5fe252,NEW,,0
https://cafef.vn/tin-cuc-vui-voi-nguoi-ban-hang-cho-khach-trung-quoc-188260403161641434.chn,2026-04-03 16:17:00,2026,4,2026-06-07 05:06:26.912222,ead5667218e0fdee4dee7af52f619668f9f78be4d7509a45e296abaf52c240ca,NEW,,0
https://cafef.vn/khong-the-ne-thue-bang-tien-mat-188260403103121152.chn,2026-04-03 15:33:00,2026,4,2026-06-07 05:06:26.970065,da807326e1b338b8dca12d493a84cbeea190e45c05bc271a46256e986ea3ecaf,NEW,,0
https://cafef.vn/tai-khoan-phat-sinh-giao-dich-550-trieu-dong-cong-an-lam-viec-voi-pham-thi-quynh-nhu-sinh-nam-2005-188260403150508298.chn,2026-04-03 15:05:00,2026,4,2026-06-07 05:06:27.029637,d987e48b0c3e46de8c109d3a010b2df4e53d2a8d1b23a5d2588858db53d5dcb8,NEW,,0
https://cafef.vn/tu-hom-nay-3-4-hon-1-ty-nguoi-trung-quoc-dung-alipay-de-dang-thanh-toan-tai-viet-nam-mo-ra-co-hoi-hot-bac-cho-ho-kinh-doanh-doanh-nghiep-viet-188260403120910177.chn,2026-04-03 12:08:57,2026,4,2026-06-07 05:06:27.084910,04f2f64de8a160c21697041e19a52afc26d4221b6a4aab510e1e5f8ba10e4347,NEW,,0
https://cafef.vn/vi-sao-da-biet-ro-ten-tuoi-cccd-so-tai-khoan-cua-ke-lua-dao-van-kho-lay-lai-tien-188260403110526678.chn,2026-04-03 11:05:00,2026,4,2026-06-07 05:06:27.141619,6ac427eb0cdc7d353e13eb5e6a5b8f9a2f260fc5c8a6cfbb87b1d3f1ae737e3b,NEW,,0
https://cafef.vn/mot-ngan-hang-thay-doi-cach-mo-sao-ke-the-thieu-4-chu-so-nay-khach-hang-khong-the-truy-cap-188260403100746416.chn,2026-04-03 10:08:00,2026,4,2026-06-07 05:06:27.198109,3bb769cdda78f46b25886363c42b47b37d7a230b06fe3a4e289606dc805ef462,NEW,,0
https://cafef.vn/co-quan-thue-canh-bao-nhieu-ho-kinh-doanh-che-giau-doanh-thu-qua-tai-khoan-trung-gian-de-tron-thue-188260403100506052.chn,2026-04-03 10:04:00,2026,4,2026-06-07 05:06:27.254799,ce80678405ca681bb15fe461529e8e255e9520d8550d4359aa658fc1f4f9914b,NEW,,0
https://cafef.vn/cic-va-c06-bo-cong-an-lam-sach-445-trieu-ho-so-khach-hang-188260403100241099.chn,2026-04-03 10:02:00,2026,4,2026-06-07 05:06:27.313574,c283ede47932f4ad1a19041c70c88d50970ddfeadb88afb007e52d7afc0591c0,NEW,,0
https://cafef.vn/lan-dau-tien-ho-tro-lai-suat-gan-tieu-chi-xanh-188260403074156386.chn,2026-04-03 07:41:00,2026,4,2026-06-07 05:06:27.372858,04250df880a886c416a70ea267dad590732e91106c52ef049fa7cec9e7916e12,NEW,,0
https://cafef.vn/ngan-hang-bao-ve-nguoi-dan-tranh-nhung-giao-dich-lua-dao-bang-cach-nao-188260402223851731.chn,2026-04-02 22:38:00,2026,4,2026-06-07 05:06:27.431363,901813ccfd207b2256824b5549e582ff0947ecd31417ff382ab93faabe4a3f5b,NEW,,0
https://cafef.vn/khoi-to-thanh-nien-lua-doi-ngoai-te-qua-mang-chiem-doat-gan-500-trieu-dong-188260402223522416.chn,2026-04-02 22:35:00,2026,4,2026-06-07 05:06:27.486566,a2f32f4a7602cf44d2b2db56f171bc4ee83473e6d7dc6ae3f6df3c489a4e70c3,NEW,,0
https://cafef.vn/truong-hop-ho-kinh-doanh-khong-can-khai-bao-tai-khoan-ngan-hang-voi-co-quan-thue-18826040215185111.chn,2026-04-02 15:19:00,2026,4,2026-06-07 05:06:27.621183,4c6d59bb26d1dc2819e75e5dd7a6e973cd9d378b3891d8740d88a2e0b7157a37,NEW,,0
https://cafef.vn/nguoi-co-tai-khoan-ngan-hang-va-dinh-danh-vneid-muc-do-2-can-lam-ngay-dieu-nay-de-nhan-cac-che-do-kip-thoi-188260402135340329.chn,2026-04-02 13:54:00,2026,4,2026-06-07 05:06:27.725848,da7adb4bc4de91d6ad0e1d012f37f678ee3a54195698f3de10c140813001d2cd,NEW,,0
https://cafef.vn/nhung-truong-hop-bi-vietcombank-vietinbank-agribank-bidv-khoa-tai-khoan-ngan-hang-dong-bang-giao-dich-nam-2026-188260402110302085.chn,2026-04-02 11:43:00,2026,4,2026-06-07 05:06:27.783844,4ee94a5a5fa1be9d16ddea2a86ce232aed194c90c79d03b56f83192ae11eebb7,NEW,,0
https://cafef.vn/nguoi-dan-ong-chuyen-khoan-25-trieu-de-nhan-ve-23-ty-dong-cong-an-nghe-an-lap-tuc-yeu-cau-huy-giao-dich-188260402110414251.chn,2026-04-02 11:04:00,2026,4,2026-06-07 05:06:27.839775,9721e5966743a24a7c14d2b44f068a21b1202c3a07c538386142506f1a2831f4,NEW,,0
https://cafef.vn/giao-dich-thanh-toan-khong-dung-tien-mat-tang-hon-40-188260402103038562.chn,2026-04-02 10:30:00,2026,4,2026-06-07 05:06:27.908455,13594d71f38cdc16e71cd1bde3a0118a5b21dae98d7b1cd9da51c1a5e11afd50,NEW,,0
https://cafef.vn/vietcombank-canh-bao-tuyet-doi-khong-quet-ma-qr-nay-neu-khong-muon-mat-sach-tien-188260402090902499.chn,2026-04-02 09:08:00,2026,4,2026-06-07 05:06:27.973148,3928f234060e419d8ff43b8092d636e355ca59243c61feac380ba7e37f0aa71b,NEW,,0
https://cafef.vn/ngan-chan-gan-4000-ty-dong-giao-dich-nghi-gian-lan-188260402090558202.chn,2026-04-02 09:05:00,2026,4,2026-06-07 05:06:28.032593,41c05204e6e81877206e2e0e4d0a0b00bf9a9e4530d1b55ee33c3bcfffa5b5a0,NEW,,0
https://cafef.vn/thi-truong-tien-so-hom-nay-1-4-dien-bien-hiem-gap-cua-bitcoin-188260401211519075.chn,2026-04-01 21:15:00,2026,4,2026-06-07 05:06:28.092002,734a005db0328f9db828936775c6d6f79b8f9918e7083e10bfcfca07a1b6e884,NEW,,0
https://cafef.vn/ho-kinh-doanh-dung-nhieu-tai-khoan-khac-nhau-de-nhan-tien-thanh-toan-chuyen-gia-thue-khuyen-nghi-gi-188260401163759477.chn,2026-04-01 16:38:00,2026,4,2026-06-07 05:06:28.173388,3a9e879ba2e4d8a1ecad637f9a9fcb11f5abd26fdb08d5d6a393cd1085b2b128,NEW,,0
https://cafef.vn/phat-hien-kha-nhieu-trang-suc-bac-999-chi-chua-067-bac-188260401153134964.chn,2026-04-01 15:41:00,2026,4,2026-06-07 05:06:28.234738,62e60a2c7a2d1395eb9d1176437429c70b882f7ae153779631096dafcfb05e2a,NEW,,0
https://cafef.vn/chuyen-khoan-16-trieu-nhung-tai-khoan-khong-bi-tru-tien-cong-an-truy-vet-giao-dich-bat-giu-nguyen-truong-long-188260401152906455.chn,2026-04-01 15:29:00,2026,4,2026-06-07 05:06:28.341446,12ee17a04f1fc1cd8651acce7cf339462b25bc655b3994add974d321f139816b,NEW,,0
https://cafef.vn/lai-suat-tiet-kiem-tang-nhanh-co-1-ty-dong-gui-ngay-sau-tet-nen-tat-toan-som-de-gui-so-moi-huong-lai-cao-hay-giu-nguyen-cho-dao-han-188260401151738272.chn,2026-04-01 15:17:00,2026,4,2026-06-07 05:06:28.398965,88039ead4eee85e5c786afcf8f333a4f7d1ddf364b97a95a78ac2ec3808f945e,NEW,,0
https://cafef.vn/3-ly-do-vib-max-card-khong-giong-bat-ky-the-tin-dung-nao-ban-tung-dung-188260401134030396.chn,2026-04-01 13:40:00,2026,4,2026-06-07 05:06:28.456346,c7888d4aabd65dc50504a8860267968e223ef4667f98aa06132dd5def90b9c5a,NEW,,0
https://cafef.vn/khach-mua-hang-het-100-nghin-nhung-lai-chuyen-khoan-nham-1-trieu-hkd-can-hoan-lai-the-nao-de-khong-bi-tinh-sai-thue-188260401104818719.chn,2026-04-01 10:48:00,2026,4,2026-06-07 05:06:28.516440,397ca278ece21be0104b1e1277614a44887abde98b63692c3b66752d2cf39735,NEW,,0
https://cafef.vn/tu-hom-nay-bidv-vietcombank-agribank-vietinbank-chinh-thuc-ngung-mot-loai-dich-vu-nhieu-giao-dich-chuyen-nhan-tien-co-the-bi-tu-choi-188260401094752514.chn,2026-04-01 09:48:00,2026,4,2026-06-07 05:06:28.601568,464721741b2dc1b5d7ded1c83045ff895bc0c220222a28db6124602b4026115c,NEW,,0
https://cafef.vn/gia-danh-doanh-nghiep-tao-von-dieu-le-ao-10-ty-boc-tran-chieu-tro-cua-merry-trade-188260401070205886.chn,2026-04-01 07:01:00,2026,4,2026-06-07 05:06:28.693681,de0a2ff7e99b7f882aeabd18189ecfeb6f00426792d4a445ad4555a8ba910b53,NEW,,0
https://cafef.vn/bai-toan-385-trieu-ty-vi-sao-dong-tien-dai-han-chua-vao-thi-truong-von-188260331223645322.chn,2026-03-31 22:36:00,2026,3,2026-06-07 05:06:28.750208,7925415950b49fe70a6abdb818e075f79bb9f14dfbc3d7796c6780b5e66c6418,NEW,,0
https://cafef.vn/2026-boc-tran-hang-loat-duong-day-lua-dao-tien-ao-quy-mo-lon-18826033121492293.chn,2026-03-31 21:49:00,2026,3,2026-06-07 05:06:28.808414,6c8a3db38d928d524bd536ce76e39e66e6ad0ee90901b9afee82c5f84afec17b,NEW,,0
https://cafef.vn/doi-ngoai-te-online-nhieu-nguoi-lanh-du-188260331194508097.chn,2026-03-31 19:42:00,2026,3,2026-06-07 05:06:28.885413,0e8b506ff18d0f69f9e3184c7bb1129fee5bc09b34d14c917b3795b634ae8653,NEW,,0
https://cafef.vn/vietcombank-canh-bao-khan-den-nguoi-gui-tien-188260331165948557.chn,2026-03-31 17:19:00,2026,3,2026-06-07 05:06:28.944050,474868f2e91a89cb38f397f0838068836b4c46bba2e4a9033f4907a558e64ef2,NEW,,0
https://cafef.vn/nguoi-phu-nu-ban-vang-roi-den-ngan-hang-chuyen-tien-vi-sao-nhan-vien-shb-tu-choi-giao-dich-moi-cong-an-188260331165051165.chn,2026-03-31 16:51:00,2026,3,2026-06-07 05:06:29.024457,2907c01daac695cd42119a4dae58fd49eca8f315e2676bc5d7c35eae7878b74e,NEW,,0
https://cafef.vn/cong-an-thong-bao-nguoi-dan-khong-thuc-hien-sinh-trac-hoc-tai-khoan-ngan-hang-trong-truong-hop-sau-18826033115505849.chn,2026-03-31 15:51:00,2026,3,2026-06-07 05:06:29.103779,908b98846e30954395f1111ac27a8efd2537e3df3cfbc7324bd1f6e72b84cf7f,NEW,,0
https://cafef.vn/hom-nay-sacombank-thong-bao-ngung-hoat-dong-ung-dung-tren-loat-dien-thoai-sau-188260331110531614.chn,2026-03-31 11:05:00,2026,3,2026-06-07 05:06:29.166558,6962746490d5cd8aecf89d9d95ed2b52a1200551be402c74f34988996a35e3c0,NEW,,0
https://cafef.vn/can-gui-bao-nhieu-tien-vao-ngan-hang-de-co-lai-30-trieu-moi-thang-188260331094634334.chn,2026-03-31 09:46:00,2026,3,2026-06-07 05:06:29.229108,994e555b4eb5316d05138fd4947804a61b5233ac763e8cead72a40a81dd982e8,NEW,,0
https://cafef.vn/sang-31-3-lo-dien-nhieu-nguoi-trung-thuong-xo-so-mien-nam-188260331080705957.chn,2026-03-31 08:06:00,2026,3,2026-06-07 05:06:29.289290,27c98a0cb8befe6a2b23b04d0354f274e278d96a589be111f8e18992cb15e81d,NEW,,0
https://cafef.vn/thong-tin-nguoi-dung-bidv-can-cap-nhat-truoc-ngay-mai-188260330190124205.chn,2026-03-30 20:36:00,2026,3,2026-06-07 05:06:29.351523,ceaadae7266c3ddc72beb5b2c0906dc2ae298c40dca797aa0adf685c1da10d66,NEW,,0
https://cafef.vn/chuyen-gia-vang-trong-nuoc-va-the-gioi-chenh-toi-13-gap-doi-lai-suat-tiet-kiem-nen-muon-hoa-von-thi-gia-phai-tang-tuong-ung-188260330154832088.chn,2026-03-30 16:47:00,2026,3,2026-06-07 05:06:29.411474,b65b79cd9800f1d3bf7f8423df42758c9cc8cbff0f8f42422b58ce4db915fe98,NEW,,0
https://cafef.vn/ngan-hang-khuyen-cao-nguoi-dung-khong-chuyen-tien-nhan-tien-thong-qua-tai-khoan-sau-188260330160526859.chn,2026-03-30 16:05:00,2026,3,2026-06-07 05:06:29.468457,db4d05e10b407552a9bbb74a355c95e5aff262ab443ee946f7d2811fb6ce57b6,NEW,,0
https://cafef.vn/bao-tin-manh-hai-phat-canh-bao-khan-ve-san-pham-vang-dai-kim-cat-188260330145231016.chn,2026-03-30 14:52:00,2026,3,2026-06-07 05:06:29.526508,3393e755b5491c1ff56fa25ff9475a892364481f0671faae17c15a4c8a09341f,NEW,,0
https://cafef.vn/vo-chong-toi-thu-nhap-40-trieu-thang-nhung-van-khong-co-noi-100-trieu-tiet-kiem-vi-1-sai-lam-nay-188260330111343406.chn,2026-03-30 11:13:00,2026,3,2026-06-07 05:06:29.582654,6b2cdca073aaf034ba37b75891031f6b08d6a520e70c9bbc1cbd77ab0a6d61c0,NEW,,0
https://cafef.vn/vo-chong-tre-cam-5-ty-dong-di-mua-nha-van-bi-che-chuyen-gia-canh-bao-rui-ro-lon-neu-chi-cham-cham-tiet-kiem-188260330110131624.chn,2026-03-30 11:01:00,2026,3,2026-06-07 05:06:29.640551,910564658da95b6c97933f806fe72c058c3eaaf191d8f319590773c258d21cc4,NEW,,0
https://cafef.vn/dien-thoai-xuat-hien-dau-hieu-nay-lien-he-ngay-ngan-hang-de-khoa-khan-cap-tai-khoan-188260330104303144.chn,2026-03-30 10:43:00,2026,3,2026-06-07 05:06:29.701787,03f28ccbf7f8c569be42ef877d015ca0242cdd0058c730516299ec69b204e4da,NEW,,0
https://cafef.vn/phong-toa-tai-khoan-ngan-hang-neu-nguoi-dung-nhan-va-chuyen-tien-co-noi-dung-sau-188260330093105236.chn,2026-03-30 09:30:00,2026,3,2026-06-07 05:06:29.761788,32b68e11b456300e2e70394eae7a3ce51462f1efb8486f790201908e8a7237a3,NEW,,0
https://cafef.vn/thi-truong-tai-san-so-viet-nam-2026-dong-tien-se-doi-duong-di-188260330085328445.chn,2026-03-30 08:53:00,2026,3,2026-06-07 05:07:05.450532,fda12b43b196dc9e05e9b069776d0bf53a5646f54d270d88ff5168fc6af8207a,NEW,,0
https://cafef.vn/cong-an-canh-bao-thu-doan-lua-dao-hoan-toan-moi-lien-quan-den-yeu-cau-chuyen-tien-188260329205139497.chn,2026-03-29 22:50:00,2026,3,2026-06-07 05:07:05.509968,ff9307703f4f3ee1d653fd07acca70a66df66a45cd2aaa171d85ce3157a48686,NEW,,0
https://cafef.vn/co-1-ty-dong-gui-tiet-kiem-ky-han-1-nam-o-agribank-vietcombank-vietinbank-hay-bidv-co-lai-cao-nhat-18826032920500621.chn,2026-03-29 21:49:00,2026,3,2026-06-07 05:07:05.572786,7655da1d3d1ce237b36a97129aaceba900ad02898fe1bcc9913c38ed3b555970,NEW,,0
https://cafef.vn/nguoi-phu-nu-dat-truoc-60kg-vang-tai-thuong-hieu-lon-thanh-toan-day-du-6-nam-sau-quay-lai-lay-thi-duoc-bao-cua-hang-da-dong-cua-188260329204803205.chn,2026-03-29 20:47:00,2026,3,2026-06-07 05:07:05.650681,76f07000356cb26a8d179807ec63cecf5427f39b364064cbfe9283445a978bec,NEW,,0
https://cafef.vn/so-tien-can-gui-tiet-kiem-ngan-hang-de-nhan-lai-20-trieu-dong-moi-thang-188260329154821766.chn,2026-03-29 15:48:00,2026,3,2026-06-07 05:07:05.706185,1beace93d806ec82bb8908672d23783b39ddb5797f0574d0886eb26f74ca19f0,NEW,,0
https://cafef.vn/khi-nao-gia-vang-tang-manh-tro-lai-188260329151641.chn,2026-03-29 15:16:00,2026,3,2026-06-07 05:07:05.766970,1fd1b14fe4bec0808eb386ea818c1e393ef3a7374fab1c83c627b37b90a2ef34,NEW,,0
https://cafef.vn/chuyen-gia-bat-dong-san-voi-lai-suat-15-nam-vay-2-ty-mua-nha-thi-moi-nam-phai-tra-300-trieu-tien-lai-gia-khong-tang-la-coi-nhu-lo-188260329124906827.chn,2026-03-29 12:50:00,2026,3,2026-06-07 05:07:05.866540,b6405aa50c4ffd224d169315c96139c536c5d55e16e6365a5dea9ceffb86bb8c,NEW,,0
https://cafef.vn/ngan-hang-canh-bao-dung-giao-dich-neu-dien-thoai-co-ung-dung-sau-188260329093959616.chn,2026-03-29 10:39:00,2026,3,2026-06-07 05:07:05.925553,e6de9917cb3bfd5a0569cb75696fd4ea1e06b877b9d7f6db790f55359c73ec06,NEW,,0
https://cafef.vn/khoan-vay-khong-tai-san-dam-bao-bien-thanh-no-xau-khach-xin-tru-vao-goc-truoc-roi-moi-den-lai-ket-qua-the-nao-18826032908544877.chn,2026-03-29 08:54:00,2026,3,2026-06-07 05:07:05.982859,775c5580e201f318c3c396e5e85ee7012e8432638e9ce333382565c222b4bd87,NEW,,0
https://cafef.vn/nhan-duoc-cuoc-dien-thoai-doc-dung-ngay-sinh-cua-con-mot-nguoi-bi-dan-du-vay-online-30-trieu-dong-roi-chuyen-cho-ke-lua-dao-188260328234640602.chn,2026-03-29 06:44:00,2026,3,2026-06-07 05:07:06.041791,a79bc5ac58b1b9985c35bae2485b6e350204e9ad095475e9a9553923b3d8cf2b,NEW,,0
https://cafef.vn/thu-tuong-pham-minh-chinh-khen-co-quan-triet-pha-duong-day-tien-ao-onus-188260328202627624.chn,2026-03-28 20:26:17,2026,3,2026-06-07 05:07:06.098270,b0d03d90b53e9cc79ceba9d215aab9ff3b89f95026a4f2a7f5db3b8d16d6bef6,NEW,,0
https://cafef.vn/tai-khoan-ngan-hang-bi-tru-150-trieu-chi-sau-mot-cuoc-dien-thoai-cong-an-ha-noi-canh-bao-khan-18826032820190822.chn,2026-03-28 20:18:00,2026,3,2026-06-07 05:07:06.156398,d7d9cc6c0477f2b0ff510e2ed90552e95003c4b95f82d395ceddab178b93e830,NEW,,0
https://cafef.vn/bidv-phat-thong-bao-quan-trong-nguoi-dung-can-cap-nhat-truoc-31-5-2026-188260328075429571.chn,2026-03-28 13:40:00,2026,3,2026-06-07 05:07:06.212502,8eb861cf0d4649906d84711b229c825c73707b1bda19c3c89f4a51929dbb43b4,NEW,,0
https://cafef.vn/duong-day-tien-ao-onus-da-huy-dong-hang-ty-usd-tu-cac-nha-dau-tu-nhu-the-nao-18826032811472034.chn,2026-03-28 11:46:00,2026,3,2026-06-07 05:07:06.272338,1e5d8522806550e40b8344f66f5b6b6d91acf47519c08b923d49c8be0e4f3339,NEW,,0
https://cafef.vn/the-atm-het-han-phai-lam-gi-de-khong-gian-doan-giao-dich-188260328114242097.chn,2026-03-28 11:42:00,2026,3,2026-06-07 05:07:06.328206,14be04e76627d9cd8d00fe6b7b509cd36c2698b4d21148fc1aa288da62238be8,NEW,,0
https://cafef.vn/che-gui-tiet-kiem-don-tien-mua-vang-luc-gan-190-trieu-luong-toi-om-3-cay-vang-roi-thap-thom-tung-ngay-188260328080912457.chn,2026-03-28 08:09:00,2026,3,2026-06-07 05:07:06.389727,1eb61bc64314b37e516d78fd6e3b3b701889df7dcfebd3223352db52786b8632,NEW,,0
https://cafef.vn/nguoi-phu-nu-bong-choc-vay-no-15-trieu-dong-sau-khi-chuyen-150-nghin-dong-cho-shipper-188260327212905327.chn,2026-03-27 21:28:00,2026,3,2026-06-07 05:07:06.447424,1f0971decfcd1e1e720b912325f00128704adc587904c1a8c13ef380ef061cea,NEW,,0
https://cafef.vn/bidv-phat-thong-bao-quan-trong-den-toan-bo-khach-hang-188260327161837343.chn,2026-03-27 16:18:00,2026,3,2026-06-07 05:07:06.524026,b58b004c28f66e925d55c80774c3d9755cf87a137b3b4a45aeb2ff5df1467724,NEW,,0
https://cafef.vn/gia-bac-hom-nay-27-3-nguoi-mua-bac-giay-120-trieu-dong-kg-luc-nhan-chi-con-73-trieu-dong-188260327141130175.chn,2026-03-27 14:32:00,2026,3,2026-06-07 05:07:06.586855,8b0358475330deded8860cb07b24a99458b5fa6e365ae85c68219273d5fd267a,NEW,,0
https://cafef.vn/sau-khi-chuyen-khoan-60-trieu-dong-cho-chong-nguoi-phu-nu-phai-den-cong-an-trinh-bao-nho-thu-hoi-toan-bo-tien-188260327104847639.chn,2026-03-27 10:49:00,2026,3,2026-06-07 05:07:06.647059,8b81d36d8c413115321d246a1ae8be4c445f567d1e141042f90ef022c4f9454e,NEW,,0
https://cafef.vn/gia-vo-huy-the-tin-dung-cua-ngan-hang-188260327104723448.chn,2026-03-27 10:47:00,2026,3,2026-06-07 05:07:06.705679,c3bc5f108f654136a2d472b9739862e560797f2919d9142540c3caf0b02ab887,NEW,,0
https://cafef.vn/can-kiem-tra-ngay-1-tuan-nua-hang-loat-tai-khoan-ngan-hang-dang-nay-se-khong-the-nhan-tien-188260327085217915.chn,2026-03-27 08:54:00,2026,3,2026-06-07 05:07:06.764690,181ba2c3f32bbacd54bed17f9bebf5e8688e106b08a12ed7b6a7da140e09be5d,NEW,,0
https://cafef.vn/san-tien-ao-onus-da-huy-dong-hang-ti-usd-188260327065957187.chn,2026-03-27 07:05:00,2026,3,2026-06-07 05:07:06.823982,76cd2b9328a2c67a1f0c4b3231c39c03a844d69e3aaaffa0ec3c152a64a992f1,NEW,,0
https://cafef.vn/ban-vang-de-gui-tiet-kiem-vi-lai-suat-tang-manh-18826032614574722.chn,2026-03-26 22:44:00,2026,3,2026-06-07 05:07:06.885559,ab2f922f9774a68b3ad2c46632a300e8453cf6adff57cbbedd917ff65481ddfc,NEW,,0
https://cafef.vn/canh-bao-mao-danh-kho-bac-nha-nuoc-thu-thap-thong-tin-188260326205242083.chn,2026-03-26 20:52:00,2026,3,2026-06-07 05:07:06.954711,b091351f4219ecbad2a871d8ee6e26c85e525fe425f72b624cf3ecd3c4019588,NEW,,0
https://cafef.vn/nong-loat-doanh-nhan-dung-sau-hanagold-onus-bi-bat-188260326193032236.chn,2026-03-26 19:55:00,2026,3,2026-06-07 05:07:07.013946,0dd7bd3c2452726e160040f7c64d1de735f276a4719fe9c9d5073ee0364d30c5,NEW,,0
https://cafef.vn/lai-vay-mua-nha-len-toi-15-gia-dinh-tre-duoi-suc-chuyen-gia-chi-cach-giam-ap-luc-no-188260326165845011.chn,2026-03-26 16:58:00,2026,3,2026-06-07 05:07:07.076210,34f6acc399270601e1b5caae45e85c985f17c11527f01ae5b6e0a3c11a70a915,NEW,,0
https://cafef.vn/truong-hop-nguoi-dung-vietcombank-agribank-bidv-mb-phai-khai-bao-tai-khoan-voi-co-quan-thue-khong-cung-cap-day-du-co-the-bi-phat-3-5-trieu-dong-18826032616402283.chn,2026-03-26 16:40:00,2026,3,2026-06-07 05:07:07.138116,0e91b899213c18d59120ec861d66229bc4961c7e1394b3215db3891526e89c96,NEW,,0
https://cafef.vn/nhan-tien-tu-nuoc-ngoai-qua-tai-khoan-ca-nhan-ho-kinh-doanh-can-luu-y-gi-co-quan-thue-tra-loi-188260326160957691.chn,2026-03-26 16:09:00,2026,3,2026-06-07 05:07:07.196094,2bf4ba046a5ad1394f4fb2795aa71a16495c22692c3dc6cdfd1444069ba5b73f,NEW,,0
https://cafef.vn/nhieu-nguoi-nuoc-ngoai-nhap-canh-vao-viet-nam-de-mua-thong-tin-ca-nhan-cua-nguoi-dan-cong-an-phat-canh-bao-188260326151520724.chn,2026-03-26 15:13:00,2026,3,2026-06-07 05:07:07.255211,e1181f823b8d89bd9c237a052f184fc14135a4ac4b5783bb35ee8f318e312dd8,NEW,,0
https://cafef.vn/phat-hien-tai-khoan-cua-thanh-nien-sinh-nam-2005-giao-dich-hon-32-ty-dong-cong-an-xac-dinh-nguon-tien-tien-hanh-bat-giu-188260326133039186.chn,2026-03-26 13:30:00,2026,3,2026-06-07 05:07:07.313060,86399241b3f66ba34c655b47d4883718d08bc33cb26a90f31e5ddbbd05bf27f0,NEW,,0
https://cafef.vn/tin-vui-bat-ngo-cho-nhieu-nguoi-dong-phi-bao-hiem-qua-mot-ngan-hang-188260326100040162.chn,2026-03-26 10:01:00,2026,3,2026-06-07 05:07:07.372625,ed955eed19da53da81754225b0e782e257ef94b066feaa21a03324f4eb5ae52a,NEW,,0
https://cafef.vn/sap-mo-hinh-dau-tu-vang-lai-9-nam-tai-trung-quoc-toan-he-thong-dong-cua-khach-dat-mua-online-mat-trang-chi-sau-1-dem-188260326095154532.chn,2026-03-26 09:51:00,2026,3,2026-06-07 05:07:07.430682,8c92cc7b03a111f4a73777054b67f662525ab79a2952b45e1ad3b923b6fcd65c,NEW,,0
https://cafef.vn/dung-tiktok-quang-cao-vay-tien-hai-co-gai-lua-dao-chiem-doat-tai-san-188260326085647728.chn,2026-03-26 08:56:00,2026,3,2026-06-07 05:07:07.488079,6d921e5eedb05b87ab8576cfaf32a4aaf1a148abeea28ab0b8417b1db40d28d8,NEW,,0
https://cafef.vn/chuyen-khoan-10k-cho-shipper-tai-khoan-cua-vi-khach-o-da-nang-bi-tru-tien-toi-20-trieu-188260326084706071.chn,2026-03-26 08:46:00,2026,3,2026-06-07 05:07:07.548277,ea604fcb545efd9d5286a6694367d95abeb05adfbcb1826ee601e431702c5e4c,NEW,,0
https://cafef.vn/vietcombank-canh-bao-khan-188260326084335338.chn,2026-03-26 08:43:00,2026,3,2026-06-07 05:07:07.618780,0ccbf13b44669da69701b1212beedde0a7d329029f37cf8b7eab77c3592f0fa8,NEW,,0
https://cafef.vn/bao-tin-minh-chau-mo-cua-tro-lai-tu-12h-trua-nay-188260325180235071.chn,2026-03-26 07:17:00,2026,3,2026-06-07 05:07:07.679489,06272c9558d691e5452d48f39aaeae8590236e981edefc9a315d26a2bfde4fc5,NEW,,0
https://cafef.vn/nguoi-phu-nu-rut-tien-tu-atm-bi-theo-doi-moc-trom-90-trieu-dong-18826032520083314.chn,2026-03-25 20:37:00,2026,3,2026-06-07 05:07:07.749743,834ea2881f8ca9dcdf8ef951008694e3f1077e134145e084e046ae1dcb0e24e8,NEW,,0
https://cafef.vn/nguoi-dan-gui-vang-bac-tai-doanh-nghiep-nay-khan-truong-trinh-bao-cong-an-truoc-ngay-31-3-188260324211046933.chn,2026-03-25 20:35:00,2026,3,2026-06-07 05:07:07.809651,1c6d631f089a1d9bcca85f10d34ff568df0436923ccec9d08155d2dccd7d63a3,NEW,,0
https://cafef.vn/su-that-bat-ngo-phia-sau-tieng-xoanh-xoach-cua-may-atm-khi-rut-tien-khong-phai-dem-tien-nhu-nhieu-nguoi-nghi-188260325143442418.chn,2026-03-25 14:34:00,2026,3,2026-06-07 05:07:07.939376,330efa478df12b724d107589f58e7196a796cb1b3cce9f83e2d2f997c6c5dde5,NEW,,0
https://cafef.vn/mua-2-luong-vang-sjc-nguoi-phu-nu-chuyen-khoan-hon-372-trieu-dong-van-khong-co-vang-mang-ve-188260325141715229.chn,2026-03-25 14:17:00,2026,3,2026-06-07 05:07:08.046160,a2082be72d06c29c77f74198dc3368ae17ee823431f23b4ea771902f3dbfbc21,NEW,,0
https://cafef.vn/ngan-hang-khuyen-cao-go-ngay-cac-ung-dung-sau-de-tiep-tuc-giao-dich-18826032510063701.chn,2026-03-25 13:34:00,2026,3,2026-06-07 05:07:08.109242,f2694f4b30ffe3543a278d1f33813178cce133dc1833c206a499f51e0065a9fe,NEW,,0
https://cafef.vn/25-tuoi-di-vay-ngan-hang-de-so-huu-5-bat-dong-san-cho-thue-co-gai-hoi-han-thot-len-toi-thuc-su-qua-ngay-tho-188260325112445764.chn,2026-03-25 11:24:00,2026,3,2026-06-07 05:07:08.166369,900ea6e407f9fe147fe6db8db2c0bd7200d0ed803dff220b5b32ec0c74d55273,NEW,,0
https://cafef.vn/mot-ngan-hang-co-thong-bao-quan-trong-lien-quan-den-so-tai-khoan-khach-hang-can-biet-de-tranh-loi-giao-dich-188260325103534188.chn,2026-03-25 10:35:00,2026,3,2026-06-07 05:07:08.224505,36fa16657d0de1c2d991ac869065ee8152ca7ed4699a10d997510ce925e9fb14,NEW,,0
https://cafef.vn/chi-con-1-tuan-nua-vietcombank-vietinbank-agribank-bidv-ngung-giao-dich-chuyen-tien-nhan-tien-voi-tai-khoan-sau-188260325093721997.chn,2026-03-25 09:39:00,2026,3,2026-06-07 05:07:08.282300,ab52a7300c01b3cef7b36de59e52a3cb03cb12c3d9fcc5585e9a35bb5a805812,NEW,,0
https://cafef.vn/thi-truong-tien-so-hom-nay-24-3-tin-hieu-dao-chieu-hay-bay-tang-gia-188260324204520841.chn,2026-03-24 20:45:00,2026,3,2026-06-07 05:07:56.466866,b5cd7e62281a88ef1a897d58d285635915b67d7d74b718f9d0745b01b4475ce6,NEW,,0
https://cafef.vn/ngan-hang-canh-bao-nhung-hinh-anh-tuyet-doi-khong-luu-trong-dien-thoai-tranh-bi-hack-tai-khoan-188260324160611493.chn,2026-03-24 16:06:00,2026,3,2026-06-07 05:07:56.538336,e1a4f51cef007fd454fcfcb017a8f305d89fa5b8b3b58001efae1b03399a4a45,NEW,,0
https://cafef.vn/lai-suat-tien-gui-tai-techcombank-ngay-24-3-gui-1-ti-dong-trong-11-thang-nhan-lai-bao-nhieu-188260324143938586.chn,2026-03-24 15:27:00,2026,3,2026-06-07 05:07:56.626537,0121ef4a1c0bc869467f1ac20802e0674af5011c26e69ca4ffd59fb89fafb7af,NEW,,0
https://cafef.vn/khach-hang-den-bidv-rut-tien-phat-hien-tai-khoan-bi-khoa-cong-an-co-mat-lam-ro-nguyen-nhan-tu-sim-dien-thoai-188260324150934686.chn,2026-03-24 15:10:00,2026,3,2026-06-07 05:07:56.691994,b7128325676cafd182ea25f0feedb408a83a3295ef46173806a9c45b011d1731,NEW,,0
https://cafef.vn/truong-cong-an-xa-duoc-xu-phat-den-50-trieu-dong-cac-vi-pham-ve-kinh-doanh-bao-hiem-188260324140030612.chn,2026-03-24 14:00:00,2026,3,2026-06-07 05:07:56.753283,55cadb74ce5181dc459ccf64ace47a3aebda77e6f63dc23b7bfba3aed031b1ec,NEW,,0
https://cafef.vn/nguoi-dan-ong-chuyen-khoan-thanh-cong-100-trieu-dong-roi-voi-bao-cong-an-188260324110322341.chn,2026-03-24 11:03:00,2026,3,2026-06-07 05:07:56.824857,42a9f62ef26513d9d6d60b541fbb3372fbd50249933bab29b2718d613ae767cc,NEW,,0
https://cafef.vn/mot-nguoi-o-an-giang-bi-lua-chuyen-khoan-253-lan-mat-18-ty-dong-188260324091339475.chn,2026-03-24 09:14:00,2026,3,2026-06-07 05:07:56.902463,c73b7094edd65d314253af1e1e4aab81f66cbc488e8398950d298002cb7e0af1,NEW,,0
https://cafef.vn/bo-cong-an-de-xuat-phat-den-100-trieu-dong-neu-mo-duy-tri-tai-khoan-so-bang-dinh-danh-gia-mao-188260324090954716.chn,2026-03-24 09:10:00,2026,3,2026-06-07 05:07:56.971940,40f72e24e5f283524b3d443f1f8a88f7f7cc00a1186e027ced960cda950d6862,NEW,,0
https://cafef.vn/sai-lam-cua-nguoi-mua-vang-khong-biet-minh-co-bao-nhieu-vang-188260323105206535.chn,2026-03-23 21:59:00,2026,3,2026-06-07 05:07:57.036101,0b420bc0cf727755095f890835bb4752d33724031d13f449efca61fad5b38671,NEW,,0
https://cafef.vn/vua-duoc-cong-ty-tra-luong-vua-co-nguon-thu-cho-thue-nha-thi-tinh-thue-tncn-nhu-the-nao-188260323210053537.chn,2026-03-23 21:00:00,2026,3,2026-06-07 05:07:57.104116,f5daaca33ce8befb92205768f286ddf35a982879b9f9dbfe5c01f6eda3e426fc,NEW,,0
https://cafef.vn/5-nam-tich-tru-vang-chua-bao-gio-toi-thay-vang-ky-la-nhu-luc-nay-188260323160729246.chn,2026-03-23 17:48:00,2026,3,2026-06-07 05:07:57.173231,17a566d447fe58e0bc6b69c8d96094cdf5386609d71d339b0597e9ae989f803e,NEW,,0
https://cafef.vn/vi-sao-ho-kinh-doanh-can-tai-khoan-ngan-hang-rieng-dai-dien-co-quan-thue-canh-bao-rui-ro-ve-dong-tien-188260323172558401.chn,2026-03-23 17:25:00,2026,3,2026-06-07 05:07:57.237679,3a4bfb4f60624c52f483b539cf5da511164f7678a38858cbec4d9c445a964645,NEW,,0
https://cafef.vn/mot-ngan-hang-thu-phi-300000-dong-neu-khach-huy-the-trong-vong-12-thang-188260323151751842.chn,2026-03-23 15:18:00,2026,3,2026-06-07 05:07:57.304971,bf161133d56debb0408f0860eb41c751eeb7aa893b33dcfeee5d137a4ee6559a,NEW,,0
https://cafef.vn/vang-lao-doc-10-tuan-nen-bat-day-hay-giu-tien-mat-luc-nay-188260323151601558.chn,2026-03-23 15:16:00,2026,3,2026-06-07 05:07:57.371839,389c79d744321ab600a3a9e5f6194451ca8cb53c0879894c9ada076ce5eae01b,NEW,,0
https://cafef.vn/bat-tam-giam-nu-chu-hui-lua-dao-chiem-doat-hon-14-ti-dong-188260323144326139.chn,2026-03-23 14:43:00,2026,3,2026-06-07 05:07:57.436179,cb6e47743aa44e3e34ae0f26b700eda792be15015380942ee65d48d68763335b,NEW,,0
https://cafef.vn/bidv-co-thong-bao-khan-den-toan-bo-khach-hang-188260323085509287.chn,2026-03-23 13:54:00,2026,3,2026-06-07 05:07:57.510513,a2fca18ca00bc3c0fb23f807b7132e39d52f1b71a2360ee7b3484eb98fd114ad,NEW,,0
https://cafef.vn/mot-dich-vu-tai-ngan-hang-se-bi-dung-hoan-toan-tu-1-4-nguoi-dan-dac-biet-chu-y-188260323113227289.chn,2026-03-23 13:36:00,2026,3,2026-06-07 05:07:57.589300,8052dfeb8bf7173d9a226610574fb52e18e88aac3714ead9ef480060a0dd10cd,NEW,,0
https://cafef.vn/bitcoin-xuong-duoi-moc-69000-usd-188260323075420377.chn,2026-03-23 11:09:00,2026,3,2026-06-07 05:07:57.650032,ba5adfe676c7e144b136018eb0a15d3dd73163827884eb9e2d7e115e357412f9,NEW,,0
https://cafef.vn/nguyen-nhan-gia-vang-rot-the-tham-188260323110625345.chn,2026-03-23 11:06:00,2026,3,2026-06-07 05:07:57.708621,264a436bd5fa50fb12b8dcea2f76ffba31997c14bbdc70bede39a004af73380f,NEW,,0
https://cafef.vn/tai-khoan-cua-nu-sinh-2010-nhan-duoc-499900000-dong-cong-an-ninh-binh-lap-tuc-vao-cuoc-xac-minh-188260323102627552.chn,2026-03-23 10:26:00,2026,3,2026-06-07 05:07:57.770798,7400f2abff3ac7586aeebd200d3465d050fecb748f809d3d3fc4f2f801a175e8,NEW,,0
https://cafef.vn/cung-mua-vang-co-nguoi-mua-xong-la-nhe-dau-co-nguoi-lai-ban-khoan-mat-ngu-vi-sao-188260323090618645.chn,2026-03-23 09:06:00,2026,3,2026-06-07 05:07:57.830693,bb7971cbf8ca398b5b54f2ff7e14b565ae9b4c9af5f21538d2152cca75010f3f,NEW,,0
https://cafef.vn/phu-phep-giam-dinh-thuong-tat-de-chiem-doat-15-ty-dong-bao-hiem-188260322211027755.chn,2026-03-22 21:10:00,2026,3,2026-06-07 05:07:57.890259,6059472f7a0db89e42ecbec25145189a17c39bdfbd668a57852fc0d5aa1beafc,NEW,,0
https://cafef.vn/khach-hang-bidv-chu-y-khong-cung-cap-tai-khoan-giay-to-nha-dat-xetrong-truong-hop-sau-188260322201157485.chn,2026-03-22 20:11:00,2026,3,2026-06-07 05:07:58.047057,1c74181d3a932765820ab65cf6501ad26d96da109d23ce07bf2237f4a397fad1,NEW,,0
https://cafef.vn/gia-vang-rot-tham-20-trieu-dong-khong-phai-ai-cung-buon-va-lo-lang-18826032212192402.chn,2026-03-22 13:18:00,2026,3,2026-06-07 05:07:58.111161,062e4e563ddf4b4efb2e519ecd234387f18b5ab76f01e81a88a7d86dc35f0d20,NEW,,0
https://cafef.vn/truoc-28-3-nguoi-tung-giao-dich-voi-tai-khoan-techcombank-va-vietcombank-sau-khan-truong-trinh-bao-188260322081323814.chn,2026-03-22 12:32:00,2026,3,2026-06-07 05:07:58.194068,db4c05cc8b1d02f2b6fbed40ba38fa377610ccbdd1118addc6f47bddb1d19cdf,NEW,,0
https://cafef.vn/lai-suat-tang-nguoi-mua-nha-chu-trong-bai-toan-quan-tri-rui-ro-188260322122158639.chn,2026-03-22 12:21:00,2026,3,2026-06-07 05:07:58.251754,4cccd387fc5bc2e5b3a2f241bb907d34a438e78d71346f6575bfbd86a6fcbda0,NEW,,0
https://cafef.vn/vi-dien-tu-app-cong-nghe-hoan-tien-xang-cho-nguoi-tieu-dung-tai-xe-188260321150704202.chn,2026-03-21 16:06:00,2026,3,2026-06-07 05:07:58.315072,da0f5a2b1a21ebb162212a7885b24b6221f7d2cf37243c2fb8a69cc5d0ea329c,NEW,,0
https://cafef.vn/xuat-hien-ngan-hang-huy-dong-lai-suat-9-nam-cho-khoan-tien-gui-tu-100000-dong-188260321104748181.chn,2026-03-21 10:47:00,2026,3,2026-06-07 05:07:58.375508,c52f8afacc71a73462bc5247ba93dc1da3301b093e2ac8c36526b7f774ef63e6,NEW,,0
https://cafef.vn/co-quan-thue-canh-bao-nhieu-truong-hop-dung-thong-tin-ca-nhan-de-khai-khong-chi-phi-luong-188260321103406692.chn,2026-03-21 10:33:00,2026,3,2026-06-07 05:07:58.444297,fa4c48c78c876b99b94cd58320473e9bb55cdf999809e8f54baa5010e1bf8964,NEW,,0
https://cafef.vn/lo-nang-khi-du-dinh-vang-bac-188260321075439382.chn,2026-03-21 08:38:00,2026,3,2026-06-07 05:07:58.513764,5b7c0db1fecf6e5340045e82404858174a773f09ab1a9a02ae41859262e9c3c0,NEW,,0
https://cafef.vn/thi-truong-tien-so-hom-nay-20-3-buoc-di-moi-trong-bao-ve-tai-san-so-tai-viet-nam-188260320214051306.chn,2026-03-20 22:07:00,2026,3,2026-06-07 05:07:58.581596,566212e8673824d97d44dd5d148281f2f8914ebec3ca5163b8677fed109dfdd8,NEW,,0
https://cafef.vn/momo-noi-gi-truoc-quy-dinh-khai-bao-vi-dien-tu-cua-ho-kinh-doanh-188260320162628312.chn,2026-03-20 16:26:00,2026,3,2026-06-07 05:07:58.663487,33e89b8a736bb532935970488bd4b7d3bcdec20e553abd4aad939e9f6b5f897a,NEW,,0
https://cafef.vn/tu-1-4-nguoi-dung-vietcombank-agribank-bidv-vietinbank-se-khong-the-chuyen-khoan-nhan-tien-neu-co-ten-tai-khoan-nhu-sau-188260320152719592.chn,2026-03-20 15:28:00,2026,3,2026-06-07 05:07:58.726442,c55a270b1931ec2a617e4bf933789df8741b2eab1fe2986ea706529d56e23b8b,NEW,,0
https://cafef.vn/tu-hom-nay-khach-hang-agribank-rut-tien-chuyen-tien-co-thay-doi-188260320091733132.chn,2026-03-20 15:16:00,2026,3,2026-06-07 05:07:58.816789,8e826d3a54a901fd3ec26f67beed1db5fb40d7b23a6017ad86e0985e733bb906,NEW,,0
https://cafef.vn/nhan-23-ty-vao-tai-khoan-phai-tra-phi-23-trieu-dong-nguoi-dan-ong-chuan-bi-thanh-toan-thi-cong-an-chan-giao-dich-188260320101906209.chn,2026-03-20 10:18:00,2026,3,2026-06-07 05:07:58.892428,8c9998c766070ceadff04311fd5896c2ab352b52a93b6c580872ee396c7ed0ca,NEW,,0
https://cafef.vn/co-hoi-cho-vay-tieu-dung-khoi-sac-188260320092831883.chn,2026-03-20 09:28:00,2026,3,2026-06-07 05:07:58.962395,a1ed36dd566a4a8afd5de453ff9086c6b764664f5a5ef969a567570e53f154f8,NEW,,0
https://cafef.vn/lai-suat-tang-gia-nha-co-giam-188260320092550979.chn,2026-03-20 09:25:00,2026,3,2026-06-07 05:07:59.031927,71ad33e30f44b0070831eb5a18845996df662b5d399552dd2c7fddfd9e124217,NEW,,0
https://cafef.vn/cong-an-ngan-chan-nguoi-dan-ong-rut-toan-bo-tien-tiet-kiem-de-chuyen-vao-tai-khoan-02676576461316-mang-ten-dang-hoang-son-188260319224659811.chn,2026-03-19 22:45:00,2026,3,2026-06-07 05:07:59.126650,ac41670778d4c373d5ab797096ed4d92d668130a5b53f782552279fdcff24589,NEW,,0
https://cafef.vn/thi-truong-tien-so-hom-nay-19-3-vang-roi-tu-do-bitcoin-rot-moc-70000-usd-1882603192046113.chn,2026-03-19 21:05:00,2026,3,2026-06-07 05:07:59.191085,a0e14660090aa507c22cca26d2f8e5cbb9a6a34377b42dc6c194c18eb5a8d9e1,NEW,,0
https://cafef.vn/tai-khoan-nhan-3-ty-dong-tu-nhan-vien-ngan-hang-mb-nguoi-phu-nu-sinh-nam-1995-duoc-cong-an-moi-lam-viec-188260319144701144.chn,2026-03-19 15:15:00,2026,3,2026-06-07 05:07:59.252063,397d1233ff824cd5d464874a1838e05770813e0a8701625860ef00c02845f9fc,NEW,,0
https://cafef.vn/hom-nay-hang-trieu-khach-hang-agribank-don-tin-vui-18826031914444574.chn,2026-03-19 14:45:00,2026,3,2026-06-07 05:07:59.316868,33b7a0cd6406adb5907160f2baf5d26d633b051066549d15054f134aa95a3ecf,NEW,,0
https://cafef.vn/ban-dat-o-que-vay-ngan-hang-them-1-ty-de-mua-chung-cu-ha-noi-gio-toi-hoi-han-vo-cung-188260319143424441.chn,2026-03-19 14:33:00,2026,3,2026-06-07 05:07:59.442327,8b69f4ab6f6a85cffd5ed277c0d98be382d684383d46d40ed2bd6df4bccc9162,NEW,,0
https://cafef.vn/gia-bac-hom-nay-19-3-thung-moc-3-trieu-dong-luong-188260319103621237.chn,2026-03-19 11:24:00,2026,3,2026-06-07 05:07:59.513169,f36eab4daad4244248889c047dc48aadd0341b3f148c376b5973ced503632293,NEW,,0
https://cafef.vn/nguoi-tung-giao-dich-voi-tai-khoan-vietcombank-techcombank-sau-day-khan-truong-den-cong-an-trinh-bao-188260319103515213.chn,2026-03-19 10:36:00,2026,3,2026-06-07 05:07:59.583524,33e869cff2ccd36a825315a7b882d02a5ac839aca08230bc7780b92aae3e9b0e,NEW,,0
https://cafef.vn/cu-ba-o-nghe-an-mang-19-chi-vang-di-ban-de-chung-minh-tai-san-sach-18826031909020352.chn,2026-03-19 09:00:00,2026,3,2026-06-07 05:07:59.650248,a8983d70927e49b2923bb4453c9c1371d25c35bdd2f8084dc8c6b3223c72887c,NEW,,0
https://cafef.vn/khong-phai-vang-hay-chung-khoan-day-la-tai-san-duoc-tien-si-tai-chinh-rot-tien-nhieu-nhat-188260319074903415.chn,2026-03-19 07:48:00,2026,3,2026-06-07 05:08:44.911515,d12e6781a034c1a661f3d5d20831634ab6095a565773fc61c99a06af047e2e23,NEW,,0
https://cafef.vn/tat-ca-nguoi-dung-vietcombank-chu-y-thay-doi-quan-trong-tu-ngay-26-3-18826031815362272.chn,2026-03-18 19:53:00,2026,3,2026-06-07 05:08:44.977776,f894207ed2c5d8c910a84c97c872377c6168327e6a6b4b5e14ebd83c5b1cb838,NEW,,0
https://cafef.vn/tu-1-4-moi-giao-dich-chuyen-tien-den-tai-khoan-vpbank-co-the-bi-tu-choi-neu-nguoi-dung-thuoc-truong-hop-nay-188260318142026734.chn,2026-03-18 14:20:00,2026,3,2026-06-07 05:08:45.042259,abe8bb67c46986dab46630cd05095cce0450363d458b348bd803df0d6b1d24aa,NEW,,0
https://cafef.vn/de-nghi-truy-to-mr-pips-pho-duc-nam-lua-hon-1300-ty-dong-188260318141753671.chn,2026-03-18 14:18:00,2026,3,2026-06-07 05:08:45.147375,c3b481b2ff10c7b59e478caf197b24d0a7e4395410377fd61b457570f69870c0,NEW,,0
https://cafef.vn/chuyen-khoan-10-nghin-dong-cho-shipper-tai-khoan-cua-vi-khach-o-da-nang-bi-tru-toi-20-trieu-188260318133826815.chn,2026-03-18 13:38:00,2026,3,2026-06-07 05:08:45.216143,3ed9c06e9e2fdb7f7b17fe0309e87f6cab30ec7763b4aa61bb125dba935964c5,NEW,,0
https://cafef.vn/ngan-hang-lon-lien-tuc-bao-tri-toi-hoi-han-vi-chi-dung-mot-tai-khoan-188260318102614663.chn,2026-03-18 10:26:00,2026,3,2026-06-07 05:08:45.277639,0c3313d064b173efdb18bf4f31d7d6333cbb4f3aae32dc702303093aa0e90e8d,NEW,,0
https://cafef.vn/nhung-tai-khoan-ho-kinh-doanh-sau-co-the-bi-ngan-hang-dung-giao-dich-chuyen-tien-tu-ngay-16-3-188260318094021745.chn,2026-03-18 09:40:00,2026,3,2026-06-07 05:08:45.335483,883a9063c5411d556a5a0c5ba01bfc71f143f00210e6a1745b1b8897628fad3d,NEW,,0
https://cafef.vn/ngan-hang-thong-bao-hinh-anh-tuyet-doi-khong-luu-trong-dien-thoai-188260318091254757.chn,2026-03-18 09:12:00,2026,3,2026-06-07 05:08:45.392347,c32629396b3f8fa71dfabaee50755556f2171ae8dfb78a16266f70a41b358e7d,NEW,,0
https://cafef.vn/nhung-loai-giay-to-nao-bi-vietcombank-vietinbank-agribank-bidv-ngung-chap-nhan-se-bi-khoa-tai-khoan-ngan-hang-188260318071113204.chn,2026-03-18 07:58:00,2026,3,2026-06-07 05:08:45.492740,f0e2499cc04cc0b4e277014dbf945bf952a9f18855112a24d864999221be479c,NEW,,0
https://cafef.vn/chuyen-thanh-cong-100-trieu-dong-vao-tai-khoan-1020886xxxx-o-vietcombank-nguoi-phu-nu-o-hung-yen-voi-bao-cong-an-188260317164423124.chn,2026-03-17 20:16:00,2026,3,2026-06-07 05:08:45.552502,3e8288cb01344050353b052a7660a6e7e70e1dd84ae7e318e60a119a03d92a9c,NEW,,0
https://cafef.vn/thi-truong-tien-so-hom-nay-17-3-tam-ly-nha-dau-tu-phia-sau-da-tang-manh-bitcoin-188260317201328096.chn,2026-03-17 20:11:00,2026,3,2026-06-07 05:08:45.614997,4482d363bf8c3ca5f1945a23c74756114483ae1042a956575d72ecca561b974c,NEW,,0
https://cafef.vn/du-dia-phat-trien-tin-dung-tieu-dung-con-lon-188260317183728559.chn,2026-03-17 18:37:00,2026,3,2026-06-07 05:08:45.675994,9034aef9ebade0c68e5098ed897e16aa564eac728f5040f609484eb055ba2344,NEW,,0
https://cafef.vn/mot-ngan-hang-luu-y-se-gian-doan-lenh-chuyen-tien-trong-truong-hop-sau-188260317160831695.chn,2026-03-17 16:08:00,2026,3,2026-06-07 05:08:45.734078,175591600d1bbd9fd7fd384b58c13205c9c2f70bb60b3961b1ac1302e2cb5fc4,NEW,,0
https://cafef.vn/ngan-hang-canh-bao-nong-lien-quan-den-sim-dien-thoai-188260317121128421.chn,2026-03-17 12:12:00,2026,3,2026-06-07 05:08:45.846255,94aa4f7a18da7f4de48e2db54141aa67a020c6adb879c2c5ec3822666aa39236,NEW,,0
https://cafef.vn/luong-chi-6-trieu-thang-nhung-tai-khoan-nhan-duoc-30-trieu-nu-cong-nhan-sinh-nam-2007-rut-tien-roi-den-cong-an-188260317102719625.chn,2026-03-17 10:27:00,2026,3,2026-06-07 05:08:45.909807,24a091cf2d0ae83161f0d597cb53ff65162255f191b7b3eaa9db9707c9903c34,NEW,,0
https://cafef.vn/vietcombank-canh-bao-khong-su-dung-day-so-sau-de-lam-mat-khau-rat-nhieu-nguoi-dang-mac-loi-nay-188260317082424226.chn,2026-03-17 08:24:00,2026,3,2026-06-07 05:08:45.989082,ffaf73facf98599d320f245b46133fa19dd4f0154d6bfaa873b1b6cf35ff2853,NEW,,0
https://cafef.vn/bitcoin-that-the-truoc-su-troi-day-cua-cac-tai-san-kinh-te-truyen-thong-188260316204439073.chn,2026-03-16 21:06:00,2026,3,2026-06-07 05:08:46.048992,2c2df8bf04a154f6f761fd03dae1dc130820d9ac94677aa363a3c11019509ffb,NEW,,0
https://cafef.vn/hon-30-tuoi-chua-chong-toi-chi-co-100-trieu-gui-tiet-kiem-lieu-co-qua-kem-coi-18826031616375194.chn,2026-03-16 16:37:00,2026,3,2026-06-07 05:08:46.108882,26f64953d814020a1ef2c3c15e1a214df3dc5cedf7c91edae8e2b1f1bf8caa83,NEW,,0
https://cafef.vn/mo-nhieu-tai-khoan-ngan-hang-dung-ten-ho-kinh-doanh-roi-lien-tuc-chuyen-rut-hon-2000-ty-dong-cong-an-dieu-tra-2-nguoi-dan-ong-da-nang-188260316140836431.chn,2026-03-16 14:08:00,2026,3,2026-06-07 05:08:46.170850,c28c1475fddd214fb7c8f8a6e092190c0c34611193260e2158fcd71319fffc35,NEW,,0
https://cafef.vn/sau-vai-nam-mua-vang-nhieu-nguoi-moi-nhan-ra-minh-chua-tung-nghi-den-dieu-nay-188260316113205886.chn,2026-03-16 13:35:00,2026,3,2026-06-07 05:08:46.230638,17696451285553283923f65efd344a17fa0ee1885aba3db7518a1ec9a6123100,NEW,,0
https://cafef.vn/thay-tin-nhan-nay-xoa-ngay-lap-tuc-neu-khong-muon-tai-khoan-ngan-hang-boc-hoi-188260316071609198.chn,2026-03-16 09:01:00,2026,3,2026-06-07 05:08:46.287229,913c2240e6972a33994b2b1c65ed67caf9e997f48fc4c2a2073ea2f748a00113,NEW,,0
https://cafef.vn/gia-vang-giam-lien-tuc-co-nen-mua-188260316065309805.chn,2026-03-16 07:34:00,2026,3,2026-06-07 05:08:46.343655,521a27ebe8751ca6e047c41b3aeec59a3a0b6af4041c14cba01da6163a4f55f4,NEW,,0
https://cafef.vn/ngan-hang-chi-dich-danh-ung-dung-chua-rui-ro-mat-tien-nguoi-dung-nen-go-gap-18826031606480927.chn,2026-03-16 07:02:00,2026,3,2026-06-07 05:08:46.403669,efe0a71135f41d5f8c3baa405050c8f37fb3c314e84dc0cd64e360336177aca7,NEW,,0
https://cafef.vn/thi-truong-tien-so-hom-nay-15-3-tin-hieu-dang-chu-y-cua-bitcoin-giua-cang-thang-my-iran-188260316070526167.chn,2026-03-15 22:21:00,2026,3,2026-06-07 05:08:46.464974,83158696eed2114655364e21aedd0fd87d5eb85128db5a3e20c6ae7fa71e9b5e,NEW,,0
https://cafef.vn/de-xuat-lap-hoa-don-theo-ngay-voi-hoa-don-duoi-50000-dong-lan-18826031512541356.chn,2026-03-15 12:52:00,2026,3,2026-06-07 05:08:46.526961,2521b7fde1d66e52389109e1b9e8643686a5198ed4c31c6676a9d23220b57f97,NEW,,0
https://cafef.vn/triet-pha-duong-day-ban-hang-tram-nghin-hoa-don-khong-tri-gia-hon-2000-ty-dong-188260315125125767.chn,2026-03-15 12:51:00,2026,3,2026-06-07 05:08:46.585185,59437aa66db9bf3d2a5f1b9b1477745d6fe6538b5ec305b219e28b2400f1cd85,NEW,,0
https://cafef.vn/nhieu-ho-doanh-thu-tren-3-ty-thac-mac-lai-it-vay-sao-van-phai-nop-thue-15-chuyen-gia-thue-giai-thich-188260315125019367.chn,2026-03-15 12:50:00,2026,3,2026-06-07 05:08:46.644958,58af52f5c97cacc7617f1fc5f4e17e941580babe4da6742489c9845185bbdd50,NEW,,0
https://cafef.vn/thue-tphcm-co-thong-bao-quan-trong-ve-khai-thue-quyet-toan-thue-188260315125044229.chn,2026-03-15 12:49:00,2026,3,2026-06-07 05:08:46.720501,2f6a14fe5911f39d60868bc553f180fa89ac04c55fde0bdbb795423b997cc1b6,NEW,,0
https://cafef.vn/nguoi-dan-ong-lap-tuc-bao-cong-an-sau-khi-chuyen-499999999-dong-tu-tai-khoan-lpbank-sang-tai-khoan-mb-18826031422465137.chn,2026-03-15 06:00:00,2026,3,2026-06-07 05:08:46.788312,b3b236eb75ea4a80d598cce4a30b873a652cf08688b69251fc66626ea6859c94,NEW,,0
https://cafef.vn/danh-sap-duong-day-tien-ao-cua-tap-doan-xintel-lua-hon-400-ti-dong-cua-42-ngan-nguoi-188260312151343776.chn,2026-03-14 21:53:00,2026,3,2026-06-07 05:08:46.853836,a4468cd864419d86f212232c62da3523cb51f33183b0eca9545283add1e735ff,NEW,,0
https://cafef.vn/sot-ruot-vi-dao-han-toan-bo-so-tiet-kiem-200-trieu-de-mua-vang-188260314132400485.chn,2026-03-14 13:25:00,2026,3,2026-06-07 05:08:46.911667,e96d92f7135c21f2cb74cad3d7b5455167c948ff49c12368545307bd67cc1718,NEW,,0
https://cafef.vn/cong-an-tim-nguoi-chuyen-tien-vao-tai-khoan-ngan-hang-quan-doi-mb-duoi-day-18826031410191919.chn,2026-03-14 10:18:00,2026,3,2026-06-07 05:08:46.989955,ea0f4cd911f5cd1a04a7340cacee2050c384c3994b36bcee9ac430235c909e3b,NEW,,0
https://cafef.vn/nguoi-phu-nu-bi-lua-khi-mua-vang-tren-mang-xa-hoi-voi-gia-re-bat-ngo-188260314091041183.chn,2026-03-14 09:42:00,2026,3,2026-06-07 05:08:47.065216,20adbd43ff57941e768e3fde627d324dcc1e197fcd2abd5fcde876430c82aec0,NEW,,0
https://cafef.vn/ngan-hang-canh-bao-khan-hien-tuong-dien-thoai-dot-ngot-mat-song-188260314055246912.chn,2026-03-14 06:51:00,2026,3,2026-06-07 05:08:47.128045,025d2dad47c2560e9c7885f49d80773479dd7640524e940e9e099c2e01c27f39,NEW,,0
https://cafef.vn/chu-no-ngo-ngang-vi-xuat-hien-ngoi-nha-la-tren-manh-dat-dang-the-chap-ngan-hang-188260313145039765.chn,2026-03-13 22:20:00,2026,3,2026-06-07 05:08:47.211307,751609dd83c63ea18f92e9d1d260520f6d6abbb4b9e1a5897caaabfab3f662a1,NEW,,0
https://cafef.vn/agribank-vietcombank-bidv-mb-se-tien-hanh-kiem-tra-tai-khoan-nguoi-nhan-truoc-khi-khach-hang-chuyen-tien-188260313144431163.chn,2026-03-13 14:44:00,2026,3,2026-06-07 05:08:47.266221,85048474259365b0082897cc01014a83745f0307b50d528eb73105702d8a506b,NEW,,0
https://cafef.vn/chuyen-gia-thue-khuyen-cao-ho-kinh-doanh-se-phai-nop-thue-nhieu-hon-thuc-te-neu-khong-lam-dieu-nay-188260313103600012.chn,2026-03-13 10:36:00,2026,3,2026-06-07 05:08:47.325479,7e7b13a8e3a60039d14a5274a7f2b81367e036d45bfe00c42afb0a961abb2e66,NEW,,0
https://cafef.vn/nguoi-vay-app-cho-vay-ngang-hang-p2p-lending-chu-y-lich-su-du-no-co-the-sap-xuat-hien-tren-cic-188260313092837817.chn,2026-03-13 10:13:00,2026,3,2026-06-07 05:08:47.382770,8179ec8b25910ee14c44cea113a747bccb665c1f0b0439ea59b02458ff514523,NEW,,0
https://cafef.vn/doanh-thu-tren-500-trieu-dong-ho-kinh-doanh-nop-thue-ra-sao-188260313095703376.chn,2026-03-13 09:57:00,2026,3,2026-06-07 05:08:47.440523,eb86d8cb6a0d18da030a9666a2ba7f9bca10a1c3f17042a212a74898596d93f2,NEW,,0
https://cafef.vn/xu-ly-nghiem-viec-thanh-toan-tien-mat-de-tron-thue-188260312203635642.chn,2026-03-12 20:36:00,2026,3,2026-06-07 05:08:47.499385,b52bfc3d96c92319f832bd4fc4953ccb0999a1a42c2f3f88ad29e2623ee5bc05,NEW,,0
https://cafef.vn/4-truong-hop-tai-khoan-ngan-hang-bi-vietcombank-agribank-vietinbank-bidv-xoa-so-ngay-lap-tuc-188260312195710993.chn,2026-03-12 19:57:00,2026,3,2026-06-07 05:08:47.556274,5468cfbcbaa598ea9882385d1e32f2c284e023594a4b9e00168f07ceda40e883,NEW,,0
https://cafef.vn/nguoi-dan-ong-tra-lai-200-trieu-chuyen-khoan-nham-minh-khong-lam-ra-thi-tuyet-doi-khong-the-giu-cho-rieng-minh-188260312145840821.chn,2026-03-12 14:59:00,2026,3,2026-06-07 05:08:47.617564,ef59ed9eb4a5050f891772ec0df18d17ae75c8832d78900175640144d5626584,NEW,,0
https://cafef.vn/hoa-don-9-trieu-nhung-khach-chi-chuyen-khoan-9-nghin-nguoi-ban-van-giao-dich-them-14-lan-mat-tong-140-trieu-188260312140952757.chn,2026-03-12 14:10:00,2026,3,2026-06-07 05:08:47.679975,5b60c5140c38cc332a350604be90fc9a4f6bfce504e67db234e09c5b79abf331,NEW,,0
https://cafef.vn/viet-nam-dat-muc-tieu-it-nhat-30-nguoi-truong-thanh-co-tien-gui-tiet-kiem-188260312135940973.chn,2026-03-12 13:59:00,2026,3,2026-06-07 05:08:47.740660,9b41434405df36877503b958001bc53cd08038ef0d053671f00802bdb79ee2d1,NEW,,0
https://cafef.vn/chuyen-gia-dung-ky-vong-gia-vang-se-som-giam-188260312111529922.chn,2026-03-12 11:15:00,2026,3,2026-06-07 05:08:47.801524,f805d530f6e0fdebf130e03e5d7a3565a8ba566d2d726d96d3b4559adebb4dd3,NEW,,0
https://cafef.vn/dong-150-trieu-tien-phi-bao-hiem-nhan-tho-suot-5-nam-den-khi-dung-hop-dong-nguoi-dan-ong-chi-nhan-ve-20-trieu-188260312102442677.chn,2026-03-12 11:00:00,2026,3,2026-06-07 05:09:36.882898,eb44b1a7f7f341f43be7fd26e9023c27f8d8f0f1d606d7862e35ce4fbfc2a563,NEW,,0
https://cafef.vn/co-khoang-vai-tram-trieu-nen-dong-bhxh-tu-nguyen-de-ve-gia-nhan-5-trieu-thang-hay-mua-vang-tich-tru-188260312101540823.chn,2026-03-12 10:15:00,2026,3,2026-06-07 05:09:36.955149,dfaf8f54f6d38ad82135694ca5a81b91cdba611a0e9ba5161def13d5fcff58a7,NEW,,0
https://cafef.vn/nhan-thuc-cua-nguoi-dung-mat-xich-quan-trong-trong-bao-ve-giao-dich-ngan-hang-so-188260312094919223.chn,2026-03-12 09:49:00,2026,3,2026-06-07 05:09:37.033693,f846d4f5b0125c2fa4db5eaa1b4f479bb5ba0205363b81c7d0d063c0b8433c33,NEW,,0
https://cafef.vn/vua-toi-uu-quang-cao-vua-nhan-hoan-tien-den-10-trieu-dong-tu-the-acb-visa-digi-188260312075204143.chn,2026-03-12 07:51:00,2026,3,2026-06-07 05:09:37.090449,9cb597f839303daf0ee530c2d11711572f3aacd8dfc17c0fbbf24459a477f4b7,NEW,,0
https://cafef.vn/thi-truong-tien-so-hom-nay-11-3-chuyen-gia-canh-bao-sap-co-bien-dong-lon-188260311212547849.chn,2026-03-11 21:56:00,2026,3,2026-06-07 05:09:37.148334,132787fb8fa6d6f2450b1fd24a6df9404e4b7351e1127d334ebd07003c3b9df5,NEW,,0
https://cafef.vn/mua-ve-so-vielott-theo-ngay-sinh-chau-noi-mot-nguoi-o-tp-hcm-trung-hon-352-ti-dong-188260311182258886.chn,2026-03-11 19:18:00,2026,3,2026-06-07 05:09:37.210522,8d9ce4522aa8d258528bf19996ee5ab07ca7ae57c44201c92f1342880da6bfdb,NEW,,0
https://cafef.vn/nen-giu-12-cay-vang-hay-mua-dat-que-de-dau-tu-dai-han-188260311164043967.chn,2026-03-11 18:39:00,2026,3,2026-06-07 05:09:37.271189,6f09e455fa8a16d1c8afd4a983526dcdf566b8dbb5fcb81a405ccaa4ab879c88,NEW,,0
https://cafef.vn/huong-dan-ke-toan-khi-tham-gia-thi-truong-tai-san-ma-hoa-188260311160115835.chn,2026-03-11 18:00:00,2026,3,2026-06-07 05:09:37.331279,fa282e21dbbf623997ccfc43bf9c83e52ecfe3a0b59751299d2cc57940650465,NEW,,0
https://cafef.vn/gia-bac-ba-ly-do-khien-xu-huong-giam-se-tiep-tuc-188260311095208708.chn,2026-03-11 15:57:00,2026,3,2026-06-07 05:09:37.403150,666895b9ff38614158ccf89db0f95cc730c165cab3a14e1b11c6dac9d4b78280,NEW,,0
https://cafef.vn/nguoi-phu-nu-o-hung-yen-den-trinh-bao-cong-an-lap-tuc-tra-soat-giao-dich-xac-minh-nguon-tien-140-trieu-trong-tai-khoan-188260311142443987.chn,2026-03-11 14:25:00,2026,3,2026-06-07 05:09:37.463289,6152843ed7545d04b8b56992bc8bc1edf206e4b16d9a196ff326199a77768df6,NEW,,0
https://cafef.vn/co-35-ty-gui-ngan-hang-co-nen-danh-doi-24-trieu-tien-lai-moi-thang-de-mua-dat-hoac-vang-188260311111720894.chn,2026-03-11 11:15:00,2026,3,2026-06-07 05:09:37.541154,321f3548963caf5f050d8b6545d105d37125cd3279c55008e6774698e1407512,NEW,,0
https://cafef.vn/ngan-hang-khuyen-cao-khach-hang-tuyet-doi-khong-cai-dat-ung-dung-nay-keo-phat-sinh-khoan-vay-lai-cat-co-188260311102434535.chn,2026-03-11 10:24:00,2026,3,2026-06-07 05:09:37.602806,cc4e57e90244c0808cd134adacc19c5c467a1bb14673be2ee67c7787ead24ed3,NEW,,0
https://cafef.vn/lai-suat-tiet-kiem-ngan-hang-nao-uu-dai-nhat-thang-3-188260311091709104.chn,2026-03-11 10:00:00,2026,3,2026-06-07 05:09:37.664705,934cf5d15fddb6e1620a23d006ce8c80a6394ca3e4b7b9374310b90ac96d7898,NEW,,0
https://cafef.vn/lich-su-no-xau-tren-cic-bao-lau-moi-duoc-xoa-va-duoc-vay-lai-188260311091351779.chn,2026-03-11 09:13:00,2026,3,2026-06-07 05:09:37.724853,0c5a9c3b85f6a0c7a5301bb874b8eeda2a91c1ce269a49e8c9e7d627f3970ee1,NEW,,0
https://cafef.vn/bat-2-thanh-nien-hack-tai-khoan-facebook-de-lua-dao-188260310181113167.chn,2026-03-10 18:09:00,2026,3,2026-06-07 05:09:37.784292,eed7f0dc487f67da70056c0fb49e2ba72415b4169492139347b4b9e1593de9fd,NEW,,0
https://cafef.vn/xay-dung-ha-tang-so-cho-trung-tam-tai-chinh-quoc-te-188260309140208505.chn,2026-03-10 16:13:00,2026,3,2026-06-07 05:09:37.844921,812c51e7ed7c61cebae39120f5ec8f9a40dae249f80a92bbe0cc87568e4c3d82,NEW,,0
https://cafef.vn/cong-an-canh-bao-khan-den-hoc-sinh-sinh-vien-co-tai-khoan-ngan-hang-188260310155315958.chn,2026-03-10 15:53:00,2026,3,2026-06-07 05:09:37.912951,161f57a7f908d98629035d30f8885c2089d21c0b3b28037765622d619d0f8f90,NEW,,0
https://cafef.vn/ha-noi-nguoi-phu-nu-u50-mat-gan-nua-ty-dong-vi-chat-sex-qua-mang-18826031013554984.chn,2026-03-10 14:25:00,2026,3,2026-06-07 05:09:37.986647,e57077eab35c2d6a185d651bd1bd3492a880129310ec9bd9540eedce201cff1d,NEW,,0
https://cafef.vn/ho-kinh-doanh-ca-nhan-kinh-doanh-luu-y-7-khoan-chi-duoc-tru-va-6-khoan-chi-khong-duoc-tru-khi-tinh-thue-thu-nhap-ca-nhan-188260310103125377.chn,2026-03-10 10:31:00,2026,3,2026-06-07 05:09:38.049402,66d314235c72bcf226d6b5f22b574dd109584d6eb1f737e3c0b203136366d753,NEW,,0
https://cafef.vn/mot-doanh-nghiep-bao-hiem-vua-cham-dut-hoat-dong-23-cong-ty-thanh-vien-18826031010300154.chn,2026-03-10 10:30:00,2026,3,2026-06-07 05:09:38.111723,962d32f5345ba1534b3c5d6122a28151f3953da840e89484db89cc95510a7a7b,NEW,,0
https://cafef.vn/giam-doc-linh-11-nam-tu-vi-lua-ban-o-to-dang-the-chap-tai-ngan-hang-188260310095407853.chn,2026-03-10 09:53:00,2026,3,2026-06-07 05:09:38.173818,6060a1b81a2a0d7cfc84309f7e761f9cad592efc2ff100dd400ca54a030218ea,NEW,,0
https://cafef.vn/phat-hien-nhieu-nguoi-chuyen-tien-vao-tai-khoan-cua-2-thanh-nien-sn-2006-2007-cong-an-tien-hanh-truy-vet-pha-vu-lua-dao-tinh-vi-188260310094028011.chn,2026-03-10 09:40:00,2026,3,2026-06-07 05:09:38.260794,e53f93c111ea5dbb0ed779abe75cc093c500cc1de44201b1e437336460bdfef4,NEW,,0
https://cafef.vn/ha-noi-doi-tuong-truy-na-toi-cho-vay-lai-nang-ra-dau-thu-188260310090703445.chn,2026-03-10 09:07:00,2026,3,2026-06-07 05:09:38.321545,9e29cda3a35e1ae3eb481cd5fe8bc1cc9e3a52a17a69c8b0d9aae86df8266c7a,NEW,,0
https://cafef.vn/canh-giac-bay-lua-dao-tinh-vi-khi-giao-dich-ngan-hang-188260309211216508.chn,2026-03-09 21:12:00,2026,3,2026-06-07 05:09:38.384194,259fb00dbdb7b9861e529ee8f407ee2716a0555c74bda878e7b4a1fbe49058df,NEW,,0
https://cafef.vn/chuyen-la-ngan-hang-nhan-the-chap-nham-dat-cua-nguoi-khac-buoc-phai-tra-lai-so-do-188260309165720717.chn,2026-03-09 16:57:00,2026,3,2026-06-07 05:09:38.444229,23a88e1a87575efdf5c9232d3b63ce6373c2324c77d2344100f71d5a76b11ff7,NEW,,0
https://cafef.vn/van-con-tinh-trang-loi-dung-thanh-toan-tien-mat-su-dung-tai-khoan-ca-nhan-de-giau-doanh-thu-tron-thue-bo-tai-chinh-de-nghi-xu-ly-nghiem-18826030915515271.chn,2026-03-09 15:52:00,2026,3,2026-06-07 05:09:38.505571,26d98c57843dbe235ad37bc4820c26c54751e1c3d25e8d29afbbdefbc0a7cb53,NEW,,0
https://cafef.vn/cong-an-tim-nha-dau-tu-lien-quan-du-an-tien-so-lkt-luxkingtech-188260309142252764.chn,2026-03-09 14:23:00,2026,3,2026-06-07 05:09:38.568622,d49f1b9821b8945ed96f45ffee158a38dd11df7eef69af4251422fcb68a0f35b,NEW,,0
https://cafef.vn/tai-khoan-phat-sinh-giao-dich-400-trieu-dong-cong-an-moi-mot-nguoi-phu-nu-o-khanh-hoa-len-lam-viec-188260309105236135.chn,2026-03-09 10:52:00,2026,3,2026-06-07 05:09:38.628892,8ec7740e17ac4c4af678e81d154cbc0b6c50f5f301df55f4cf3135f74bc41a52,NEW,,0
https://cafef.vn/ngan-hang-tang-bao-mat-tren-thiet-bi-nguoi-dung-188260309092255685.chn,2026-03-09 09:22:00,2026,3,2026-06-07 05:09:38.697675,195a6c7d0d7526db7ee2d63ec580004b7f20342eb0a26c9484cb15c8c5f7fdbe,NEW,,0
https://cafef.vn/the-thanh-toan-vib-business-cho-doanh-nghiep-0-phi-ngoai-te-lounge-khong-gioi-han-quy-doi-188260308070008439.chn,2026-03-09 08:00:00,2026,3,2026-06-07 05:09:38.757727,9a9d3347e5833a130cf8545c8f1d069b77fa1a851565f2d96bc0e0293ab61dd2,NEW,,0
https://cafef.vn/truoc-ngay-20-4-nguoi-dung-tai-khoan-vietcombank-bidv-agribank-vietinbank-de-kinh-doanh-phai-lam-ngay-dieu-nay-188260308212710547.chn,2026-03-08 21:27:00,2026,3,2026-06-07 05:09:38.817789,878a80b73e53d86ab1118aa9acec5f692d299c4f13f03dff49c03a0b8a0d438a,NEW,,0
https://cafef.vn/dau-la-cach-thoat-bay-lua-dao-khi-giao-dich-ngan-hang-188260308202204395.chn,2026-03-08 20:21:00,2026,3,2026-06-07 05:09:38.878915,eaa5df9fe405a459b8b1c2c82178335b579abf333041bc6f55f353da938ccf26,NEW,,0
https://cafef.vn/mot-ngan-hang-tu-nhan-lon-tang-hang-loat-loai-phi-dich-vu-the-188260308162356226.chn,2026-03-08 16:23:00,2026,3,2026-06-07 05:09:38.939840,1e2d30c2f3aea0378a63afe3124e0bb6f01aaf12488f442113801817cffde5fc,NEW,,0
https://cafef.vn/gia-vang-giam-gan-6-trieu-dong-trong-1-tuan-nguoi-mua-vang-ngay-than-tai-den-gio-lo-bao-nhieu-188260308160107597.chn,2026-03-08 16:00:00,2026,3,2026-06-07 05:09:39.008142,ac5cbe0b05ed7f27fa0546de57a67280090e4968607295fc97d1c99528d6bef6,NEW,,0
https://cafef.vn/chuyen-gia-ly-giai-vi-sao-cuoc-chien-tai-trung-dong-co-the-khien-vang-giam-manh-188260308160005566.chn,2026-03-08 15:59:00,2026,3,2026-06-07 05:09:39.069431,becc2808fce85e466b86ed95c3fe40140e7d30c831b2aef39a0fd89a617a0352,NEW,,0
https://cafef.vn/sai-lam-dau-tien-cua-nhieu-nguoi-moi-mua-vang-nghi-rang-cang-nhieu-vang-cang-an-toan-18826030812435638.chn,2026-03-08 12:43:00,2026,3,2026-06-07 05:09:39.197668,2748902ed990f5a94a22e8f9b716fba1871aeaf89fc6111b1622e48ea2bfc5bc,NEW,,0
https://cafef.vn/nguoi-mua-vang-bac-lo-nang-188260308120001319.chn,2026-03-08 11:59:00,2026,3,2026-06-07 05:09:39.256844,751b7e6947bc037e51d26a337b1eb52dca049ade435ffbe89ccbe673eb934894,NEW,,0
https://cafef.vn/phu-nu-trong-blockchain-va-tai-san-so-tu-cuoc-choi-cua-dan-ky-thuat-den-cau-chuyen-co-hoi-rui-ro-18826030718291459.chn,2026-03-07 18:29:00,2026,3,2026-06-07 05:09:39.316527,60d6d04e0bcaa7972cb1057abdac464d4b5d347e2e1d1d15c077b8b855085ee1,NEW,,0
https://cafef.vn/luong-chi-13-trieu-thang-nhung-duoc-chuyen-khoan-toi-4-ty-dong-nam-nhan-vien-tu-choi-tra-tien-cho-cong-ty-toa-an-tuyen-anh-ta-khong-co-toi-188260307105341079.chn,2026-03-07 10:53:00,2026,3,2026-06-07 05:09:39.375377,8c049b960a55e582b21825650aa91952ed8d037d3d76d10255f4ba4649896ade,NEW,,0
https://cafef.vn/khach-hang-mb-chu-y-cac-giao-dich-chuyen-khoan-co-the-bi-gian-doan-vao-cuoi-tuan-188260307104814022.chn,2026-03-07 10:47:00,2026,3,2026-06-07 05:09:39.434849,cec7b5efc2e5e23646f524b0c26afb0b05a7b0fe0fa27870c9b6b461be8ccb06,NEW,,0
https://cafef.vn/vo-chong-o-hai-phong-co-27-chi-vang-voi-18-ty-dong-tien-mat-thu-nhap-hon-89-trieu-thang-van-chua-yen-tam-188260307102047755.chn,2026-03-07 10:20:00,2026,3,2026-06-07 05:09:39.494400,918979632a919815f962de55a4bb84cfd6c99cad5532951b876c11f94a518a54,NEW,,0
https://cafef.vn/nhung-sai-sot-ho-kinh-doanh-thuong-gap-khi-thuc-hien-quy-dinh-moi-ve-thue-188260307084532206.chn,2026-03-07 08:45:00,2026,3,2026-06-07 05:09:39.567449,ad067799f00b0f15200f8605dcd6c8a4bd3101dcfecdf89c17b0ce8af13b8757,NEW,,0
https://cafef.vn/thi-truong-tien-so-hom-nay-6-3-dong-thai-moi-cua-san-chung-khoan-lon-nhat-the-gioi-188260306194233382.chn,2026-03-06 20:33:00,2026,3,2026-06-07 05:09:39.631280,312d087642e449d72eeeca9f86f39e6e864e3995c9cc93c8afcb632c47a192da,NEW,,0
https://cafef.vn/khong-chi-vang-day-la-cac-kenh-dau-tu-giup-nguoi-tre-sinh-loi-toi-15-nam-chi-voi-100-trieu-dong-188260306194119524.chn,2026-03-06 19:41:00,2026,3,2026-06-07 05:09:39.705053,c05edc3cf6b8ea8a351f9c14ad7b4360b31dc55b504cff04f83edf27b49246f2,NEW,,0
https://cafef.vn/cong-an-canh-bao-thu-doan-lua-dao-thong-qua-cuoc-goi-video-chiem-doat-ma-otp-thong-tin-sinh-trac-tu-do-chiem-quyen-kiem-soat-tai-khoan-ngan-hang-188260306191518853.chn,2026-03-06 19:13:00,2026,3,2026-06-07 05:09:39.766966,0e0600f022b4b6e632bdcb4f2e677a0d29a1db744e9f247b48bdeccdb9344a03,NEW,,0
https://cafef.vn/tin-vui-cho-toan-bo-nguoi-dan-vay-ngan-hang-cong-ty-tai-chinh-188260306145155916.chn,2026-03-06 14:51:00,2026,3,2026-06-07 05:10:27.930652,3a9db46c06dfd93355fa6cc610efcaa0eaa9a9ce91f4f5777136033bb9081ba9,NEW,,0
https://cafef.vn/vua-co-nguoi-trung-vietlott-hon-114-ty-dong-188260306141643288.chn,2026-03-06 14:16:00,2026,3,2026-06-07 05:10:27.991843,677b1c7d6db269c9d384f914c52ab1b740909af9ec8d72be62db9864bdcdd942,NEW,,0
https://cafef.vn/ho-kinh-doanh-ca-nhan-kinh-doanh-phai-khai-bao-tat-ca-cac-tai-khoan-ngan-hang-lien-quan-san-xuat-kinh-doanh-cho-co-quan-thue-18826030612073289.chn,2026-03-06 12:07:00,2026,3,2026-06-07 05:10:28.051627,2260718d2d920f69f950980e9e39b730e3859c29388e1d6cbf8cb06977683372,NEW,,0
https://cafef.vn/san-sang-thi-diem-thi-truong-tai-san-ma-hoa-188260305070749572.chn,2026-03-06 10:44:00,2026,3,2026-06-07 05:10:28.109090,4cfbc570d1d23e2b764e15c152b293dd4c04382b4eab7dde1a858bf9b99fc20f,NEW,,0
https://cafef.vn/nguoi-dung-ten-tai-khoan-ngan-hang-co-the-bi-han-che-giao-dich-phong-toa-so-du-tham-chi-moi-len-cong-an-neu-lam-dieu-nay-18826030610163982.chn,2026-03-06 10:16:00,2026,3,2026-06-07 05:10:28.169079,3f63d55e75365d15eb9ee273242de337ed7fa2050403ea62c463f210a634dd45,NEW,,0
https://cafef.vn/hai-tai-khoan-chua-tung-giao-dich-bong-phat-sinh-chuyen-khoan-13-ty-dong-cong-an-ha-tinh-moi-hai-nguoi-phu-nu-len-xac-minh-188260306101454622.chn,2026-03-06 10:15:00,2026,3,2026-06-07 05:10:28.224729,2f0506de1bf9a8d652a7632381270638100d7a96425ee60bba926772b42f7d65,NEW,,0
https://cafef.vn/so-sanh-the-tin-dung-va-the-ghi-no-nguoi-chi-tieu-chua-tot-nen-dung-the-nao-188260306094240179.chn,2026-03-06 09:42:00,2026,3,2026-06-07 05:10:28.359601,5d8bc0fa30782e11e8a30e594d693091e2c30265b1d23dd9ef6c2dcd3a6dc28e,NEW,,0
https://cafef.vn/mat-the-tin-dung-nhung-viec-can-lam-ngay-de-khong-bi-mat-sach-tien-188260306092202599.chn,2026-03-06 09:21:00,2026,3,2026-06-07 05:10:28.418670,b18c5d60e75c4f39a8dc2718b47211265125dcf6cb388feed57ac9cd0e4e0427,NEW,,0
https://cafef.vn/gia-nhap-vib-privilege-banking-mo-ra-the-gioi-tron-ven-dac-quyen-188260305174532984.chn,2026-03-06 07:36:00,2026,3,2026-06-07 05:10:28.479161,92c6f5ed10988c26dd27a96a3d91eba39bcb0464f16a5fab1cb447e4de47da3d,NEW,,0
https://cafef.vn/nhieu-tai-khoan-mobile-banking-bi-khoa-dot-ngot-nguyen-nhan-do-chinh-chiec-dien-thoai-188260305212238595.chn,2026-03-06 07:06:00,2026,3,2026-06-07 05:10:28.536786,9722866ff2f38026e3432c39c66520a60c24de47b7082a454ec57c4fa8cf546e,NEW,,0
https://cafef.vn/thi-truong-tien-so-hom-nay-5-3-tin-vui-den-voi-bitcoin-188260305202226693.chn,2026-03-05 20:22:00,2026,3,2026-06-07 05:10:28.631752,3b13709664d2529b34ea7faf74c900d9e69413864770af1f8bdfeeb66def31e3,NEW,,0
https://cafef.vn/truy-na-nam-quan-ly-giup-mr-pips-lua-dao-188260305201845159.chn,2026-03-05 20:18:00,2026,3,2026-06-07 05:10:28.721153,021489b3d7e4dacabdae41f90744301138cb3f292ef832168a65a613e9bcedd7,NEW,,0
https://cafef.vn/tu-thang-3-nguoi-chuyen-khoan-duoi-50000-dong-tai-ngan-hang-nay-can-chu-y-188260305164525111.chn,2026-03-05 16:45:00,2026,3,2026-06-07 05:10:28.778607,47e7ca97d91260ff226e8c766b8dcc6097c649989a42d2bef3d282873005ae0f,NEW,,0
https://cafef.vn/9000-tan-bac-giao-dich-trong-thang-1-nhu-cau-dau-tu-bac-tiep-tuc-manh-me-trong-nam-2026-188260305163128948.chn,2026-03-05 16:31:00,2026,3,2026-06-07 05:10:28.848665,c15e34518ec1a47a0e99356140656d3272480e6eab4b9e152243e8214236772a,NEW,,0
https://cafef.vn/nong-thue-tp-ha-noi-co-thong-bao-quan-trong-ve-ma-so-thue-ca-nhan-188260305152957419.chn,2026-03-05 15:29:00,2026,3,2026-06-07 05:10:28.921042,11722e75d4a13f13b92355e240021833de21545a70d72290c1e0d662490ef3dd,NEW,,0
https://cafef.vn/duoc-cong-ty-cu-chuyen-khoan-gan-40-trieu-dong-ghi-ro-tien-luong-nguoi-dan-ong-bat-ngo-bi-kien-doi-lai-tien-188260305152712521.chn,2026-03-05 15:27:00,2026,3,2026-06-07 05:10:29.000842,8f2bb62c90bf1dd01597c9145484913e1cd3ced9a0f1d110159b6e7cfed63aa6,NEW,,0
https://cafef.vn/nhieu-nguoi-ta-hoa-vi-bat-ngo-bi-khoa-ung-dung-ngan-hang-188260305135811848.chn,2026-03-05 13:58:00,2026,3,2026-06-07 05:10:29.108680,d04e1d5846cfc74ac0eb880769213ccf9cf2378b7faa9e4cef262bc2aa9da72d,NEW,,0
https://cafef.vn/ngan-hang-dong-loat-khuyen-cao-nguoi-dung-tat-ngay-tinh-nang-nay-tren-dien-thoai-188260305100611127.chn,2026-03-05 10:06:00,2026,3,2026-06-07 05:10:29.169828,80feb60f18d8153a0e3c2cc260a6d7782269e081c5fa0ef0d2af74ee1ddd0cc5,NEW,,0
https://cafef.vn/co-nen-rut-so-tiet-kiem-truoc-han-cach-tinh-lai-ban-can-biet-188260305092600349.chn,2026-03-05 09:25:00,2026,3,2026-06-07 05:10:29.227285,39334cd7b5f98ea61a3c72bc4d3a1360a7667bf26ea5eb1ce506429433cc5d2e,NEW,,0
https://cafef.vn/thi-truong-tien-so-hom-nay-4-3-dien-bien-gay-soc-cua-bitcoin-188260303152951487.chn,2026-03-04 22:09:00,2026,3,2026-06-07 05:10:29.302174,5d725b68fb76297787ec22d74be80263552ec03591febb3ea25bf64e7a6d562f,NEW,,0
https://cafef.vn/bitcoin-tang-manh-vuot-71000-usd-188260304204652441.chn,2026-03-04 20:46:00,2026,3,2026-06-07 05:10:29.362880,3afd50f1d4935b3be8bd034024539c5fdb073101a7422b89bd93931f2831a48a,NEW,,0
https://cafef.vn/5-truong-hop-sau-se-bi-vietinbank-vietcombank-bidv-dong-bang-tai-khoan-dung-giao-dich-chuyen-tien--rut-tien-188260304203428597.chn,2026-03-04 20:34:00,2026,3,2026-06-07 05:10:29.424613,43b8495e19a8a530fcb2c54865e3eba715cb20243d95e7c86d515f9af752f56b,NEW,,0
https://cafef.vn/chieu-4-3-tim-ra-nhieu-khach-hang-trung-thuong-xo-so-mien-nam-188260304202149371.chn,2026-03-04 20:21:00,2026,3,2026-06-07 05:10:29.481242,f337b01f8631770582dea3c101c307d0a5888ba83497db49b72c5883cdd477bf,NEW,,0
https://cafef.vn/nguoi-mua-vang-tu-vung-dinh-191-trieu-dong-luong-gio-lai-lo-ra-sao-188260304145656723.chn,2026-03-04 14:56:00,2026,3,2026-06-07 05:10:29.543393,5ba925f1e1d71b968068780d9ee883d60544c88bda4182c009895961e1f3fd99,NEW,,0
https://cafef.vn/gia-vang-giam-5-trieu-dong-luong-nguoi-mua-vang-vao-ngay-than-tai-den-gio-lo-bao-nhieu-188260304143524018.chn,2026-03-04 14:41:00,2026,3,2026-06-07 05:10:29.605556,d11e681edc77a6d8070bd3f162b530102e21ef00ed479ae7dd1630a145e230f8,NEW,,0
https://cafef.vn/lai-suat-tang-ap-luc-de-nang-len-vai-nguoi-mua-nha-188260304141306639.chn,2026-03-04 14:12:00,2026,3,2026-06-07 05:10:29.663724,d1cc6e3301adb5996cb3407517a40d2535c6fe7f7a2a4ce6d9a78412f0ddd1d1,NEW,,0
https://cafef.vn/canh-bao-quan-trong-tu-vietcombank-tranh-3-kieu-dat-mat-khau-nay-neu-khong-muon-bi-mat-tien-188260304101204108.chn,2026-03-04 12:57:00,2026,3,2026-06-07 05:10:29.721699,75353badcb400772e9454b66c59be05ee059c29a343670aa758c4de56f847325,NEW,,0
https://cafef.vn/sau-khi-chuyen-khoan-1-ty-dong-tu-tai-khoan-ca-nhan-mot-dai-dien-doanh-nghiep-tai-ha-noi-phai-den-cong-an-trinh-bao-188260304112721125.chn,2026-03-04 11:27:00,2026,3,2026-06-07 05:10:29.790396,9360088de6b374ac9e6e1b5896d6966f44d095d0c7dfb62ebbe57b41c4b0b435,NEW,,0
https://cafef.vn/cong-ty-bao-hiem-nhan-tho-bat-ngo-bi-khach-khoi-kien-doi-huy-hop-dong-va-lay-lai-toan-bo-280-trieu-sau-3-nam-188260304091330571.chn,2026-03-04 09:13:00,2026,3,2026-06-07 05:10:29.851045,39434da0643c726d9d869578bdf9f206fdd80b1454003377467596bc0b6f5211,NEW,,0
https://cafef.vn/vi-sao-nhieu-nguoi-viet-van-so-the-tin-dung-188260304090715528.chn,2026-03-04 09:07:00,2026,3,2026-06-07 05:10:29.909978,4d9f68388037351789f725b3c34be0a2ef87f389edd40a13587ca39166aab26b,NEW,,0
https://cafef.vn/vietcombank-vietinbank-agribank-bidv-co-quy-dinh-moi-nguoi-dan-can-chu-y-188260304071048466.chn,2026-03-04 07:22:00,2026,3,2026-06-07 05:10:29.971184,020e6f2bb2e9e9bbd3d2357de96f8b25347533125831c06f2fa8467fe6ca94e7,NEW,,0
https://cafef.vn/cong-an-dong-loat-dot-kich-4-dia-diem-tai-ha-noi-triet-pha-o-nhom-lua-dao-xuyen-quoc-gia-188260303204933835.chn,2026-03-03 20:47:00,2026,3,2026-06-07 05:10:30.030380,6874c94aa290f64ea0650a89796c75b02ce75cb210a7f9e763f78b72d7913ad9,NEW,,0
https://cafef.vn/sieu-lua-gia-mao-can-bo-kiem-toan-nha-nuoc-de-vay-tien-nhieu-nguoi-188260303194052265.chn,2026-03-03 19:38:00,2026,3,2026-06-07 05:10:30.105075,ba2a904d0b73eda419d1d7e4af9a149a13264e680b7b86fdbeafc841c5c84c16,NEW,,0
https://cafef.vn/chieu-3-3-tim-ra-2-khach-hang-trung-doc-dac-32-ti-dong-xo-so-mien-nam-18826030317582184.chn,2026-03-03 17:58:00,2026,3,2026-06-07 05:10:30.165163,df02a594050fc2f0ac942a13953dc81627a9f4bed27241b0b44c6bc291d6e984,NEW,,0
https://cafef.vn/dien-thoai-be-khoa-muon-tiep-tuc-su-dung-app-ngan-hang-phai-lam-sao-188260303140955884.chn,2026-03-03 14:10:00,2026,3,2026-06-07 05:10:30.227700,8e50d4ce6675940751522fc6c34c64f365c6591e975a747fa53b67dfc1b43c67,NEW,,0
https://cafef.vn/tu-1-3-ngan-hang-chan-giao-dich-nhung-thiet-bi-nay-nguoi-dan-kiem-tra-ngay-dien-thoai-tranh-rac-roi-188260303133307199.chn,2026-03-03 13:45:00,2026,3,2026-06-07 05:10:30.292910,71d6487b80c41c5a79a40b2497d98c5591fa35df88ec149afd501ddc1b0a863d,NEW,,0
https://cafef.vn/nguoi-tung-vay-tien-cua-vu-thi-bich-ngoc-khan-truong-den-cong-an-trinh-bao-188260303110915844.chn,2026-03-03 11:09:00,2026,3,2026-06-07 05:10:30.354009,14530f21ac1ea3d74e6d222cfaabda16876090e7dc9884c85313b91e915215ab,NEW,,0
https://cafef.vn/khong-chi-cac-ngan-hang-zalopay-cung-thong-bao-ngung-cung-cap-dich-vu-tren-nhung-dien-thoai-nay-188260303110710711.chn,2026-03-03 11:07:00,2026,3,2026-06-07 05:10:30.415220,d269a0ad7bb4811c28915c01639ebd2b65943918eb330566dcadd9437771215f,NEW,,0
https://cafef.vn/quen-lich-thanh-toan-the-tin-dung-qua-han-hon-5-ngay-toi-phai-lam-gi-188260303090218169.chn,2026-03-03 09:02:00,2026,3,2026-06-07 05:10:30.476355,273a522bcacb386d9798baf39e7e65887d2485f8cb2bbee26d49270320be453a,NEW,,0
https://cafef.vn/mat-trang-quyen-loi-200-trieu-bao-hiem-nhan-tho-vi-cham-dong-phi-4-thang-nguoi-phu-nu-kien-cong-ty-bao-hiem-vi-dot-nhien-nhan-vien-khong-den-nha-thu-phi-188260303083003081.chn,2026-03-03 08:51:00,2026,3,2026-06-07 05:10:30.535200,874199e0c656cb385fcd3348042d043541c75aa594371d04cc2b4940e6b84aa2,NEW,,0
https://cafef.vn/thi-truong-tien-so-hom-nay-2-3-phan-ung-hien-tai-cua-bitcoin-giua-cang-thang-tai-trung-dong-188260302211013909.chn,2026-03-02 21:22:00,2026,3,2026-06-07 05:10:30.647853,39ff002fdf4b40b15003cfd6f6fcfeaea7be3ea89225b6dff840f50089e0cc84,NEW,,0
https://cafef.vn/mat-toi-cua-viec-mua-vang-hang-thang-188260302104927215.chn,2026-03-02 21:18:00,2026,3,2026-06-07 05:10:30.783695,0574293995c11f528f7baa23d0463e8ad25742a3327f01ed47dbcc346abd0f85,NEW,,0
https://cafef.vn/gia-vang-tren-thi-truong-hon-18-trieu-dong-chi-vi-sao-nhieu-nguoi-mua-duoc-voi-gia-hon-17-trieu-dong-chi-188260302163515041.chn,2026-03-02 16:35:00,2026,3,2026-06-07 05:10:30.844790,f8f0fd0c231af97b3e91d92e6c6aa218c560e6dd4a4a865f04c757257a47037a,NEW,,0
https://cafef.vn/dong-usd-tang-manh-do-nhu-cau-tai-san-an-toan-188260302161842789.chn,2026-03-02 16:18:00,2026,3,2026-06-07 05:10:30.905308,df2a8b2fdd86feac8b91958eaea07459e8f781a78fb8bff720bf8522c750439e,NEW,,0
https://cafef.vn/nhieu-nguoi-o-lang-son-du-khong-dau-tu-van-co-tai-khoan-tren-cac-san-giao-dich-ngoai-hoi-cong-an-canh-bao-khan-188260302144405846.chn,2026-03-02 14:44:00,2026,3,2026-06-07 05:10:30.964808,e46546505853576cc0ab3ef4d307b61c3dc10747f8b7a5129dd240108c0739c1,NEW,,0
https://cafef.vn/chinh-thuc-khai-tu-loai-tai-khoan-ngan-hang-nay-188260302095943746.chn,2026-03-02 14:00:00,2026,3,2026-06-07 05:11:21.018032,17fecc6966fae9fe4313ade39a549a5d60bbf59b29a9eb6d5e35854e7a5ad590,NEW,,0
https://cafef.vn/tai-khoan-ngan-hang-cua-ho-kinh-doanh-phai-dung-ten-dang-ky-188260302115643274.chn,2026-03-02 12:51:00,2026,3,2026-06-07 05:11:21.079187,3d8b008b3e633f8a5ca1e808a2525db2a41279b62983d23cacae123630c96822,NEW,,0
https://cafef.vn/tai-san-so-tai-viet-nam-sap-chung-kien-thay-doi-chua-tung-co-su-tham-gia-cua-techcombank-mb-co-the-la-yeu-to-thay-doi-cuc-dien-thi-truong-188260302112210174.chn,2026-03-02 11:22:00,2026,3,2026-06-07 05:11:21.140216,084d2c9984b9990eb2677d1023edd574a6240f17cf9a56587da69daa593e3fbd,NEW,,0
https://cafef.vn/vi-sao-nhieu-nguoi-thich-thanh-toan-the-hon-la-quet-ma-qr-188260302085618219.chn,2026-03-02 08:56:00,2026,3,2026-06-07 05:11:21.212137,c755bcbd5ef85dcf51501256633cb75bb8074a8af5e534dca5845acd38f841e4,NEW,,0
https://cafef.vn/chuyen-gia-vang-se-duoc-dinh-gia-lai-188260302081550641.chn,2026-03-02 08:15:00,2026,3,2026-06-07 05:11:21.276265,2270a205b05375181e5efe90bcaeb384fd07d220087bd541306c26d1661ca75b,NEW,,0
https://cafef.vn/phong-toa-tai-khoan-ngan-hang-moi-len-cong-an-lam-viec-neu-nguoi-dung-co-hanh-vi-sau-188260302072220591.chn,2026-03-02 07:25:00,2026,3,2026-06-07 05:11:21.338085,6ee1b6f544ed7750a6418d40deba6ff62424b795b5a8bfcc55e0249a8cd4e30b,NEW,,0
https://cafef.vn/nguoi-mua-vang-lai-dam-188260301190456951.chn,2026-03-01 19:04:00,2026,3,2026-06-07 05:11:21.395256,c1cf23438af4bd9ca1e96e7256f7307dd4ba051c9d536f7741638235ef9dc01c,NEW,,0
https://cafef.vn/tu-hom-nay-1-3-ho-kinh-doanh-phai-dung-tai-khoan-ngan-hang-dung-ten-dang-ky-188260301154221263.chn,2026-03-01 15:40:00,2026,3,2026-06-07 05:11:21.455549,3e90020389c6d8b6999ab7065a62b50b8d5682ac9514e7c7180a6c846dcf33d8,NEW,,0
https://cafef.vn/nhieu-nguoi-dung-vietcombank-bidv-agribank-vietinbank-bi-chan-chuyen-rut-tien-qua-dien-thoai-tu-hom-nay-1-3-can-lam-gi-de-tiep-tuc-giao-dich-188260301152727411.chn,2026-03-01 15:27:00,2026,3,2026-06-07 05:11:21.512908,833a5a68a1acd71a5106bc7c1663532647bece4005ede50eb130fbab42dc40ab,NEW,,0
https://cafef.vn/ly-do-nguoi-ban-ve-so-dao-khong-con-khoc-rong-truoc-gio-xo-so-188260301123933414.chn,2026-03-01 12:43:00,2026,3,2026-06-07 05:11:21.569271,01887bffdddc53a4952798eb338a280f812738c43c040d3e5c749cfb1b1daee7,NEW,,0
https://cafef.vn/tai-khoan-nhan-50-trieu-dong-mot-nam-sau-ve-que-duoc-cong-an-lien-he-lam-viec-188260301100257453.chn,2026-03-01 10:02:00,2026,3,2026-06-07 05:11:21.632111,ce9bd0b9627a4728f68a872d15f6733bac1894eb046186cf42751a129894206c,NEW,,0
https://cafef.vn/chuan-von-10000-ty-dong-phep-thu-nang-luc-cua-thi-truong-tai-san-ma-hoa-188260228182258208.chn,2026-02-28 19:22:00,2026,2,2026-06-07 05:11:21.746499,2a20a29ecee3d50e68ab7527e5498db2ba08f7183a22bd1a815785bc882aa13e,NEW,,0
https://cafef.vn/thi-truong-tien-so-chao-dao-khi-my-israel-tan-cong-iran-bitcoin-co-nguy-co-thung-63000-usd-188260228181815799.chn,2026-02-28 18:18:00,2026,2,2026-06-07 05:11:21.848875,9a3c2e4c476d0903ebf30bed69fa5e82626922eab9bba5f48fc440b475fc615d,NEW,,0
https://cafef.vn/co-1-ty-dong-gui-tiet-kiem-ngan-hang-nao-co-lai-cao-nhat-sau-1-nam-188260228163019896.chn,2026-02-28 16:30:00,2026,2,2026-06-07 05:11:21.907630,66e4e4abdd18c771d8c63ac04721ade71016ce3ac5ed84f674ed04a0648c4dcd,NEW,,0
https://cafef.vn/hang-loat-ngan-hang-ra-thong-bao-nong-truoc-ngay-1-3-lien-quan-dien-thoai-giao-dich-188260228134311053.chn,2026-02-28 16:17:00,2026,2,2026-06-07 05:11:21.967614,adcdc03272d24e362c45c23970f28f950a37d8e740c43c506b9baf5d473bddd5,NEW,,0
https://cafef.vn/tu-ngay-mai-1-3-ho-kinh-doanh-phai-doi-ngay-tai-khoan-ngan-hang-theo-quy-dinh-188260228161234167.chn,2026-02-28 16:12:00,2026,2,2026-06-07 05:11:22.030038,c626e44157eaee938bd5acad609706597b6a8c3944d1326aad85ae0a813e7eed,NEW,,0
https://cafef.vn/don-het-thuong-tet-mua-vang-ngay-than-tai-2-hom-sau-gia-tang-nhung-toi-van-mat-an-mat-ngu-188260228142300225.chn,2026-02-28 14:22:00,2026,2,2026-06-07 05:11:22.212128,f2c317cb501bf15c92c9d098037330e22b1c95ce4fd04f1d413e9c19959cbf1a,NEW,,0
https://cafef.vn/canh-bao-thu-doan-moi-trong-mua-ban-thu-thap-du-lieu-ca-nhan-188260228083150187.chn,2026-02-28 08:31:00,2026,2,2026-06-07 05:11:22.267655,6fdf2ab1f5073ab20be82591b20ee1fe294021e2c6a597108cd03751615472d0,NEW,,0
https://cafef.vn/de-xuat-tang-han-muc-bao-hiem-tien-gui-de-giam-nguy-co-rut-tien-hang-loat-188260228080936969.chn,2026-02-28 08:09:00,2026,2,2026-06-07 05:11:22.328933,d65bfaaaa2965713709dbc3593e28bb26785930ef488dd0bc85eb96049cddab2,NEW,,0
https://cafef.vn/can-tien-danh-bac-nhan-vien-bao-tri-cay-atm-lieu-mang-lua-dao-ngan-hang-188260227212344984.chn,2026-02-27 21:23:00,2026,2,2026-06-07 05:11:22.395352,96086e5d87e07e376d0e736c23d27b0e9625e6aa9859319ddd6400ea69d4b22b,NEW,,0
https://cafef.vn/toi-27-2-bidv-vietcombank-agribank-dong-loat-thong-bao-dung-dich-vu-tren-loat-thiet-bi-di-dong-188260227211010634.chn,2026-02-27 21:10:00,2026,2,2026-06-07 05:11:22.559278,1ed55a89fa2359d1638dda4ae08813b749cc64c131740552e7bc62e24bf5fe51,NEW,,0
https://cafef.vn/nguoi-mua-bao-hiem-nhan-tho-luu-y-cong-ty-bao-hiem-se-tu-choi-boi-thuong-trong-truong-hop-nay-188260227101644368.chn,2026-02-27 16:56:00,2026,2,2026-06-07 05:11:22.616132,0981692b83fd103abba0400854975849c56bbb63c0594fd103462ba51909ba7f,NEW,,0
https://cafef.vn/hon-7000-chu-the-tin-dung-bi-luoc-25-han-muc-188260227160712363.chn,2026-02-27 16:35:00,2026,2,2026-06-07 05:11:22.673194,4fad6885789c46c5f88e012733a7d4593f04978749c4cd887279fd03e1d82f65,NEW,,0
https://cafef.vn/tu-tuan-sau-agribank-chinh-thuc-ngung-moi-giao-dich-chuyen-rut-tien-qua-ung-dung-voi-nhung-khach-hang-sau-188260227163101673.chn,2026-02-27 16:30:00,2026,2,2026-06-07 05:11:22.731949,9cc8810c4f14ffc35e909b82f4f608730126f532cbbb68fccd8b33758753b8fa,NEW,,0
https://cafef.vn/dat-don-thuoc-25-trieu-dong-roi-den-agribank-chuyen-khoan-thanh-toan-cu-ba-duoc-cong-an-yeu-cau-phoi-hop-lam-ro-giao-dich-188260227142634532.chn,2026-02-27 14:26:00,2026,2,2026-06-07 05:11:22.789800,fbf01965df0aa702883b307a717f0a526fae88c59d3979d86647eb618a78e6d7,NEW,,0
https://cafef.vn/khoan-vay-da-duoc-giai-ngan-nhung-nhan-vien-khong-chuyen-tien-vao-tai-khoan-khach-hang-hon-800-trieu-dong-bi-chiem-doat-188260227110336631.chn,2026-02-27 11:03:00,2026,2,2026-06-07 05:11:22.852893,a47ab1cd97b786386f151d3709c509e9e989aea51abd061a48f1523236434a07,NEW,,0
https://cafef.vn/nhieu-nguoi-bi-quay-roi-de-doa-thu-hoi-no-uy-ban-canh-tranh-quoc-gia-len-tieng-188260227095651397.chn,2026-02-27 09:56:00,2026,2,2026-06-07 05:11:22.916233,921061508eacbeed237c1a76401cb651f6ce631c8b3babc94b477310c56095d5,NEW,,0
https://cafef.vn/canh-giac-thu-doan-danh-trao-chip-the-ngan-hang-188260227080238823.chn,2026-02-27 08:02:00,2026,2,2026-06-07 05:11:22.983553,1999e9d3ab0a0ddf12beef744c65337a80df6c373ce44dfd9f4d35fd8d3fa1cf,NEW,,0
https://cafef.vn/lua-doi-tien-mat-bang-bien-nhan-chuyen-khoan-gia-chiem-doat-hang-tram-trieu-dong-18826022622080638.chn,2026-02-26 22:07:00,2026,2,2026-06-07 05:11:23.055623,fe3af8e6516cfd5070e062d9fd6f1a7babe27c0b8de0941ec7ce98287a62a4c8,NEW,,0
https://cafef.vn/phong-toa-tai-khoan-ngan-hang-tham-chi-moi-len-cong-an-lam-viec-neu-nguoi-dung-co-hanh-vi-nay-188260226143105861.chn,2026-02-26 14:31:00,2026,2,2026-06-07 05:11:23.118240,4997e6a559128403318ede871a625af7a2518e94fecaa41c77945b4befb3ced0,NEW,,0
https://cafef.vn/vu-an-tap-doan-sen-tai-thu-con-193-nha-dau-tu-chua-toi-lam-viec-du-co-quan-cong-an-nhieu-lan-thong-bao-188260226142723615.chn,2026-02-26 14:27:00,2026,2,2026-06-07 05:11:23.193011,09eae114bca99224ccc772e068ae8069db85d870d44dceb4463e89e2f307aeb6,NEW,,0
https://cafef.vn/ha-noi-mua-tam-ta-cung-khong-ngan-noi-dong-nguoi-di-mua-vang-via-than-tai-188260226100944292.chn,2026-02-26 10:49:00,2026,2,2026-06-07 05:11:23.250970,48b6872a45425ed1ce7afdb7fcd9def77e109c0d2feca682e88d1e694012e5c1,NEW,,0
https://cafef.vn/bitcoin-giam-5-thang-lien-tiep-188260226100730701.chn,2026-02-26 10:07:00,2026,2,2026-06-07 05:11:23.310120,0825a75e2dd983cc4c061397ab50ed6bec3dbcdeaad72c2095d305debb0feec9,NEW,,0
https://cafef.vn/chuyen-khoan-100-trieu-vao-mung-5-tet-nhung-tien-khong-ve-tai-khoan-nguoi-nhan-cong-an-bat-khan-cap-thanh-nien-sinh-nam-2005-188260226100316366.chn,2026-02-26 10:03:00,2026,2,2026-06-07 05:11:23.366924,1fe731f8ae6f59f36f04835f038cae68bec7b8456f9d2372eaf2ed02ec316c2c,NEW,,0
https://cafef.vn/thi-truong-tien-so-hom-nay-25-2-xuat-hien-tin-don-sau-cu-bat-tang-cua-bitcoin-188260225223219145.chn,2026-02-25 22:32:00,2026,2,2026-06-07 05:11:23.431677,dbad01fa90ef422fc15649f61c657d7152534da29340dcf88b22a851669dd497,NEW,,0
https://cafef.vn/phat-hien-nhan-vien-cong-ty-tai-chinh-nghi-viec-lay-dien-thoai-khach-lap-tai-khoan-ngan-hang-de-vay-tien-roi-chiem-doat-188260225192741159.chn,2026-02-25 19:27:00,2026,2,2026-06-07 05:11:23.494087,79ddc8efd76d54b60542c1023db1c3875112e2b712ce88f3e2cf6e12044f05ce,NEW,,0
https://cafef.vn/triet-pha-duong-day-gia-mao-nhan-vien-ngan-hang-lua-dao-gan-100-ty-dong-188260225152648654.chn,2026-02-25 15:24:00,2026,2,2026-06-07 05:11:23.557164,d7820a635f5da7ba3a0f4402213b918d4d00b5c64d1d8fce74857e6887196053,NEW,,0
https://cafef.vn/bat-ngo-so-luong-nguoi-viet-gui-tien-tiet-kiem-tai-ngan-hang-trong-nam-qua-188260225150713788.chn,2026-02-25 15:07:00,2026,2,2026-06-07 05:11:23.620500,a1c438fb31f6588c401bd5458fe004501679308e94e55e65e833018424e15273,NEW,,0
https://cafef.vn/nguoi-mua-vang-sjc-vao-ngay-via-than-tai-can-chu-y-thong-bao-moi-nhat-tu-doanh-nghiep-188260225144326161.chn,2026-02-25 14:43:00,2026,2,2026-06-07 05:11:23.689641,c1f3ff30bf2f8068272a1be1a45f1cc6b185c76f2af9f1652a67cabb0e149046,NEW,,0
https://cafef.vn/co-tien-li-xi-muon-gui-tiet-kiem-cho-con-den-ngan-hang-nao-de-con-duoc-dung-ten-chinh-chu-o-so-188260225141728749.chn,2026-02-25 14:17:00,2026,2,2026-06-07 05:11:23.750749,c9e94e04ee508efcdddc51da638e7a17e59ff9be56c191570ace10dce56e2e7c,NEW,,0
https://cafef.vn/ve-so-10000-dong-tang-cho-18-nhan-vien-khong-ngo-trung-giai-2-ty-dong-ong-chu-hua-chia-deu-roi-doi-y-bi-mat-thay-camera-188260225112825636.chn,2026-02-25 13:29:00,2026,2,2026-06-07 05:11:23.811191,99bdf0a568cc48495e8d883763a03d07b428d3d91f64e8d6e72760378e62a703,NEW,,0
https://cafef.vn/mua-3-hop-dong-bao-hiem-nhan-tho-du-bi-ung-thu-giai-doan-cuoi-khach-hang-kien-doi-55-ty-dong-phan-quyet-cua-toa-an-sau-6-nam-188260225105640703.chn,2026-02-25 10:56:00,2026,2,2026-06-07 05:11:23.873612,3bb6e165935d975ac519cd822b85ea31657ee4d0e952ea55858b4b4af655e898,NEW,,0
https://cafef.vn/nguoi-dan-ong-duoc-doi-tac-chuyen-56-ty-dong-vao-tai-khoan-ca-nhan-cong-an-vao-cuoc-dieu-tra-roi-tien-hanh-bat-giam-188260225095148554.chn,2026-02-25 09:52:00,2026,2,2026-06-07 05:11:23.945954,44889f7d5310f996419303e7f660dd9e1300fa620fe1945a5e7ed49a6e8a95c4,NEW,,0
https://cafef.vn/mua-vang-ngay-than-tai-thuc-su-khien-ban-giau-hon-18826022509114902.chn,2026-02-25 09:11:00,2026,2,2026-06-07 05:11:24.010994,78538859bda1851e05e8c76f3c1b519f98366cc8ef07ecceff9db14f85f2fb7d,NEW,,0
https://cafef.vn/tu-1-3-vietcombank-vietinbank-agribank-ngung-giao-dich-rut-chuyen-tien-qua-ung-dung-voi-nhung-khach-hang-sau-188260225090504138.chn,2026-02-25 09:04:00,2026,2,2026-06-07 05:11:24.073360,2a7fdf5067062d7b48724ef8ee6606d53ae41d9c26a1219d353f259eddfd88c8,NEW,,0
https://cafef.vn/cam-bay-tin-dung-nhanh-188260222164659453.chn,2026-02-25 08:56:00,2026,2,2026-06-07 05:12:16.503181,e856bbbe3a26661b9aadf744315fb8634bdec0d9c5c120e51c279e9e49bc77c5,NEW,,0
https://cafef.vn/ngan-hang-canh-bao-tat-ca-khach-hang-khong-quet-nhung-ma-qr-nay-188260224214614076.chn,2026-02-24 21:45:00,2026,2,2026-06-07 05:12:16.565331,9f294b4a1f385714f4b212f6d2fb711752400c0004f9518f8e8fff22933e91eb,NEW,,0
https://cafef.vn/xo-so-mien-nam-hai-nguoi-suyt-mat-10-ti-dong-vi-quen-do-ve-so-tet-188260224173640567.chn,2026-02-24 18:36:00,2026,2,2026-06-07 05:12:16.624832,e8223b28e1b9edae9dc27d5e3a830078503c2652f7fe7da693095d81a04a6dd8,NEW,,0
https://cafef.vn/xo-so-mien-nam-chieu-24-2-lo-dien-nhieu-nguoi-trung-2-giai-doc-dac-188260224173807384.chn,2026-02-24 17:38:00,2026,2,2026-06-07 05:12:16.681440,04c9a7385271499e044e9f566d5262bfa54a7d603c2f9fd155c419ccc589a045,NEW,,0
https://cafef.vn/ai-nen-mua-vang-ngay-than-tai-188260224141605436.chn,2026-02-24 17:15:00,2026,2,2026-06-07 05:12:16.737502,ba98cecf8dc6dfb6bd1ec92eb76d8826db36f6411495c0d387c5c29f09b591fa,NEW,,0
https://cafef.vn/quy-dinh-moi-co-hieu-luc-tu-1-3-luat-su-khuyen-ho-kinh-doanh-lam-ngay-dieu-nay-voi-tai-khoan-ngan-hang-188260224150659855.chn,2026-02-24 15:07:00,2026,2,2026-06-07 05:12:16.796222,2d3c3180b7cc2926a630ea2f07342c206428d152bbc0ab698c967448381aacd9,NEW,,0
https://cafef.vn/sat-ngay-via-than-tai-cong-an-canh-bao-thu-doan-lua-dao-hoan-toan-moi-mat-tien-khong-mua-duoc-vang-con-bi-rut-sach-tien-tai-khoan-188260224112444456.chn,2026-02-24 11:24:00,2026,2,2026-06-07 05:12:16.866303,f7c26e942f9e1b2e0f70a9062fa2bb61caf67a60a2b137f1b16d4d345b82fe32,NEW,,0
https://cafef.vn/lai-suat-vay-mua-nha-len-toi-1214-nam-toi-dang-cho-co-hoi-san-hang-ngop-o-ha-noi-188260224102624127.chn,2026-02-24 10:26:00,2026,2,2026-06-07 05:12:16.922855,33120677655678d82a36a869131a06b6a8781ea8945391e1bf812f62c8dccddd,NEW,,0
https://cafef.vn/bo-cong-an-noi-gi-ve-thong-tin-nguoi-dan-deo-vang-phai-co-hoa-don-chung-tu-neu-khong-se-bi-tich-thu-188260224101350564.chn,2026-02-24 10:13:00,2026,2,2026-06-07 05:12:16.995843,fda580101c60cc2eb88be3b0b2c9442096a8ca8d55c50e3fa6f155953dee8d16,NEW,,0
https://cafef.vn/ngay-via-than-tai-co-nen-ban-vang-188260224090515847.chn,2026-02-24 09:05:00,2026,2,2026-06-07 05:12:17.062681,9d67a547cfb654c7af22737a1250e5029eeb6adbf3cf48bafeaa9da1a6f9d42f,NEW,,0
https://cafef.vn/xo-so-mien-nam-chieu-23-2-lo-dien-nhieu-nguoi-trung-so-o-tphcm-va-can-tho-188260223093015037.chn,2026-02-23 20:40:00,2026,2,2026-06-07 05:12:17.128212,beeb55edad23c0e849a27ebeab6d0d72e148c1036bc7766f458fa526342c3fa0,NEW,,0
https://cafef.vn/co-nen-mua-vang-ngay-via-than-tai-188260223154820399.chn,2026-02-23 15:47:00,2026,2,2026-06-07 05:12:17.192082,d3c09887b1b371c8360e32ff5ecc2c351919b9fda7686528f295912fed500d50,NEW,,0
https://cafef.vn/dau-nam-di-taxi-het-106-nghin-dong-khach-chuyen-khoan-luon-106-trieu-tai-xe-voi-den-cong-an-trinh-bao-188260223154405779.chn,2026-02-23 15:43:00,2026,2,2026-06-07 05:12:17.256042,ff3ea6ad515449ed75ffd13f52c9d32df16672a018e01c2b5de60b3cf7ba1307,NEW,,0
https://cafef.vn/gui-tiet-kiem-khai-xuan-o-bidv-agribank-vietinbank-hay-vietcombank-mb-de-duoc-nhieu-li-xi-lai-cao-nhat-188260223102003656.chn,2026-02-23 10:20:00,2026,2,2026-06-07 05:12:17.318519,9a09efac5468a69e19bbe8e226e502242698b061a4666ee8c8849cebe00b4427,NEW,,0
https://cafef.vn/nguoi-mua-vang-tich-luy-ngay-via-than-tai-dac-biet-luu-y-dieu-nay-188260223091903574.chn,2026-02-23 09:18:00,2026,2,2026-06-07 05:12:17.384219,11334f142704360194f96ffd962db8c40cf5daba30b27054b6a65dcb7dda3d89,NEW,,0
https://cafef.vn/bidv-vietcombank-vietinbank-agribank-sap-ngung-giao-dich-rut-chuyen-tien-qua-ung-dung-doi-voi-nhung-khach-hang-sau-188260223091254439.chn,2026-02-23 09:12:00,2026,2,2026-06-07 05:12:17.446405,c1094555208616b187e48b93f369f5604e04235ac432998ebf1baec401250ce1,NEW,,0
https://cafef.vn/loi-nhuan-cao-hon-linh-hoat-hon-cach-giup-dong-tien-van-hanh-hieu-qua-voi-bo-doi-sinh-loi-va-idepo-vib-188260223073802507.chn,2026-02-23 07:37:00,2026,2,2026-06-07 05:12:17.510862,eb052aa754ea8c5438ac070efeb8a642b254a846647d8b6b998e4c9ac561ff2d,NEW,,0
https://cafef.vn/nam-moi-gui-tiet-kiem-tai-agribank-vietcombank-bidv-vietinbank-cao-nhat-bao-nhieu-188260222210249665.chn,2026-02-22 21:02:00,2026,2,2026-06-07 05:12:17.584551,67f9a520720ab90f0da3c01fc2c4deaaa96f6b16ad08fffa02b27919878525a8,NEW,,0
https://cafef.vn/loat-nha-bang-canh-bao-nguoi-dung-nen-tat-ngay-tinh-nang-nay-tren-dien-thoai-188260222103203688.chn,2026-02-22 10:30:00,2026,2,2026-06-07 05:12:17.646635,d92bbc7ddb1cfea08b592dbb45921553aa301ea35c55f9d06b3f95183c5d4697,NEW,,0
https://cafef.vn/sau-tet-gui-tiet-kiem-o-dau-huong-lai-suat-9-nam-188260222101342712.chn,2026-02-22 10:13:00,2026,2,2026-06-07 05:12:17.706503,10aa968de81bf2dc3d44e6782bf501ab4393b754bca74a8dc85f4eec46c4f651,NEW,,0
https://cafef.vn/vui-buon-thoi-so-188260222083207581.chn,2026-02-22 08:31:00,2026,2,2026-06-07 05:12:17.764652,e9ab52553719614ebf4bb65cd7b36364994401c8a0358fa98d98a383f179cc38,NEW,,0
https://cafef.vn/may-ngay-tet-day-toi-nhung-gi-ve-tien-188260221190338478.chn,2026-02-21 19:03:00,2026,2,2026-06-07 05:12:17.822195,88a4d984f321b1c89e0d4d6bd608aca8d85775a11e92930fd919d3b244007f55,NEW,,0
https://cafef.vn/nguoi-phu-nu-chuyen-100-trieu-dong-vao-tai-khoan-mb-da-ngung-su-dung-cong-an-ap-dung-cac-bien-phap-lien-he-moi-lam-viec-ngay-sau-tet-18826022118365693.chn,2026-02-21 18:36:00,2026,2,2026-06-07 05:12:17.928743,c801d3cb5430268b38e05ec175ba6802c72fe4cbd1bbc94924b240f9c189d778,NEW,,0
https://cafef.vn/tong-giam-doc-pfs-lua-dao-huy-dong-von-hang-tram-ty-dong-khong-con-kha-nang-chi-tra-18826022115183969.chn,2026-02-21 15:18:00,2026,2,2026-06-07 05:12:18.059012,0c65adf67ad1441413cc0acff11345eb6f1419178ec81c85a2738e71358e13d7,NEW,,0
https://cafef.vn/cam-15-trieu-tien-li-xi-cua-con-toi-nhan-ra-1-dieu-188260221095207807.chn,2026-02-21 09:51:00,2026,2,2026-06-07 05:12:18.122117,cea8563935b2b2b98a8ab262f183ef02ff91382c14075d71c60e2784fcecafd9,NEW,,0
https://cafef.vn/nam-moi-5-nguyen-tac-quan-trong-giup-ban-thay-doi-hoan-toan-tinh-hinh-tai-chinh-188260221094028416.chn,2026-02-21 09:40:00,2026,2,2026-06-07 05:12:18.213960,e3cb8062eaa9ac4be21b2b32d496445743cdf1052c17e79f382a086f03569b67,NEW,,0
https://cafef.vn/tai-san-so-khong-con-la-trao-luu-188260221090937099.chn,2026-02-21 09:09:00,2026,2,2026-06-07 05:12:18.307224,92f32e26d1273fa9cd1bc844d5d0a61c065b4fa19371217d2fed5488fbde55b3,NEW,,0
https://cafef.vn/tich-cop-duoc-hon-10-cay-vang-co-nen-ban-di-de-mua-nha-188260221084257315.chn,2026-02-21 08:42:00,2026,2,2026-06-07 05:12:18.365500,c480cc5c3eb2f999c114554c68da43c14e32ad2851e7ad26083539b69255a381,NEW,,0
https://cafef.vn/loat-kenh-dau-tu-bung-no-nen-xuong-tien-vao-dau-trong-nam-2026-188260220141132923.chn,2026-02-20 14:24:00,2026,2,2026-06-07 05:12:18.424876,f208a48b0692145f1f1471a7d304019241542d1334837f8425ff6af567657369,NEW,,0
https://cafef.vn/chien-luoc-nao-giup-tiet-kiem-ma-khong-can-no-luc-ky-luat-moi-ngay-188260220110640271.chn,2026-02-20 11:05:00,2026,2,2026-06-07 05:12:18.484061,1645b31bc9fa5ef9e5d044a11b03844fdff694baba78b7ee15c2eedda22aca3f,NEW,,0
https://cafef.vn/sau-tet-nguoi-ban-vang-dac-biet-luu-y-quy-dinh-nay-neu-khong-co-the-bi-phat-toi-20-trieu-dong-188260220094123528.chn,2026-02-20 09:41:00,2026,2,2026-06-07 05:12:18.546878,452c822471a4a3cbb6cb5424ba5a0bd21ed6e042b8f1c9fed4ec37005f2ddac8,NEW,,0
https://cafef.vn/mot-ngan-hang-lon-du-bao-vang-co-the-cham-6500-usd-ounce-nam-nay-can-moc-8600-usd-vao-2027-188260220092042875.chn,2026-02-20 09:20:00,2026,2,2026-06-07 05:12:18.608283,ec38091c360d093d024d51c2efdd46cc995934116ea626ab4ac28125a32e70a1,NEW,,0
https://cafef.vn/xo-so-mien-nam-sang-mung-4-tet-lo-dien-nguoi-trung-doc-dac-va-an-ui-o-tphcm-188260220084206844.chn,2026-02-20 08:41:00,2026,2,2026-06-07 05:12:18.680145,76a950d090d2b8f064084f5903a5b2fece51dc01dadf88fa73a8014e2ad290c7,NEW,,0
https://cafef.vn/chuyen-tien-thanh-cong-nhung-tien-chua-ve-tai-khoan-nguoi-nhan-nguyen-nhan-tu-dau-188260219170519326.chn,2026-02-19 17:05:00,2026,2,2026-06-07 05:12:18.744223,f895832728453d9c91ae2f6fb06834468a854602ddb760f4d58f61930bf05a1f,NEW,,0
https://cafef.vn/xo-so-mien-nam-dai-ly-dang-truy-tim-nguoi-trung-doc-dac-42-to-ve-so-188260219153521754.chn,2026-02-19 15:59:00,2026,2,2026-06-07 05:12:18.807012,72012e4f9c9e18c08cc8b0f11cf33b9f3ad7286797af4541d1ba9ed558ef3f5f,NEW,,0
https://cafef.vn/nguoi-dan-ong-mat-dien-thoai-bi-rut-het-tien-trong-tai-khoan-ngan-hang-188260219080845425.chn,2026-02-19 09:00:00,2026,2,2026-06-07 05:12:18.873791,75111fe51c537f87e1320531cccdf2c5ba1290c24371ec86e53091ccdc6ba04c,NEW,,0
https://cafef.vn/chua-day-2-tuan-nua-bidv-vietcombank-vietinbank-agribank-ngung-giao-dich-rut-chuyen-tien-qua-ung-dung-doi-voi-nhung-khach-hang-sau-188260219075927069.chn,2026-02-19 07:59:00,2026,2,2026-06-07 05:12:18.936824,3ac274bd8a6de2512bb3c73599f1120ada932be52435731bd8a36bc26aa5467f,NEW,,0
https://cafef.vn/nguoi-dan-ong-dat-ve-may-bay-tu-tphcm-ve-nghe-an-gia-14-trieu-chuyen-khoan-thanh-toan-thanh-cong-nhung-van-khong-co-ve-188260218204742394.chn,2026-02-18 20:47:00,2026,2,2026-06-07 05:12:19.008169,4ba99f611fa2411f4426f13dc3518f4d9772e6df94e260cbe3cd7afcc9373454,NEW,,0
https://cafef.vn/nam-moi-nhung-thoi-quen-can-bo-ngay-neu-khong-muon-tai-chinh-tiep-tuc-giam-chan-tai-cho-188260218103624986.chn,2026-02-18 17:01:00,2026,2,2026-06-07 05:12:19.077380,e69818dc6131676e69b033be73c121d8d2c5c46f651524ca355a8c45822d959a,NEW,,0
https://cafef.vn/sau-tet-nguyen-dan-nguoi-mua-vang-tich-luy-can-dac-biet-luu-y-dieu-nay-18826021811423675.chn,2026-02-18 11:42:00,2026,2,2026-06-07 05:12:19.148869,20df64719cff1b07d350327246471db239a0551eeb0de8984a972c4156935190,NEW,,0
https://cafef.vn/bitcoin-va-tien-so-2026-co-hoi-lon-cho-nha-dau-tu-hay-cai-bay-fomo-moi-188260218100030662.chn,2026-02-18 10:42:00,2026,2,2026-06-07 05:12:19.210892,ef19e14e6340e3e084d28c0d6989e8b053bd628e00713e32b3708080073ff59c,NEW,,0
https://cafef.vn/xu-huong-tang-cua-gia-vang-sap-ket-thuc-188260218102521224.chn,2026-02-18 10:25:00,2026,2,2026-06-07 05:12:19.272465,5511e0bc8f82ea5d24df9d2f2b6acebac8b3536400ee55e476afa799354fde63,NEW,,0
https://cafef.vn/acb-goi-y-tat-tan-tat-dac-quyen-du-xuan-chi-voi-mot-chiec-the-188260213123709182.chn,2026-02-18 07:36:00,2026,2,2026-06-07 05:12:19.335113,79186d6f89d33612699727a5da41937d20db274438dbfcc4b2a011a43d4cff99,NEW,,0
https://cafef.vn/nam-moi-tuyet-doi-khong-mo-nhung-tin-nhan-zalo-nay-keo-tai-khoan-bay-sach-tien-188260217203756289.chn,2026-02-17 20:37:00,2026,2,2026-06-07 05:12:19.400708,ad92d17463cac9d0cd263e665ff07b9f3af9e0711d6d26923e207ab09f05285a,NEW,,0
https://cafef.vn/mung-1-tet-chuyen-khoan-li-xi-cho-nguoi-than-ban-be-so-tien-nay-vua-mang-y-nghia-vua-doc-la-188260217170646798.chn,2026-02-17 17:06:00,2026,2,2026-06-07 05:12:19.463391,beca24424357132d56930e91a74887ad38b056b06e1aa84cfd1857307f367028,NEW,,0
https://cafef.vn/ngay-tet-chuyen-nham-hon-1-ty-dong-vao-tai-khoan-la-188260217154512412.chn,2026-02-17 15:45:00,2026,2,2026-06-07 05:13:15.268787,97fbcd32c9d673cf8b7aaba2e952c62bde42e09ce9977dff845320a2dbc25ee6,NEW,,0
https://cafef.vn/ngan-hang-lam-moi-cach-de-hut-tien-gui-dan-cu-188260217153721784.chn,2026-02-17 15:36:00,2026,2,2026-06-07 05:13:15.329467,c3b66503d8ebe83e77b30394dd3434957ff684349af1ab599f294a6bc31ea9c0,NEW,,0
https://cafef.vn/giat-minh-tin-nhan-khoa-tai-khoan-ngay-tet-cu-lua-tien-ty-chi-sau-mot-cu-cham-188260217073730501.chn,2026-02-17 13:36:00,2026,2,2026-06-07 05:13:15.387248,2ff25ba1b83bd05d0b94ba4d1c8e12da26d1695f4cc869fce0ea5266ff070a5a,NEW,,0
https://cafef.vn/7-thu-nho-ky-khi-dau-nam-mua-vang-188260217082301603.chn,2026-02-17 12:38:00,2026,2,2026-06-07 05:13:15.443695,0bec662e77cfcc439f8b9b8ab0f74db24df0fac0aa8b4bf4b851005941b5f24b,NEW,,0
https://cafef.vn/xo-so-mien-nam-sang-mung-1-tet-lo-dien-noi-ban-trung-2-giai-doc-dac-188260217130218036.chn,2026-02-17 12:01:00,2026,2,2026-06-07 05:13:15.507204,4ae1e6a7238c994e45714fcedbee24b3e051df85fce8a06a11d4a1afe1e626a7,NEW,,0
https://cafef.vn/dung-de-mat-sach-tien-trong-tai-khoan-khi-du-lich-tet-vi-thoi-quen-nay-188260217073519927.chn,2026-02-17 09:34:00,2026,2,2026-06-07 05:13:15.569740,45ebf9acddadf5e3a1ba6dd6e1365d499b24126963f2eea5b3afff47218da2ec,NEW,,0
https://cafef.vn/mung-1-tet-gui-tiet-kiem-tai-ngan-hang-nao-de-vua-duoc-cong-lai-suat-vua-co-co-hoi-trung-vang-sjc-nhan-li-xi-tien-mat-188260217083421934.chn,2026-02-17 08:34:00,2026,2,2026-06-07 05:13:15.634712,0477c9f056a4e632357fde25a234f2bdee3bf395d204674077fb715aba73d76b,NEW,,0
https://cafef.vn/truy-vet-dong-tien-15-trieu-dong-cong-an-phat-hien-duong-day-lua-dao-100-ty-188260217083258371.chn,2026-02-17 08:32:00,2026,2,2026-06-07 05:13:15.697464,78cece16f95b6b5c393ce6a359f00ac1d19378c8a7a0ce14b2ef69fc926b01b7,NEW,,0
https://cafef.vn/tu-nay-di-ban-vang-tren-5-trieu-dong-bat-buoc-phai-chuyen-khoan-co-tinh-sai-pham-bi-phat-toi-20-trieu-188260217073318044.chn,2026-02-17 07:33:00,2026,2,2026-06-07 05:13:15.761117,6ab17a546f404aa1f1c29b5d0f367a0e195b8feafabd37962f18f6a053f153c5,NEW,,0
https://cafef.vn/chuyen-chua-ke-cua-cac-doanh-nghiep-bao-hiem-giua-tam-bao-nam-at-ty-2025-188260217072717668.chn,2026-02-17 07:27:00,2026,2,2026-06-07 05:13:15.823765,7a51f8fdd4c08227211692a5a42f1aa5297d6085e9476aee7e28ba0cfb9350e8,NEW,,0
https://cafef.vn/cong-an-bat-tam-giam-mot-nguoi-dan-ong-nhan-hon-450-trieu-dong-de-doi-tien-moi-khong-mat-phi-roi-chiem-doat-188260216223321597.chn,2026-02-16 23:19:00,2026,2,2026-06-07 05:13:15.896838,70526a6817cdc872bf95922dfce0df009383ca78964423fc27eaa02c22c31fea,NEW,,0
https://cafef.vn/xo-so-mien-nam-ngay-29-tet-7-giai-doc-dac-van-dang-tim-nguoi-trung-thuong-188260209110640887.chn,2026-02-16 14:32:00,2026,2,2026-06-07 05:13:15.956056,46ca6c8f2672662f9bdbb314e0a016c339643d8bb505038810d5827f90aa440e,NEW,,0
https://cafef.vn/cong-an-da-nang-bat-doi-tuong-chiem-doat-tien-trong-tai-khoan-ngan-hang-188260216065515067.chn,2026-02-16 06:53:00,2026,2,2026-06-07 05:13:16.014076,e56473608502a75f59f027e29a0e69404a35a188fca03e8057a3468298f1e4da,NEW,,0
https://cafef.vn/xuat-hien-nhom-nguoi-nuoc-ngoai-den-viet-nam-chup-anh-the-can-cuoc-quet-nhan-dien-khuon-mat-cong-an-lang-son-phat-khuyen-cao-toi-nguoi-dan-188260216065026676.chn,2026-02-16 06:47:00,2026,2,2026-06-07 05:13:16.075633,41c2cade27b0c00ec49ac48f2097a99addf2cafa13e0b6a19454ad5c98526c8d,NEW,,0
https://cafef.vn/xo-so-mien-nam-2-giai-doc-dac-bat-ngo-cung-trung-tai-tphcm-188260215204129402.chn,2026-02-15 20:41:00,2026,2,2026-06-07 05:13:16.137444,9c3d3b6d722b469b04ae53babdf5ae81783831bae802f5ff06cf5fb8337e79f1,NEW,,0
https://cafef.vn/lien-ket-tai-khoan-ngan-hang-voi-vi-zalopay-roi-thuc-hien-chuyen-tien-nguoi-dan-ong-bi-cong-an-da-nang-dieu-tra-188260215153123722.chn,2026-02-15 15:31:00,2026,2,2026-06-07 05:13:16.197715,7b224db72809168610100ec123ec23635ccfe1ae691001428f15e7f72ea220ed,NEW,,0
https://cafef.vn/nguoi-dan-do-xo-mua-ve-so-cau-may-dip-tet-nguyen-dan-2026-18826021514383637.chn,2026-02-15 15:10:00,2026,2,2026-06-07 05:13:16.256523,18c5ac9d38b00f9b98c3e15b317a06495a0019b0f3742cda2f7b1e04e8b57f8b,NEW,,0
https://cafef.vn/tai-khoan-ngan-hang-bi-khoa-tuyet-doi-khong-lam-dieu-nay-keo-tien-khong-canh-ma-bay-188260215095310424.chn,2026-02-15 14:00:00,2026,2,2026-06-07 05:13:16.339456,600c35a08fa8e9afca946c376fda4fef98358a13896f9b7255af36f7490358d3,NEW,,0
https://cafef.vn/chuyen-nham-500-trieu-tien-chua-benh-cho-con-vao-tai-khoan-la-nguoi-dan-ong-o-ninh-binh-duoc-cong-an-ho-tro-thu-hoi-toan-bo-so-tien-188260215095029021.chn,2026-02-15 12:50:00,2026,2,2026-06-07 05:13:16.425452,dd2f0d394dc281f865ab56b6ecfe6905dfb610a8fcef6a0eaad262cb109c7b40,NEW,,0
https://cafef.vn/dau-nam-binh-ngo-giu-tien-mat-mua-vang-hay-xuong-tien-bat-dong-san-1882602151100411.chn,2026-02-15 11:00:00,2026,2,2026-06-07 05:13:16.487408,7aaba43c739819f9edef03afe3a323dfd197b840cf24d4e2721e5c51ac9fcfb1,NEW,,0
https://cafef.vn/sau-cu-ban-thao-bat-ngo-gia-vang-se-di-ve-dau-188260215103319234.chn,2026-02-15 10:32:00,2026,2,2026-06-07 05:13:16.545942,06489bec57201f8f3e5d9c83c8ff5db0d56ee05d97d42bb734d61c2bb0ecb472,NEW,,0
https://cafef.vn/li-xi-xuyen-bien-gioi-cach-nguoi-viet-giu-lua-tet-quan-tam-toi-suc-khoe-nguoi-than-bat-chap-khoang-cach-dia-ly-188260215082451393.chn,2026-02-15 08:24:00,2026,2,2026-06-07 05:13:16.603125,061758be49c53e85ae3a790bc065f5451a39e32ea93f784270b430a7207993f9,NEW,,0
https://cafef.vn/vi-sao-the-ngan-hang-da-khoa-nhung-tai-khoan-van-bi-tru-tien-188260215082116181.chn,2026-02-15 08:21:00,2026,2,2026-06-07 05:13:16.659586,df2e7a872de14c219b134d3a1538a36f28db49d7ff514505609d6a520211e47f,NEW,,0
https://cafef.vn/de-xuat-ap-thue-01-moi-lan-chuyen-nhuong-tai-san-ma-hoa-188260212110757923.chn,2026-02-14 22:18:00,2026,2,2026-06-07 05:13:16.717943,03c568d6848e1cfa06055951743526cc4cfeff88128ddab196ab4578f1dc06dc,NEW,,0
https://cafef.vn/chi-thanh-toan-du-no-toi-thieu-the-tin-dung-de-tranh-no-xau-co-duoc-khong-188260214154432841.chn,2026-02-14 15:44:00,2026,2,2026-06-07 05:13:16.778927,b3cbd17e40a89e14e3f3194b76fe1a47ebee0d6721edbef9fdd18a5bb4bf382a,NEW,,0
https://cafef.vn/khoi-to-duong-day-chuyen-tien-trai-phep-hon-10000-ty-dong-qua-bien-gioi-188260214153923413.chn,2026-02-14 15:39:00,2026,2,2026-06-07 05:13:16.838527,1fd82ec6f5dbd27813bf2f1201e7be99e34c337798f854151ebebeb173cb8d00,NEW,,0
https://cafef.vn/sap-bay-online-mua-tet-nhieu-nguoi-mat-tien-trong-chop-mat-188260214153322261.chn,2026-02-14 15:33:00,2026,2,2026-06-07 05:13:16.898130,586e71c23fc732e69258095f88a31b3fc129add263ce1576494c1b8c1a18a3f5,NEW,,0
https://cafef.vn/agribank-thong-bao-quan-trong-ngay-truoc-tet-188260214095908364.chn,2026-02-14 09:58:00,2026,2,2026-06-07 05:13:16.955420,a45de5fb1bc4b3356adcb01b09e55222fac7fbbc76a03f45c59a6f4af46699d3,NEW,,0
https://cafef.vn/dieu-tra-dong-tien-qua-nhieu-lop-tai-khoan-ngan-hang-quy-doi-sang-usdt-hon-2500-ty-dong-bi-chiem-doat-cong-an-truy-bat-111-doi-tuong-188260214014526524.chn,2026-02-14 05:44:00,2026,2,2026-06-07 05:13:17.014512,981a7b740cb9bfc21077c8e57426bbe067bf8c1baf4fa912b340c4d9d47e0203,NEW,,0
https://cafef.vn/nghi-tet-binh-ngo-nhung-dich-vu-ngan-hang-nao-bi-gian-doan-188260213205835651.chn,2026-02-13 20:58:00,2026,2,2026-06-07 05:13:17.079028,8fcfbde634bc25c571117848866592f045d7120ac96ba1e0b4a7af81c9a056b4,NEW,,0
https://cafef.vn/ngan-hang-thong-bao-khan-tien-trong-tai-khoan-co-the-mat-sach-neu-khach-hang-lam-dieu-nay-trong-dip-tet-188260213195905763.chn,2026-02-13 19:58:00,2026,2,2026-06-07 05:13:17.146323,12183e12bcd4cdfaa641dbe64bcdb7e37bca23dee5f0e4bee85d228d2c470bb1,NEW,,0
https://cafef.vn/luong-20-trieu-thang-co-thuc-su-nen-mua-vang-18826021319342912.chn,2026-02-13 19:34:00,2026,2,2026-06-07 05:13:17.213868,ff458c4087bb67fefa152428cc84f70e02cd9c549c05d1af0df314e2592ec17a,NEW,,0
https://cafef.vn/tai-khoan-cua-nguoi-dan-ong-bi-duong-day-lua-dao-su-dung-de-rua-tien-canh-sat-kiem-tra-sao-ke-ngan-hang-dua-ra-ket-luan-anh-da-tro-thanh-dong-pham-188260213171356177.chn,2026-02-13 17:13:00,2026,2,2026-06-07 05:13:17.273219,ad670a1a0b525eda1c6411fab23ca18a56e7ba64f087e19aeb6493ccfd2735f4,NEW,,0
https://cafef.vn/nguoi-gui-tiet-kiem-online-tai-khoan-co-the-mat-sach-tien-boi-ly-do-sau-188260213114401811.chn,2026-02-13 11:43:00,2026,2,2026-06-07 05:13:17.332648,81226bb1c2bd3a675ca48754b7a1c5281f86ef25dd8c0e6fb48e0499090bac3b,NEW,,0
https://cafef.vn/vua-tu-nuoc-ngoai-ve-phat-hien-tai-khoan-ngan-hang-co-2-khoan-tien-la-len-toi-175-trieu-dong-nguoi-dan-ong-voi-den-cong-an-trinh-bao-188260213113800381.chn,2026-02-13 11:37:00,2026,2,2026-06-07 05:13:17.393816,df686b2ef307936cd61f1fcff491e701143eac65f226fd504977b2d5e5bf7219,NEW,,0
https://cafef.vn/ngan-hang-techcombank-phat-canh-bao-khan-toi-hang-trieu-khach-hang-dip-cuoi-nam-188260213102808128.chn,2026-02-13 10:45:00,2026,2,2026-06-07 05:13:17.466237,cc496dfe09e9e7ff9685e08bfeafa66b1e3309e4355b3402c28678314b8085e4,NEW,,0
https://cafef.vn/tien-la-chuyen-vao-tai-khoan-nguoi-dan-can-lam-ngay-3-viec-nay-de-tranh-rac-roi-188260213104208059.chn,2026-02-13 10:41:00,2026,2,2026-06-07 05:13:17.525223,bde6630f8b31e115a5a0b5a599e6dcf7b40e905dafd335700f40dcd35a0cace6,NEW,,0
https://cafef.vn/ngan-hang-lon-thong-bao-khan-khach-hang-kiem-tra-ngay-chip-tren-the-co-cac-dau-hieu-sau-hay-khong-188260213085451943.chn,2026-02-13 08:54:00,2026,2,2026-06-07 05:13:17.585659,5613888e9f2438432b883eb40da59d141e301ce2de871e1a24e4d810bb65eb6b,NEW,,0
https://cafef.vn/bat-nghi-pham-cuop-tiem-vang-o-tphcm-188260212192549893.chn,2026-02-12 19:25:00,2026,2,2026-06-07 05:13:17.648231,284eabe8a0d2746450401ab043169e03d3e74e5276737fc11f1fa72143fc9432,NEW,,0
https://cafef.vn/mot-ngan-hang-ngung-moi-giao-dich-rut-chuyen-tien-qua-he-thong-internet-banking-trong-ky-nghi-tet-2026-188260212162433082.chn,2026-02-12 16:24:00,2026,2,2026-06-07 05:13:17.708417,cb93a702f67efbe3e2ad4638467968eda539b416c7716a0913680c2a4f47c1c6,NEW,,0
https://cafef.vn/canh-bao-dich-vu-doi-tien-le-trai-phep-dip-tet-tren-mang-xa-hoi-188260212150309784.chn,2026-02-12 15:02:00,2026,2,2026-06-07 05:13:17.781043,dfc4e6569dde636698c37c67eaaeb7e4fad7e2d639bb4ff3d227b89e79dcc605,NEW,,0
https://cafef.vn/tai-sao-lua-dao-biet-ro-so-cccd-tai-khoan-ngan-hang-va-mat-khau-cua-nan-nhan-188260212142442401.chn,2026-02-12 14:38:00,2026,2,2026-06-07 05:13:17.843487,0ed7a8ab7b250e163dff712909cd2a623ad85091dbbc8dc85c0a55f23e11ff94,NEW,,0
https://cafef.vn/tat-ca-cac-ngan-hang-se-dung-hoat-dong-tren-loat-thiet-bi-sau-tu-ngay-1-3-188260212084704735.chn,2026-02-12 13:50:00,2026,2,2026-06-07 05:13:17.903800,b9d8aebba26957874421237d380d36f29781755119f2a17e2d8f4bd4f9cab2d1,NEW,,0
https://cafef.vn/tat-ca-nguoi-dan-co-tai-khoan-ngan-hang-chu-y-nhan-duoc-kieu-tien-nay-phai-bao-cong-an-ngay-188260212122757966.chn,2026-02-12 12:27:00,2026,2,2026-06-07 05:13:17.963931,f6f514c2f21d343402bee12db6ad192d23f64c976367f6bcf15f123b58290d88,NEW,,0
https://cafef.vn/dieu-gi-sap-xay-ra-voi-gia-vang-trong-thoi-gian-toi-188260212100308491.chn,2026-02-12 10:00:00,2026,2,2026-06-07 05:13:18.023744,d0c988df2cd934e352db3179d2f6eae5bfce15c9cf6b0c0736395b3f4461570d,NEW,,0
https://cafef.vn/sat-tet-nguyen-dan-gui-tiet-kiem-o-dau-huong-lai-suat-tu-6-nam-tro-len-khong-yeu-cau-nhieu-tien-18826021209260606.chn,2026-02-12 09:25:00,2026,2,2026-06-07 05:14:16.584441,a163aea2691c423bb7c8d717ccd074122d07e5c7f6ba50c22d1b83eec86c8f43,NEW,,0
https://cafef.vn/nghi-vien-chau-au-bat-den-xanh-cho-dong-euro-ky-thuat-so-188260211211001731.chn,2026-02-12 07:01:00,2026,2,2026-06-07 05:14:16.643506,202a4a9753a6d216000288f2d32b55cb45f73e7f3eff694594ca8476dc85a416,NEW,,0
https://cafef.vn/gia-vang-viet-nam-cao-hon-the-gioi-gan-24-trieu-dong-luong-188260211144903483.chn,2026-02-11 22:16:00,2026,2,2026-06-07 05:14:16.702126,f1d3bde1e5b790726ad71dea2b699d456a8acee42d5bd900e2be18e82798cb98,NEW,,0
https://cafef.vn/phat-hien-nhieu-tai-khoan-nhan-duoc-hang-loat-khoan-tien-nho-tu-1000-20000-dong-188260211172745248.chn,2026-02-11 20:42:00,2026,2,2026-06-07 05:14:16.763825,56e00b6df7958f3e09779ffa11bebda66add8d72406ce9bae410694398c4dbd0,NEW,,0
https://cafef.vn/chuyen-gia-thue-cac-tieu-thuong-cho-binh-dien-cho-dau-moi-co-doanh-thu-rat-cao-nhung-da-tuan-thu-viec-xuat-hoa-don-188260211204128263.chn,2026-02-11 20:41:00,2026,2,2026-06-07 05:14:16.822125,10869ae2927a1ab81d845886f93d5e186ef61ba31cf20d8f58aafb8c4350b947,NEW,,0
https://cafef.vn/thi-truong-tien-so-hom-nay-11-2-bitcoin-co-the-tiep-tuc-rot-tham-188260211185156791.chn,2026-02-11 18:51:00,2026,2,2026-06-07 05:14:16.878352,0825c9f813cbbb73e3496f29b83f9f3e6eb78222ae99b5488130d01a9bf152d1,NEW,,0
https://cafef.vn/lai-vua-co-nguoi-trung-vietlott-hon-42-ty-dong-tai-tphcm-188260211171052304.chn,2026-02-11 17:10:00,2026,2,2026-06-07 05:14:16.935259,36292d5c349d869dfebd3c3f18a04f0662729ae9e9288a2cf7ea039ace599683,NEW,,0
https://cafef.vn/ngan-hang-vua-phat-canh-bao-khong-thuc-hien-giao-dich-chuyen-tien-trong-truong-hop-nay-188260211112746758.chn,2026-02-11 11:27:00,2026,2,2026-06-07 05:14:16.993875,4b67f751867c89eedd9e702791eb3c583b7507027f783514670f5d6f8091c99b,NEW,,0
https://cafef.vn/triet-pha-xuong-san-xuat-tien-gia-do-ong-trum-sinh-nam-2010-tu-lap-188260211092153264.chn,2026-02-11 10:16:00,2026,2,2026-06-07 05:14:17.055316,16339e77e489a08c52f310503c458537ec46a510dbbfc49f134984afd5b620e3,NEW,,0
https://cafef.vn/cong-an-canh-bao-nguoi-mua-vang-tich-luy-thoi-diem-nay-188260211101454134.chn,2026-02-11 10:14:00,2026,2,2026-06-07 05:14:17.118826,d78066a970c488c468df3980c1aedd4f092110a64a80ed33498a78e961bd27ab,NEW,,0
https://cafef.vn/nhan-tien-thuong-tet-chi-bao-nhieu-giu-bao-nhieu-de-tien-khong-ngu-dong-sau-tet-188260211080748237.chn,2026-02-11 08:07:00,2026,2,2026-06-07 05:14:17.179055,77426da7ff4c227eabd45518e2c89f511cfd9bbabb23711ac633cc03529b39b4,NEW,,0
https://cafef.vn/thong-bao-quan-trong-nguoi-dung-agribank-vietcombank-bidv-luu-y-truoc-tet-188260211070720673.chn,2026-02-11 07:16:00,2026,2,2026-06-07 05:14:17.244398,c11370f2eaef63e573643f844a5a4e740d7abd07d85223682394110d224257de,NEW,,0
https://cafef.vn/mua-no-xau-tu-ngan-hang-roi-ban-lai-cho-nguoi-khac-nop-thue-nhu-the-nao-188260210181627902.chn,2026-02-10 19:45:00,2026,2,2026-06-07 05:14:17.308141,aba0b4d56821dc69344abfff22cf74c267055b38ae6fffd007cc96ae8f975938,NEW,,0
https://cafef.vn/truoc-40-tuoi-chua-co-1-ty-dong-tien-du-phong-day-la-nhung-dieu-ban-can-nghiem-tuc-xem-lai-188260210162458846.chn,2026-02-10 16:24:00,2026,2,2026-06-07 05:14:17.376623,e506d24f35ed62145ae8665e23ad4b41e834128e3189b0296456534ab9b83831,NEW,,0
https://cafef.vn/nguoi-co-khoan-vay-the-tin-dung-den-han-vao-khoang-thoi-gian-nay-can-chu-y-188260210144805251.chn,2026-02-10 14:48:00,2026,2,2026-06-07 05:14:17.435707,7012dc2769422b33ab4214268313333954a047681f5c367b3c3455e242562419,NEW,,0
https://cafef.vn/agribank-vietcombank-bidv-dung-giao-dich-tai-quay-de-nghi-tet-trong-nhung-ngay-sau-188260210142702856.chn,2026-02-10 14:26:00,2026,2,2026-06-07 05:14:17.495327,af9ed8ff8f1e57d04666d2678b31ce0c8e1104e0f80a5eea531f6e32bfbe6567,NEW,,0
https://cafef.vn/chu-tai-khoan-agribank-dac-biet-luu-y-thong-bao-quan-trong-lien-quan-toi-giao-dich-chuyen-tien-rut-tien-tu-ngan-hang-nay-sap-toi-day-188260210103344532.chn,2026-02-10 10:33:00,2026,2,2026-06-07 05:14:17.552382,0e416c5cfa56808996789d3efdd77484d40f8b566dda2c1006c03077db854b4c,NEW,,0
https://cafef.vn/the-ngan-hang-da-khoa-nhung-vi-sao-van-bi-tru-tien-188260210091639387.chn,2026-02-10 09:16:00,2026,2,2026-06-07 05:14:17.619873,dbc2d49d5f5010e499463bb7cd8bc5563174fe8d22adb6d9dbe7a4bd94bd0938,NEW,,0
https://cafef.vn/nhung-thoi-diem-tuyet-doi-khong-nen-mua-bac-18826021008373987.chn,2026-02-10 08:37:00,2026,2,2026-06-07 05:14:17.697952,ff4d90b907bcc762d1f56881cd45ad7e6ae8add3d3cfb786c42e7924f0a89864,NEW,,0
https://cafef.vn/thi-truong-tien-so-hom-nay-9-2-bitcoin-co-the-rot-xuong-60000-usd-188260209194302242.chn,2026-02-09 20:40:00,2026,2,2026-06-07 05:14:17.757934,999e9cdf90f860c8f972a31ce0df7b050e974f92ed67c5a55d6149959ef74083,NEW,,0
https://cafef.vn/nhan-duoc-khoan-tien-nay-vao-tai-khoan-nguoi-dan-can-chu-y-thong-bao-tu-cong-an-188260209122115402.chn,2026-02-09 12:20:00,2026,2,2026-06-07 05:14:17.819029,7170613c6e505d7e14f1942b40a25032c269013bbf34ecd813ecb8087b25e38d,NEW,,0
https://cafef.vn/ngay-via-than-tai-2026-roi-vao-ngay-nao-mua-vang-the-nao-de-vua-cau-may-vua-an-toan-tai-chinh-18826020910290719.chn,2026-02-09 10:26:00,2026,2,2026-06-07 05:14:17.878965,e609cb3c7182370fc98249f8173663c0e6e8b8fe83a6874f6f9c5f9482edcae3,NEW,,0
https://cafef.vn/tet-binh-ngo-2026-khi-ai-va-deepfake-bua-vay-chiec-vi-nguoi-tieu-dung-18826020109265597.chn,2026-02-09 10:09:00,2026,2,2026-06-07 05:14:17.939119,733d80dfaaebb95467a75b928c4907a467b192009861d09183d8c8e476a969c9,NEW,,0
https://cafef.vn/bat-giu-chu-doanh-nghiep-dung-tai-khoan-ca-nhan-de-nhan-tien-ban-vang-khong-xuat-hoa-don-doanh-thu-tron-thue-toi-1500-ty-dong-188260209095749091.chn,2026-02-09 09:57:00,2026,2,2026-06-07 05:14:17.999023,778a06462c1d01e9b1c564af0593a8411a06cff4255139591b7c0449b18d83ee,NEW,,0
https://cafef.vn/di-rut-tien-chuan-bi-nghi-tet-bat-gap-hien-tuong-kho-tin-18826020819550736.chn,2026-02-08 21:35:00,2026,2,2026-06-07 05:14:18.060999,cffbe9d58d30ab78ff5e512b842fdc864dfd787ca4ee3fbe3f51da58121364ce,NEW,,0
https://cafef.vn/thoi-diem-tot-de-xuong-tien-mua-vang-188260208204006051.chn,2026-02-08 20:39:00,2026,2,2026-06-07 05:14:18.121402,e932914a8ce9f0391d985f1757adaf23429b1406ba58bfba00dfff50e899f6e1,NEW,,0
https://cafef.vn/can-tet-nguoi-co-dong-tien-ra-vao-tai-khoan-nhieu-chu-y-cac-khoan-buoc-phai-ke-khai-nop-thue-188260208170213316.chn,2026-02-08 17:02:00,2026,2,2026-06-07 05:14:18.184780,86786539594e0abe4f1c8cfc0bd6fe9d538598ecd9c5c6adaa55a9a3cdd0930a,NEW,,0
https://cafef.vn/bat-nhom-lua-dao-hon-1000-nguoi-dau-tu-tien-ky-thuat-so-o-hai-phong-188260208134616957.chn,2026-02-08 13:48:00,2026,2,2026-06-07 05:14:18.247367,d72fe7a5a8fd7f65edaa6969e74297ad5e768ceaf3b24221296b07ef49392025,NEW,,0
https://cafef.vn/gia-mua-ban-nha-coc-tien-dat-de-che-giau-duong-day-cho-vay-hon-83-ti-dong-188260208134142926.chn,2026-02-08 13:41:00,2026,2,2026-06-07 05:14:18.310092,b0866158b86ff3aa3cec611e02ab555ede681f1fe5a7ef7e58500bc6c06d7804,NEW,,0
https://cafef.vn/chi-tiet-loi-khai-nhom-cuop-ngan-hang-o-gia-lai-188260208113038129.chn,2026-02-08 11:41:00,2026,2,2026-06-07 05:14:18.369800,af5cd4ef5fdda564007f4e1d55061989cdc523b17357196516a1f722ba163b0d,NEW,,0
https://cafef.vn/vi-sao-khoa-the-ngan-hang-roi-van-bi-thu-phi-thuong-nien-188260208113302231.chn,2026-02-08 11:32:00,2026,2,2026-06-07 05:14:18.440557,01cc993fa1b2fecb932a14a19e0242e91340600a119db7029a20ebdc29dd651a,NEW,,0
https://cafef.vn/han-quoc-ung-pho-khan-voi-vu-chuyen-nham-620000-bitcoin-188260208113125539.chn,2026-02-08 11:31:00,2026,2,2026-06-07 05:14:18.503433,de7021f6fe5a20a8998bc2cadf51e2105d502d1fb396746eacd47bfa65bcca97,NEW,,0
https://cafef.vn/nguoi-dan-duoc-boi-thuong-dat-muon-nhan-tien-mat-khong-qua-tai-khoan-ngan-hang-co-duoc-khong-bo-tai-chinh-giai-dap-188260207175414672.chn,2026-02-07 17:54:00,2026,2,2026-06-07 05:14:18.564973,0d886e79347f56b1aa112a4b0e4f4b7d78a7da7da994823649d53a0ba78778e6,NEW,,0
https://cafef.vn/khong-kiem-tra-truy-thu-thue-ho-kinh-doanh-188260207155942174.chn,2026-02-07 15:59:00,2026,2,2026-06-07 05:14:18.625839,6db966c1099f7472bd446a9d197db007ef8d108956c97493c779782559c03877,NEW,,0
https://cafef.vn/clip-toan-canh-qua-trinh-bat-nhom-cuop-ngan-hang-o-gia-lai-188260207155807371.chn,2026-02-07 15:57:00,2026,2,2026-06-07 05:14:18.687166,b9357acf3b9e1fdb265e4245c3755288e65a36d77b5a92bcf84c7d62f11ee1aa,NEW,,0
https://cafef.vn/du-bao-moi-nhat-cua-chuyen-gia-ve-gia-vang-sau-cu-giam-manh-188260207110154834.chn,2026-02-07 11:01:00,2026,2,2026-06-07 05:14:18.757433,6c827eb1a0ba8163a584534972b4d014aa81bda311bbff8ac656c53d2e2eeae9,NEW,,0
https://cafef.vn/vpbank-mb-bidv-dong-loat-phat-thong-bao-can-tet-tuyet-doi-khong-lam-dieu-nay-neu-khong-muon-mat-tien-188260207103209037.chn,2026-02-07 10:30:00,2026,2,2026-06-07 05:14:18.817382,366cddbe11e28c6d1ae22e093e0c575816eaec720103f715bea4e1fdc9bd8a57,NEW,,0
https://cafef.vn/dung-tai-khoan-ca-nhan-de-ne-thue-chu-doanh-nghiep-xe-may-bi-khoi-to-188260206153140214.chn,2026-02-07 10:23:00,2026,2,2026-06-07 05:14:18.878898,f05f35bfa17b89458a1e100f650fb75901699225cc20ffde2e25a9f328ec4822,NEW,,0
https://cafef.vn/tu-1-3-2026-vietcombank-vietinbank-agribank-ngung-giao-dich-rut-chuyen-tien-qua-ung-dung-doi-truong-hop-sau-188260207072534273.chn,2026-02-07 08:45:00,2026,2,2026-06-07 05:14:18.939485,6f581e6d6a8cbe4e0ed3e116987c66a41c110bb1507c8254da6a92fc3f9d0048,NEW,,0
https://cafef.vn/techcombank-co-thong-bao-khan-den-toan-bo-khach-hang-188260207072845007.chn,2026-02-07 07:46:00,2026,2,2026-06-07 05:14:19.000446,958c97caa44fc72e06ead56dccb4bdb81fb0255e110e4bc485acbfd75295ba69,NEW,,0
https://cafef.vn/cu-ba-hot-hoang-khi-nhan-2-ty-dong-tu-tai-khoan-la-188260206203421109.chn,2026-02-06 20:34:00,2026,2,2026-06-07 05:14:19.059646,d4a5a4cc41f871f93a61a53d0b26c1aa80b80deb51b254047297ac0b84dd3570,NEW,,0
https://cafef.vn/nguoi-gui-tiet-kiem-tai-vib-chu-y-188260206145449833.chn,2026-02-06 14:54:00,2026,2,2026-06-07 05:14:19.121579,625796a64c3590c008659145f7fc8229911a2af59306249a441ccbaa7260153a,NEW,,0
https://cafef.vn/rut-tien-tiet-kiem-mua-bac-nguoi-dan-ong-o-tphcm-lo-hon-200-trieu-dong-chi-trong-1-tuan-18826020612031488.chn,2026-02-06 13:34:00,2026,2,2026-06-07 05:14:19.181200,2fc88c237d40770f28ef0f12c4e0cba20bfb19828ba9c9be096e40b1702fd8d6,NEW,,0
https://cafef.vn/5-thoi-diem-tuyet-doi-khong-nen-mua-vang-18826020610450924.chn,2026-02-06 11:47:00,2026,2,2026-06-07 05:14:19.240402,88830b1618618db83ac65e44309e0a96d4411d0d97896387c17479d39158037a,NEW,,0
https://cafef.vn/nhieu-nha-dau-tu-tien-so-mat-tet-188260206104924834.chn,2026-02-06 11:38:00,2026,2,2026-06-07 05:14:19.298077,673e47f950323c6b35a4564f23d9996037d1619ea3a400560fdfb10497ffeb72,NEW,,0
https://cafef.vn/moi-lan-tien-ve-tai-khoan-nao-ban-dang-tu-lua-ban-nhu-the-nao-188260206113603432.chn,2026-02-06 11:35:00,2026,2,2026-06-07 05:15:20.137841,5e90e36a511dffbe1641799cc50d86a0c485c2cd238d79fb7411e475cc996028,NEW,,0
https://cafef.vn/ngan-hang-cong-an-canh-bao-nhan-cac-cuoc-goi-kieu-nay-nguoi-dan-tat-may-ngay-188260206085701863.chn,2026-02-06 08:55:00,2026,2,2026-06-07 05:15:20.197987,1cd48dc287e43b194ae685990e9d34f43995cae1944aff9836647ec9a7b5f6da,NEW,,0
https://cafef.vn/bitcoin-lao-doc-hon-50-chuyen-gia-canh-bao-chua-co-day-ro-rang-truoc-lan-song-ban-thao-188260206075049722.chn,2026-02-06 07:50:00,2026,2,2026-06-07 05:15:20.373492,6a85e13fd950c4e0a25630bbf47d45b5bed628f3ac91d35a7d55da04a6b04d03,NEW,,0
https://cafef.vn/chuyen-gia-chi-cach-kiem-tra-nhanh-so-dien-thoai-email-co-bi-lo-tren-cho-den-hay-khong-188260205222509247.chn,2026-02-05 22:24:00,2026,2,2026-06-07 05:15:20.460251,83704d44e4d2106b9dae3f6a0303c6ff1a5a832fb68c0105f0e3eb999a64d140,NEW,,0
https://cafef.vn/dau-tu-chung-khoan-lai-gan-5-ty-muon-rut-tien-ve-tai-khoan-thi-phai-dong-thue-tncn-nguoi-phu-nu-quyet-khong-nop-va-den-cong-an-trinh-bao-188260205220509059.chn,2026-02-05 22:04:00,2026,2,2026-06-07 05:15:20.618823,2086a490cb913c7c56e0abed5848899eafa8121d7eaea6b3a40a56dce4cbbb38,NEW,,0
https://cafef.vn/nhieu-nguoi-gui-tiet-kiem-lai-cao-roi-bat-ngo-khong-rut-duoc-tien-cong-an-canh-bao-khan-188260205182228878.chn,2026-02-05 22:01:00,2026,2,2026-06-07 05:15:20.683866,f1605c218cc9bdfcdf6c9ea2f4cb6efea64cf0379a685a1b7ba04e9b3e0567e3,NEW,,0
https://cafef.vn/vang-khong-phai-la-khoan-dau-tu-tot-giam-doc-dau-tu-canh-bao-nha-dau-tu-ca-nhan-truoc-lan-song-mua-qua-da-188260205185653998.chn,2026-02-05 19:50:00,2026,2,2026-06-07 05:15:20.744476,4997ef30ed57cce5d54c8d70350a2bbffa95d70d5b767d7e9b99a01c1c6cbb8b,NEW,,0
https://cafef.vn/khong-can-nhieu-tien-chi-can-dung-cach-day-la-cach-nguoi-thu-nhap-trung-binh-tich-san-ben-vung-tu-nhung-khoan-rat-nho-188260205181550354.chn,2026-02-05 18:15:00,2026,2,2026-06-07 05:15:20.812516,32b061ce617dca3d040df1cebce3bd1443e190fb46169d05b5e14ff38aa666c0,NEW,,0
https://cafef.vn/nguoi-doi-tien-moi-tien-le-dip-tet-co-the-bi-phat-toi-40-trieu-dong-tich-thu-toan-bo-tien-neu-vi-pham-dieu-nay-188260205170405237.chn,2026-02-05 17:04:00,2026,2,2026-06-07 05:15:20.975759,a7e4a13a96d3ae74ecb67c30628db56c80117135eff88cda5587c1364611e5b3,NEW,,0
https://cafef.vn/nguoi-dung-android-iphone-chu-y-cac-ung-dung-ngan-hang-se-khong-the-chuyen-khoan-nap-rut-tien-neu-dien-thoai-bat-tinh-nang-nay-188260205160812379.chn,2026-02-05 16:08:00,2026,2,2026-06-07 05:15:21.033929,c74cda6cac18e70a7c0079b22356027156286c68380e5c91237ea4388d0dccd5,NEW,,0
https://cafef.vn/nhan-5-ty-ve-tai-khoan-ca-nhan-ho-kinh-doanh-lo-bi-tinh-thue-tren-toan-bo-dong-tien-co-quan-thue-giai-dap-188260205105049362.chn,2026-02-05 13:46:00,2026,2,2026-06-07 05:15:21.092724,fd760b39b0ddd51349936f28556a701712140d1fa3575fa32768818e6a91a1e3,NEW,,0
https://cafef.vn/dau-thang-2-mot-ngan-hang-tra-lai-tiet-kiem-gan-10-nam-188260205121414205.chn,2026-02-05 12:13:00,2026,2,2026-06-07 05:15:21.156711,8e49267b7e7992e1e1c58519e4fc5488a4447b75bd546f56fa528dd03fe7e825,NEW,,0
https://cafef.vn/khach-hang-quet-qr-chuyen-khoan-thanh-toan-don-hang-gan-700-trieu-dong-nguoi-ban-xac-nhan-du-nhung-quyet-khong-giao-hang-188260205110135287.chn,2026-02-05 11:01:00,2026,2,2026-06-07 05:15:21.235350,eb45d21d39506766dcec9ded85175297eabe1bc9a79a7dec10b1e2395797c139,NEW,,0
https://cafef.vn/co-vang-trong-nha-mang-de-o-ngan-hang-bidv-vietinbank-hay-sacombank-co-loi-nhat-18826020509571173.chn,2026-02-05 09:56:00,2026,2,2026-06-07 05:15:21.295959,8c523fdaa0271e9188aa924d7306f5d2259bf7eb554344f3f741877dd8312c8c,NEW,,0
https://cafef.vn/cach-ke-khai-nop-thue-cho-ca-nhan-ho-kinh-doanh-18826020509251688.chn,2026-02-05 09:25:00,2026,2,2026-06-07 05:15:21.358616,e392863d814b244803a5d043d16eeae2b36da463d3b9792778688b23c490feaa,NEW,,0
https://cafef.vn/thi-truong-tien-so-hom-nay-4-2-bitcoin-quay-dau-188260204152538143.chn,2026-02-04 23:16:00,2026,2,2026-06-07 05:15:21.417378,cebb58fb7ff9cdd16e2e07400a69c3de036960c04c299012e33c59c720eb7326,NEW,,0
https://cafef.vn/nhan-300-trieu-de-doi-tien-moi-cong-an-ha-noi-truy-tim-mot-nguoi-phu-nu-188260204155923883.chn,2026-02-04 18:07:00,2026,2,2026-06-07 05:15:21.478039,3c785290da76ff4c197fa1a95d3f61bc703fd0abbb31128f924e1c24c1056847,NEW,,0
https://cafef.vn/ban-thong-tin-tai-khoan-ngan-hang-nhieu-hoc-sinh-bong-thanh-con-no-app-vay-tien-188260204092450089.chn,2026-02-04 16:59:00,2026,2,2026-06-07 05:15:21.718398,5d9a7d5436f3557c737a78be4446b6a2aa60909f2d75e7db69970e211c07bb93,NEW,,0
https://cafef.vn/tu-thang-sau-vietcombank-vietinbank-agribank-bidv-se-ngung-toan-bo-giao-dich-chuyen-khoan-nap-rut-tien-qua-ung-dung-doi-nhung-khach-hang-nay-188260204162004918.chn,2026-02-04 16:19:00,2026,2,2026-06-07 05:15:21.972416,01a08448f1c7656046cae121213fb531414b21c0350e1d0b0a3d2b81a2ae51ac,NEW,,0
https://cafef.vn/vietcombank-co-thong-bao-quan-trong-ve-hoat-dong-chuyen-tien-trong-dip-tet-nguyen-dan-2026-188260204152317033.chn,2026-02-04 15:23:00,2026,2,2026-06-07 05:15:22.222974,02f8af6c66229d588a34e1df1923a246a1c69c7ea368f4d6e6b3c4a9e459453c,NEW,,0
https://cafef.vn/chu-tai-khoan-mb-chu-y-thong-bao-quan-trong-tu-ngan-hang-nay-188260204151025675.chn,2026-02-04 15:10:00,2026,2,2026-06-07 05:15:22.502978,efd9567e01bf5b4b4417269e42692498ffe1a65737b164097d023e1a5b5b00bd,NEW,,0
https://cafef.vn/nguoi-dan-khong-bo-khau-trang-mu-trum-dau-khi-vao-tiem-vang-ngan-hang-cong-an-dia-phuong-khuyen-nghi-dung-phuc-vu-vi-ly-do-sau-188260204142348342.chn,2026-02-04 14:23:00,2026,2,2026-06-07 05:15:22.738347,c07e3831294084e80d3f3267852060ce7f382451f20629edfcb5f8fa86eca9fd,NEW,,0
https://cafef.vn/ho-kinh-doanh-dang-su-dung-tai-khoan-ngan-hang-de-chuyen-nhan-tien-can-chu-y-quy-dinh-moi-188260204094035742.chn,2026-02-04 09:40:00,2026,2,2026-06-07 05:15:22.975036,16dcf8a951ce1ef378dd5a3e83ca2910ecae58dd5d41f3aad8bc0156caa209d4,NEW,,0
https://cafef.vn/mot-ngan-hang-vua-canh-bao-khan-neu-khach-hang-nhan-duoc-cuoc-goi-tin-nhan-nay-188260204082438243.chn,2026-02-04 08:24:00,2026,2,2026-06-07 05:15:23.119895,ec7bbb3b4778ddf929f2e73a0823278aaa6aed7dd88a11deb849429d3a064d67,NEW,,0
https://cafef.vn/tpbank-nang-cap-trai-nghiem-so-cho-doanh-nghiep-xuat-nhap-khau-188260204075143388.chn,2026-02-04 08:00:00,2026,2,2026-06-07 05:15:23.179693,998acd12b76769e3fe799e9d99900faf54f8b3730c41bdef4e419918edee6471,NEW,,0
https://cafef.vn/thi-truong-tien-so-hom-nay-3-2-du-bao-gay-bat-ngo-188260203110611844.chn,2026-02-03 22:07:00,2026,2,2026-06-07 05:15:23.240622,a0db9d425e2b5c24b62ebc0fd1f8a3f54d64c4e1830ca9f7fa0fffab88bd42ee,NEW,,0
https://cafef.vn/tranh-nhau-mua-luc-vang-nong-nhieu-nguoi-dang-lo-nang-188260203183459366.chn,2026-02-03 19:34:00,2026,2,2026-06-07 05:15:23.297773,e0d24738059a34ec902d13d9fd86eee0f2012f0e04777ed46ede65605824a9b6,NEW,,0
https://cafef.vn/den-ngan-hang-chuyen-tien-nhan-vien-bidv-khong-thuc-hien-giao-dich-ma-dat-hang-loat-cau-hoi-vi-khach-ban-dau-kho-chiu-sau-do-lai-xuc-dong-cam-on-188260203173802072.chn,2026-02-03 17:38:00,2026,2,2026-06-07 05:15:23.356206,4a3cf9cf9fd80765379ca62716c0dafd663e6db0c324edd5e11ffbd5230cd176,NEW,,0
https://cafef.vn/gia-vang-dang-tang-manh-tro-lai-nguoi-mua-vang-tai-thuong-hieu-nay-o-ha-noi-can-luu-y-thong-bao-quan-trong-sau-188260203151055318.chn,2026-02-03 15:10:00,2026,2,2026-06-07 05:15:23.412836,9af4ca20f7a9937440247e6c864d7a6533c0b961a1a462026a18283f258ec197,NEW,,0
https://cafef.vn/vietcombank-canh-bao-nong-ve-thu-doan-lua-dao-moi-khuyen-cao-khach-hang-khong-cho-bat-ky-ai-muon-the-188260203150113074.chn,2026-02-03 15:01:00,2026,2,2026-06-07 05:15:23.542462,e17166624b67c4faa0e0ebbf637684a6adb286b96dbea19462132752206cf0fc,NEW,,0
https://cafef.vn/bidv-nhac-ban-3-dieu-tuyet-doi-khong-lam-de-tranh-mat-tien-188260203141935413.chn,2026-02-03 14:20:00,2026,2,2026-06-07 05:15:23.657237,b9c391237eceb2d3bebe282f753e96e810c1033064d976247633f587c4b0f6f4,NEW,,0
https://cafef.vn/cam-co-so-tiet-kiem-agribank-de-chuyen-di-200-trieu-dong-nhan-vien-tam-dung-giao-dich-bao-cong-an-188260203134235418.chn,2026-02-03 13:42:00,2026,2,2026-06-07 05:15:23.720151,16b5b165f2b877a4bc4334e38fd721a89175e146f6d22d738453d871116ea322,NEW,,0
https://cafef.vn/thoi-han-thanh-toan-the-tin-dung-trung-dip-nghi-tet-cua-ngan-hang-lam-ngay-dieu-nay-de-tranh-phat-sinh-phi-phat-mac-no-xau-188260203112821299.chn,2026-02-03 11:28:00,2026,2,2026-06-07 05:15:23.782370,7b6e8ab006d17ff449817d5ab65b599b0070688548f48f9abe401938fd246307,NEW,,0
https://cafef.vn/tu-nam-2026-bo-me-can-biet-tre-em-duoi-6-tuoi-duoc-huong-bao-hiem-y-te-nhu-the-nao-188260203104627383.chn,2026-02-03 10:46:00,2026,2,2026-06-07 05:15:23.842571,063de081b7afc5d281408c8c066c4ff22f5a77b0f7a625e2118e6e07c87f1005,NEW,,0
https://cafef.vn/ho-kinh-doanh-quan-an-nho-thi-can-so-sach-nhu-the-nao-cuc-thue-giai-dap-188260203101253522.chn,2026-02-03 10:25:00,2026,2,2026-06-07 05:15:23.902998,4dadfd5385a4309a6de37cb702650ad193de7759d866333a0f5e4b59f0058283,NEW,,0
https://cafef.vn/tu-9-2-phat-toi-400-trieu-dong-tich-thu-toan-bo-vang-neu-phat-hien-sai-pham-sau-188260203100850507.chn,2026-02-03 10:08:00,2026,2,2026-06-07 05:15:23.962133,928821caaeaa6174122297953a7f31f7ef4e08786da4500f30afd30ce99ae32e,NEW,,0
https://cafef.vn/mo-hinh-dang-sau-app-dau-tu-vang-vua-sap-hoat-dong-kieu-dinh-gia-truoc-moi-giao-dich-dat-duoc-khong-duoc-bao-ve-don-bay-cuc-cao-188260203092421361.chn,2026-02-03 09:24:00,2026,2,2026-06-07 05:15:24.031799,6761ac8e311a5fadb6fa89110ddb6afe594e98464232e609a3cbb1f99fe4fab1,NEW,,0
https://cafef.vn/cung-tien-noi-den-chua-khi-nep-cu-mo-dan-truoc-xu-huong-van-minh-tai-chinh-188260203092158195.chn,2026-02-03 09:21:00,2026,2,2026-06-07 05:15:24.093804,b63a65861390d6ff86244e8cd92f8e4e973077a4c91017442c8f51f98fb55be8,NEW,,0
https://cafef.vn/nguoi-tung-dau-tu-vao-du-an-tien-ao-nay-va-mat-sach-tien-khan-truong-den-cong-an-trinh-bao-188260202154005639.chn,2026-02-02 15:40:00,2026,2,2026-06-07 05:15:24.161354,73c4a2841eaebed5246ea68771ad045126e3a814d81a5cec2b04d26a6d76d96f,NEW,,0
https://cafef.vn/cach-moi-de-cung-cap-thong-tin-ve-vu-cuop-ngan-hang-o-gia-lai-188260202150110874.chn,2026-02-02 15:01:00,2026,2,2026-06-07 05:15:24.291429,9632dc0bc01d7a5790b00060f60dff9c59bfeec3a730e17d15f21486e7c44a85,NEW,,0
https://cafef.vn/ban-10-luong-vang-dau-tu-chung-cu-nua-nam-sau-can-ho-chua-thoat-hang-con-gia-vang-tang-gan-gap-doi-toi-nhan-ra-qua-nhieu-bai-hoc-188260202111619385.chn,2026-02-02 11:15:00,2026,2,2026-06-07 05:15:24.348779,1522e0d0af7a33da88a0f6ca1b170e499d5611bbcc6339b3cf3158f8f8637002,NEW,,0
https://cafef.vn/bac-o-viet-nam-khong-khan-hiem-vi-sao-nguoi-dan-phai-xep-hang-mua-bang-giay-hen-18826020209573748.chn,2026-02-02 10:37:00,2026,2,2026-06-07 05:15:24.423356,252788534c59d5be758368ec08c8a3c004d39a1ecbe09bccf43f721b8dd3fb9c,NEW,,0
https://cafef.vn/nguoi-dan-ngay-cang-it-giao-dich-may-atm-cac-nha-bang-giam-bot-so-luong-188260202102709337.chn,2026-02-02 10:27:00,2026,2,2026-06-07 05:15:24.579385,dd1001c8a8912048f4b6f5f8e73a9a335049740a2c6d5a2cc5fb78ca1f1a826a,NEW,,0
https://cafef.vn/agribank-co-thong-bao-moi-toi-tat-ca-nguoi-dung-188260202100455164.chn,2026-02-02 10:04:00,2026,2,2026-06-07 05:15:24.637386,37ea8beedab3c3ca5693eb02cbb89ac81a938dee87302811a9bfd1c7d50ef2b3,NEW,,0
https://cafef.vn/cho-vay-lai-nang-trong-30-ngay-thu-lai-gan-nua-ty-dong-188260202100232725.chn,2026-02-02 10:02:00,2026,2,2026-06-07 05:15:24.698893,78a3f43455d1c032ff90ac19e71f83eb8f18f5ba8041c6e6a01fda4297c086b3,NEW,,0
https://cafef.vn/gia-bac-giam-manh-canh-bao-thoai-trao-da-tro-thanh-hien-thuc-18826020121385967.chn,2026-02-01 22:38:00,2026,2,2026-06-07 05:16:30.235078,6bb826b5c3d56f9ace639cb18ea5e27a7119706d179fd9afa1d27cf212a4170c,NEW,,0
https://cafef.vn/sap-toi-day-vietcombank-agribank-bidv-vietinbank-vpbank-mbtpbankse-dung-hoat-dong-ung-dung-tren-loat-dien-thoai-sau-188260201213437176.chn,2026-02-01 21:34:00,2026,2,2026-06-07 05:16:30.296260,fb7a269857c3fcc4381be97e6a68c00d5ab011936356c09856921672c9d98d73,NEW,,0
https://cafef.vn/tu-nam-2026-nguoi-lao-dong-can-biet-quyen-loi-nghi-om-huong-bao-hiem-xa-hoi-moi-nhat-188260201210029451.chn,2026-02-01 21:00:00,2026,2,2026-06-07 05:16:30.355215,12a294ba6eda273c75fb188b1fdbf45f34c5ec40f42a22c82ff16d890f91fef8,NEW,,0
https://cafef.vn/bitcoin-thung-moc-80000-usd-boc-hoi-hon-100-ty-usd-von-hoa-188260201160306659.chn,2026-02-01 16:02:00,2026,2,2026-06-07 05:16:30.411756,ece5bb15377dc3e93e10de9b6061bb7f7cdfb0665c2e2ccc6380a558eb51ca5b,NEW,,0
https://cafef.vn/canh-bao-bay-fomo-va-bai-hoc-ve-tam-ly-thep-khi-dau-tu-vang-188260201160010841.chn,2026-02-01 15:59:00,2026,2,2026-06-07 05:16:30.469881,3674f137659c8afdfb14dde45b94bfe835fde20ade6e0a4d00f0d8414b1c5783,NEW,,0
https://cafef.vn/quyet-rut-so-tiet-kiem-800-trieu-truoc-han-de-bat-day-vang-khi-gia-dot-ngot-rot-manh-nhung-doi-khong-nhu-la-mo-188260201111504871.chn,2026-02-01 11:14:00,2026,2,2026-06-07 05:16:30.528069,9907101af535420be81cd720b8c2e9be511b3deecd0ee85cd04d1f41e83fc416,NEW,,0
https://cafef.vn/lan-ranh-cai-gia-dat-sau-giao-dich-cho-thue-tai-khoan-188260201071717297.chn,2026-02-01 07:50:00,2026,2,2026-06-07 05:16:30.586861,89798ca01a40a82e020685b04910c2cc2d052bc637e6d44e6e1bcc05654cf1b9,NEW,,0
https://cafef.vn/mang-9-chi-vang-ve-cho-me-chang-trai-tiet-lo-1-noi-mua-vang-khong-can-xep-hang-188260201071153291.chn,2026-02-01 07:11:00,2026,2,2026-06-07 05:16:30.662973,632167e921a16dd5beda3a12a21b8d744a5bc90a4e131d48dd8e1d58e66dacbf,NEW,,0
https://cafef.vn/gia-vang-rung-lac-manh-tu-ngay-mai-mot-nha-bang-se-tang-phi-giu-ho-vang-188260131200937276.chn,2026-01-31 20:48:00,2026,1,2026-06-07 05:16:30.721594,7e2cddbf23a48617553a2f844d997d5de6b1764895e119a28095b25ce1c5158e,NEW,,0
https://cafef.vn/nguoi-dung-ngan-hang-chu-y-mot-ngan-hang-bat-dau-thu-phi-nhan-tien-chuyen-khoan-trong-truong-hop-sau-188260131195417094.chn,2026-01-31 20:06:00,2026,1,2026-06-07 05:16:30.784813,af576a3c207d7a3e40782c3cd670136df6cc229e9fb0866982c39231d9a12a5b,NEW,,0
https://cafef.vn/siet-chat-an-ninh-an-toan-giao-dich-ngan-hang-so-188260131191959143.chn,2026-01-31 19:19:00,2026,1,2026-06-07 05:16:30.846815,0ee9572757b81ee98947f07b187a256d8434d706c4782edd966b2e2969868a8c,NEW,,0
https://cafef.vn/cong-ty-da-xet-duyet-khoan-vay-va-giai-ngan-tien-vao-tai-khoan-khach-hang-nhung-khong-ai-nhan-duoc-hon-900-trieu-dong-bi-chiem-doat-188260131132312716.chn,2026-01-31 13:23:00,2026,1,2026-06-07 05:16:30.908285,e93ca836162daab28ee788d63525484ea2925a86341c9e2f1538b9b69a371f57,NEW,,0
https://cafef.vn/bao-tin-minh-chau-co-so-tran-nhan-tong-ngung-ban-vang-dong-nguoi-van-dam-mua-cho-doi-188260131132034903.chn,2026-01-31 13:20:00,2026,1,2026-06-07 05:16:30.969734,0347cdd4701746212df9856a39ee0b1e07caf1cf8f19321eb2b840c59e053af9,NEW,,0
https://cafef.vn/tu-2026-nguoi-tham-gia-bao-hiem-y-te-duoc-chi-tra-nhung-khoan-nao-188260131112440493.chn,2026-01-31 11:24:00,2026,1,2026-06-07 05:16:31.031835,7eaec6c58ca216dc7993b32342a1259bb4c732b37ec05e0b6be1010a169f70f7,NEW,,0
https://cafef.vn/nhan-tien-thuong-tet-co-phai-nop-thue-thu-nhap-ca-nhan-188260131095327751.chn,2026-01-31 09:53:00,2026,1,2026-06-07 05:16:31.090158,d4ecace9c77f584e357b4647be2dca27059d18c713e64e59f0d32d070f7ce8d1,NEW,,0
https://cafef.vn/ai-dang-dung-vietcombank-sacombank-bidv-can-nam-ro-thong-tin-sau-188260131072222384.chn,2026-01-31 08:18:00,2026,1,2026-06-07 05:16:31.151528,4fa3d3011ad0cac10e33235f48a2139eb0a75a2b1bddb8023be5a4787a89ea09,NEW,,0
https://cafef.vn/toi-30-1-gia-vang-bitcoin-tiep-tuc-giam-manh-188260130225515329.chn,2026-01-30 23:00:00,2026,1,2026-06-07 05:16:31.210967,fa4d9adba15926cb4ce35ab185e18ca1bf917a16ad43054f504841814c65f7b2,NEW,,0
https://cafef.vn/giua-luc-gia-vang-bien-dong-manh-mot-nha-vang-lon-thong-bao-khan-toi-khach-hang-188260130154206059.chn,2026-01-30 15:41:00,2026,1,2026-06-07 05:16:31.278138,e71b5b94009154a71c2ec7d240c52de86787d983830d564eb75295ea5be9d5a9,NEW,,0
https://cafef.vn/nguoi-dan-xep-hang-dai-mua-bac-nhieu-cua-hang-thong-bao-het-hang-188260130140322982.chn,2026-01-30 15:39:00,2026,1,2026-06-07 05:16:31.350699,55c78a5aca6eca122be607546ea6e7eb4d3f1017380cab0f6c42362de6202464,NEW,,0
https://cafef.vn/khoang-17-trieu-nguoi-viet-so-huu-tai-san-so-18826013008472224.chn,2026-01-30 08:47:00,2026,1,2026-06-07 05:16:31.413032,52cbff05dc7613aa7e4b72f9768ce330e29f8a5068b70604b8919d4bca48a009,NEW,,0
https://cafef.vn/mua-dong-cua-tien-so-dang-den-188260130084441398.chn,2026-01-30 08:44:00,2026,1,2026-06-07 05:16:31.473109,7383750a40724e0dfa3f6e2309d2bde8979216300df6296c317fec365901a6e4,NEW,,0
https://cafef.vn/gia-bitcoin-rot-manh-cung-vang-bac-ngay-trong-dem-29-1-188260129235626712.chn,2026-01-29 23:56:00,2026,1,2026-06-07 05:16:31.534387,32b250dc8794074df7ea43cc76b23d86d5316e59de83be302f8e73ff892bc9b1,NEW,,0
https://cafef.vn/nguoi-phu-nu-den-ngan-hang-vay-200-trieu-dong-cong-an-khan-truong-xac-minh-huy-giao-dich-188260129170720819.chn,2026-01-29 19:42:00,2026,1,2026-06-07 05:16:31.593777,a98b4dc5fe559a097b8385e0894ce72eab4ef93fd0a4d29e81724e292a4fec68,NEW,,0
https://cafef.vn/toi-nay-29-1-bidv-dung-moi-giao-dich-thanh-toan-trong-mot-khoang-thoi-gian-toan-bo-khach-hang-chu-y-188260129183238304.chn,2026-01-29 19:41:00,2026,1,2026-06-07 05:16:31.654832,fa3aaa01afdc50e98e62a33b46613e1895763f005dc4379d84a1fcb28bbb4f4d,NEW,,0
https://cafef.vn/sau-10-nam-mua-vang-toi-chi-so-nhat-mot-dieu-nay-188260129143453757.chn,2026-01-29 18:35:00,2026,1,2026-06-07 05:16:31.714357,d6682d4e8e1312b48e5ae58a04eeca76558d5f8bc00663dcd365781920a08a52,NEW,,0
https://cafef.vn/sau-khi-chuyen-khoan-600-trieu-dong-den-tai-khoan-vietinbank-duoi-9999-nguoi-dan-ong-lien-den-cong-an-trinh-bao-188260129154304874.chn,2026-01-29 15:43:00,2026,1,2026-06-07 05:16:31.773681,93c5435795363667d50b5e824bbe08f1d0dbae395ddaafc7077b8aa1ca561cae,NEW,,0
https://cafef.vn/tra-cham-khoan-vay-bao-ngay-thi-bi-tinh-no-xau-188260129145412854.chn,2026-01-29 14:54:00,2026,1,2026-06-07 05:16:31.831222,ddf0e7f987912eda477d0f1f69cb9061af6d3e1d184adec0192848082ca41181,NEW,,0
https://cafef.vn/canh-bao-chieu-lua-gia-mao-nguoi-than-du-do-doi-ngoai-te-188260129144945872.chn,2026-01-29 14:49:00,2026,1,2026-06-07 05:16:31.890474,8bff38b8cc2880b4d9a856f8403952625c48a4905e3bc0d4137316ea911f4fe8,NEW,,0
https://cafef.vn/cong-an-moi-dai-dien-ngan-hang-tiem-vang-den-tuyen-truyen-chong-trom-cuop-lua-dao-188260129143514343.chn,2026-01-29 14:35:00,2026,1,2026-06-07 05:16:31.951760,5977b4ea7b2cdcaee515945148d55ec7981b1614b595e6134259fbe6ae80f22c,NEW,,0
https://cafef.vn/gia-vang-cham-moc-5600-usd-ounce-chuyen-gia-dua-ra-loi-khuyen-bat-ngo-188260129142625089.chn,2026-01-29 14:26:00,2026,1,2026-06-07 05:16:32.014511,4f1f96adc74b145486aa26a76f3474b429ce7404217821cc82efe2c98d220bd2,NEW,,0
https://cafef.vn/nghe-dien-thoai-vai-phut-nhieu-nguoi-mat-hang-tram-trieu-dong-cong-an-vao-cuoc-188260129142409211.chn,2026-01-29 14:23:00,2026,1,2026-06-07 05:16:32.154683,3d0414b95d46605a2fb29102c548e6eb28e6ac1c637422f238a167187262b477,NEW,,0
https://cafef.vn/o-sai-gon-nguoi-ta-deo-vang-kieu-nay-188260129112343711.chn,2026-01-29 13:00:00,2026,1,2026-06-07 05:16:32.238587,ab7ce4de2f677d26d6b7631f9b1b393cdf40425f3197884c5f0d50a89a12ffc0,NEW,,0
https://cafef.vn/nguoi-dan-chu-y-cap-nhat-gia-vang-lien-tuc-cua-hang-loat-doanh-nghiep-tu-ngan-hang-nha-nuoc-188260129100156592.chn,2026-01-29 12:26:00,2026,1,2026-06-07 05:16:32.297532,ed0e697a018e6a2570847e5704d5b4faf5fb8d55899d36121a43228ce43ac07f,NEW,,0
https://cafef.vn/sau-vietcombank-bidv-acb-mot-ngan-hang-lon-khac-tang-manh-lai-suat-tren-hang-loat-the-tin-dung-188260129112006848.chn,2026-01-29 11:19:00,2026,1,2026-06-07 05:16:32.367147,d0459ffd8ee905e26089cdfec412bca290f1e77d0513a550e91cc920cac101a0,NEW,,0
https://cafef.vn/canh-bao-cac-thu-doan-lua-dao-truc-tuyen-dip-tet-nguyen-dan-va-cac-dip-le-hoi-dau-nam-18826012911020926.chn,2026-01-29 11:01:00,2026,1,2026-06-07 05:16:32.437754,b78dda449346ea4b67f5c7c64bf7e7f04eaa8f6cc03619832857d911f9430131,NEW,,0
https://cafef.vn/xo-so-mien-nam-dai-ly-o-tphcm-va-tay-ninh-dang-tim-nguoi-trung-doc-dac-24-to-ve-so-188260129101226795.chn,2026-01-29 10:12:00,2026,1,2026-06-07 05:16:32.564843,a4264b388a17ffcb2164ad756d35eba8feb4be536e14b010ffaf7d357b7e1759,NEW,,0
https://cafef.vn/chuyen-la-gi-dang-xay-ra-voi-gia-vang-188260129095815734.chn,2026-01-29 09:58:00,2026,1,2026-06-07 05:16:32.624414,45979d16ddf7fa0efa652d8c8d7d188a5306691517578770ddfde4fc6263f41a,NEW,,0
https://cafef.vn/thi-truong-bac-soi-dong-va-rui-ro-188260128161415787.chn,2026-01-29 07:09:00,2026,1,2026-06-07 05:16:32.688156,8d5d1a84f62c0364bbadf3b23fcda4b9d41e2f8c201ccaa264adf186ebfef0f7,NEW,,0
https://cafef.vn/thi-truong-tien-so-hom-nay-28-1-bitcoin-nong-truoc-cuoc-hop-fed-188260128133120695.chn,2026-01-28 23:26:00,2026,1,2026-06-07 05:16:32.743271,e2f36d539816717b59ab7e779f65b29bfd5b5eb798b7c1ba6d52358a9bc4391f,NEW,,0
https://cafef.vn/nhom-cho-vay-lai-nang-lanh-an-18826012816321096.chn,2026-01-28 17:28:00,2026,1,2026-06-07 05:16:32.938453,406274f10153d0c05768f835d66dc4550a87c8d68ec40639eb4fbcce1d480be5,NEW,,0
https://cafef.vn/nhung-thu-doan-lua-dao-dip-can-tet-188260128163128766.chn,2026-01-28 17:21:00,2026,1,2026-06-07 05:16:32.998902,86a1078c399cb973a2c683f01ef78fc7eb00832a3db1def9496f48e44b87da05,NEW,,0
https://cafef.vn/nguoi-dan-ban-vang-mieng-sjc-co-can-mang-theo-hoa-don-188260128163008555.chn,2026-01-28 16:58:00,2026,1,2026-06-07 05:16:33.056467,9394aea66764f5cea7c3adf629bbe7f3ff07f4e55b131d7aff56537644042e01,NEW,,0
https://cafef.vn/co-quan-thue-gui-thong-bao-quan-trong-den-ho-kinh-doanh-ca-nhan-kinh-doanh-cho-thue-bat-dong-san-188260128163723381.chn,2026-01-28 16:37:00,2026,1,2026-06-07 05:16:33.155155,2fc00f7cb8360f80ae2bbf5a5580c35fca7899ca331f182ecf730c5c268a54a0,NEW,,0
https://cafef.vn/khong-kinh-doanh-buon-ban-nhung-tai-khoan-techcombank-lai-phat-sinh-giao-dich-voi-nguoi-trung-quoc-so-tien-400-trieu-cong-an-lap-tuc-xac-minh-188260128143208309.chn,2026-01-28 14:32:00,2026,1,2026-06-07 05:16:33.315697,1fe76d83e8c944e188bbb0a11a4564e1399518928ab104ce4f12127dd0cba3bb,NEW,,0
https://cafef.vn/tich-thu-vang-mieng-giao-dich-khong-giay-phep-tu-9-2-hieu-the-nao-cho-dung-188260128134358748.chn,2026-01-28 13:43:00,2026,1,2026-06-07 05:16:33.450722,c02d00f8e03bae091ccff5f7e702ebf69d6842c10d03028a81dadc7405eb7fe7,NEW,,0
https://cafef.vn/luong-tien-cong-tu-5-trieu-dong-phai-chuyen-khoan-188260128114122939.chn,2026-01-28 11:43:00,2026,1,2026-06-07 05:17:40.212271,d0afa242572b2c7a536dfcf2e7ee5e2520e801d97af0595f1da74c37ecc16165,NEW,,0
https://cafef.vn/co-nen-dau-tu-bac-thoi-diem-nay-188260128102541554.chn,2026-01-28 10:25:00,2026,1,2026-06-07 05:17:40.267267,69a32b569c41d4d2132b1526a22dcfe58785341dcd34f85c076c19d0d52f4206,NEW,,0
https://cafef.vn/phat-hien-tai-khoan-dot-ngot-co-them-419-trieu-dong-188260128100321514.chn,2026-01-28 10:03:00,2026,1,2026-06-07 05:17:40.387465,df28ba7a6fd8f4c0ae239a76d43d42a119c8e406cfb5d64de2fa00d1b1c032ee,NEW,,0
https://cafef.vn/lam-sach-du-lieu-cung-co-niem-tin-cua-khach-hang-188260128094733991.chn,2026-01-28 09:46:00,2026,1,2026-06-07 05:17:40.483799,bec478d49c83ac9848cbb6d57465885e91fa314484cfb1f18737cdaeb5b01ecb,NEW,,0
https://cafef.vn/co-gai-sinh-nam-1996-chuyen-khoan-thanh-cong-22-ty-dong-roi-phai-bao-cong-an-188260127114536943.chn,2026-01-27 15:45:00,2026,1,2026-06-07 05:17:40.540474,acf1a39d5efa54e33dcf577374361fad3c781533392ed15c5f96892c09dbff98,NEW,,0
https://cafef.vn/dau-nam-2026-hay-lam-ngay-viec-nay-de-co-mot-nam-rung-rinh-tai-chinh-18826012715445212.chn,2026-01-27 15:44:00,2026,1,2026-06-07 05:17:40.595802,eba441b758c696009a527512e09228230313f96bd0306c52d6bf6e14976d5d9f,NEW,,0
https://cafef.vn/ts-nguyen-quoc-hung-mot-khach-hang-thanh-toan-tai-showroom-o-to-he-thong-ai-cua-ngan-hang-co-the-lap-tuc-phe-duyet-khoan-vay-tra-gop-188260127112854046.chn,2026-01-27 14:28:00,2026,1,2026-06-07 05:17:40.650833,9bb8d17659c7c1f63f58fd8705ecba5f10aade36709fd9a822b9664ed1c96a64,NEW,,0
https://cafef.vn/song-moi-trong-chi-tieu-tieu-thong-minh-song-thanh-thoi-188260127102100778.chn,2026-01-27 11:00:00,2026,1,2026-06-07 05:17:40.705630,1e23c6be9150186af9c6384fadc80a1231171bdb751b8423e3ab3772eaf751e7,NEW,,0
https://cafef.vn/nguoi-mua-vang-tich-luy-cua-thuong-hieu-lon-nay-chu-y-thong-bao-khan-tu-co-quan-cong-an-188260127103831982.chn,2026-01-27 10:38:00,2026,1,2026-06-07 05:17:40.760513,ca1d8f23a9d264114b26a66d30fe4c1e4a0dbb53c26f9535fe401b404fa223f5,NEW,,0
https://cafef.vn/dong-usd-giam-xuong-muc-thap-nhat-4-thang-188260125195826145.chn,2026-01-27 09:15:00,2026,1,2026-06-07 05:17:40.816053,c905b281911eb2ef50cff0cb585bb6c134a269ee37e2e87df269ee9add04d4d2,NEW,,0
https://cafef.vn/bac-kenh-dau-tu-sinh-loi-hay-hieu-ung-fomo-188260126135951135.chn,2026-01-27 08:41:00,2026,1,2026-06-07 05:17:40.870706,2388de914b4a4825d251c16f6406ac42aaeff6e2c278731c609744caf54137ed,NEW,,0
https://cafef.vn/mat-rat-nhieu-tien-moi-nhan-ra-tiet-kiem-sai-cach-con-nguy-hiem-hon-la-khong-tiet-kiem-188260126153615103.chn,2026-01-26 15:36:00,2026,1,2026-06-07 05:17:40.925578,3c54d589e1ae1610d14f57e430623289389797b004b3f4e5117ccee0a0fe1e9f,NEW,,0
https://cafef.vn/tai-khoan-it-su-dung-bong-phat-sinh-giao-dich-chuyen-khoan-90-trieu-dong-thanh-nien-sinh-nam-2007-duoc-cong-an-moi-lam-viec-188260126150541207.chn,2026-01-26 15:05:00,2026,1,2026-06-07 05:17:40.978749,e9b4fd8019d2708500f9f06ab7cbae4cede19d1a0f962a8f20427f12166760ad,NEW,,0
https://cafef.vn/triet-pha-duong-day-ca-do-bong88-hon-90-ty-dong-bat-2-trum-dieu-hanh-188260126140130977.chn,2026-01-26 14:24:00,2026,1,2026-06-07 05:17:41.031832,e2f5d6f31fa683e4f89c0569bd2bd77fd0ab56531cb3a57b5d3406fe6e44f8ac,NEW,,0
https://cafef.vn/mot-ngan-hang-tang-lai-suat-the-tin-dung-len-35-nam-188260126133721473.chn,2026-01-26 13:37:00,2026,1,2026-06-07 05:17:41.085572,84be6c9acb1aca0122bec9095d2ec7a5ad7d0953cd66edc9baceb625d408043c,NEW,,0
https://cafef.vn/gia-vang-se-con-tang-den-bao-gio-188260126114839271.chn,2026-01-26 11:48:00,2026,1,2026-06-07 05:17:41.139556,a3fc2634910f8e25ae96ef5a99fc1ab46bff02e155719f48834260478b570bd4,NEW,,0
https://cafef.vn/vi-sao-the-tin-dung-noi-mien-lai-45-ngay-nhung-ban-van-bi-tinh-lai-188260126105505902.chn,2026-01-26 10:54:00,2026,1,2026-06-07 05:17:41.192057,c77ed19220babd129ddf583fdc04fcba25602d3baa34a85708f382afab60c7e1,NEW,,0
https://cafef.vn/bo-tui-3-buoc-quan-ly-chi-tieu-duoc-gen-z-ua-chuong-vua-song-thoai-mai-vua-khong-chay-vi-188260126070640032.chn,2026-01-26 07:06:00,2026,1,2026-06-07 05:17:41.261738,d26db792205eefc456b2942d920f44cab5d59433cf6b94abb00ac5f29f0f09e6,NEW,,0
https://cafef.vn/khuyen-cao-thu-doan-trao-chip-tren-the-ngan-hang-de-chiem-doat-tien-188260125204528369.chn,2026-01-25 20:45:00,2026,1,2026-06-07 05:17:41.325454,72ca8287eb17aca43a289b2ee9de62f13475f3a1a3845ade92cd39cf65c2db9c,NEW,,0
https://cafef.vn/nguoi-dan-ong-bac-ninh-phai-bao-cong-an-sau-khi-tai-khoan-techcombank-nhan-duoc-hon-365-trieu-dong-kem-noi-dung-nay-188260125170546463.chn,2026-01-25 17:05:00,2026,1,2026-06-07 05:17:41.378408,d6c66c736a5e4c3ae319c1c129b27c53b05017a0a046c264c4209a1eb325aa98,NEW,,0
https://cafef.vn/thua-lo-tien-ao-nhan-vien-ngan-hang-lua-khach-hang-chiem-doat-28-ty-dong-188260125155326641.chn,2026-01-25 15:52:00,2026,1,2026-06-07 05:17:41.433525,fb56e1a9aab2da0fe0edad3f8d5cabfd8dcfa96ae0514974b3446efc64a49137,NEW,,0
https://cafef.vn/tu-1-7-toi-10-hanh-vi-chinh-thuc-bi-coi-la-tron-thue-nguoi-dan-va-doanh-nghiep-can-luu-y-188260125110701024.chn,2026-01-25 11:06:00,2026,1,2026-06-07 05:17:41.491512,decbde99bee1c10d7a61be65a7b4c34048ae15817a1f36354d1e18af0d1c1d89,NEW,,0
https://cafef.vn/nu-nhan-vien-ngan-hang-rut-ruot-the-tin-dung-cua-39-khach-hang-188260120094258531.chn,2026-01-25 08:28:00,2026,1,2026-06-07 05:17:41.554280,f6cd85f329496cf110a26051723e2bc1c4688d828fa2a408d82e6d3844f0488b,NEW,,0
https://cafef.vn/thi-truong-tien-so-hom-nay-24-1-bitcoin-rot-khoi-moc-90000-usd-chuyen-gi-dang-xay-ra-188260118123023999.chn,2026-01-24 23:22:00,2026,1,2026-06-07 05:17:41.622061,c8c0155a147eb010f5e1ad39a2b960adadc438a7f716d8724668424ba3a61b39,NEW,,0
https://cafef.vn/can-tet-nguyen-dan-nguoi-dung-tai-khoan-ngan-hang-can-canh-giac-truoc-khi-thuc-hien-nhung-giao-dich-sau-188260124170624918.chn,2026-01-24 17:06:00,2026,1,2026-06-07 05:17:41.673703,050bb8dde844732a13a146358661a127f720f05b3c0b3b8071ca3264555c0092,NEW,,0
https://cafef.vn/5-su-that-khong-thay-doi-du-gia-vang-bac-len-hay-xuong-188260124124448251.chn,2026-01-24 13:12:00,2026,1,2026-06-07 05:17:41.728595,86cc35274d03fd0964114f8cc2c995388fe54c5b76e8dabefbccb3b8f062d599,NEW,,0
https://cafef.vn/nguoi-mua-vang-chu-y-cong-an-ha-noi-canh-bao-ve-mot-tai-khoan-facebook-co-ten-bao-tin-minh-chau-188260124125216979.chn,2026-01-24 12:52:00,2026,1,2026-06-07 05:17:41.782759,c84cfd1cd31e157ed360cff5d53fecdd25a7ed480b57bbe45ea22850c4ffc06a,NEW,,0
https://cafef.vn/gia-vang-len-sat-5000-usd-chuyen-gia-canh-bao-nguy-co-dieu-chinh-sau-sau-giai-doan-tang-nong-188260124101421929.chn,2026-01-24 10:14:00,2026,1,2026-06-07 05:17:41.835933,20a45df806c30449f4b3fe2a82d582da3f19f5c30fa7c9d459832b53dbb3fe9b,NEW,,0
https://cafef.vn/tai-khoan-ngan-hang-ngu-dong-co-nguy-co-bi-khoa-hoac-thu-phi-dinh-ky-188260124100750277.chn,2026-01-24 10:07:00,2026,1,2026-06-07 05:17:41.889123,ef272dd43a96c2e515e52f7bb62709720adb23ad1101a1c7a3a5295d2454e481,NEW,,0
https://cafef.vn/cuu-can-bo-tin-dung-lua-dao-gan-45-ty-dong-188260123204805666.chn,2026-01-23 20:47:00,2026,1,2026-06-07 05:17:41.945979,9585cdffb65c84350e890ae5c3297c1da353bdfca5693b1ec9a5db361dde6a34,NEW,,0
https://cafef.vn/vang-da-vuot-moc-170-trieu-dong-luong-nguoi-dan-ong-ha-noi-mua-2-cay-vang-voi-gia-300-trieu-sau-do-phai-voi-bao-cong-an-188260123171609321.chn,2026-01-23 17:16:00,2026,1,2026-06-07 05:17:42.106604,ab6e61d073cba804eb25f94d230127a322b043ce025150e23b99bcc660fd5013,NEW,,0
https://cafef.vn/cong-an-canh-bao-lua-dao-chi-yeu-cau-nan-nhan-chuyen-10000-dong-nhung-nguy-co-mat-sach-tien-trong-tai-khoan-188260123111409774.chn,2026-01-23 11:14:00,2026,1,2026-06-07 05:17:42.164060,43dc84d0f84a501edd605ccf77f7bc42790945c771b4b29a80aadf8e221aee09,NEW,,0
https://cafef.vn/vang-17-trieu--chi-hay-3-trieu--chi-di-nua-5-dieu-phai-biet-roi-moi-mua-188260123104739838.chn,2026-01-23 10:56:00,2026,1,2026-06-07 05:17:42.269424,fae89d45f9840f77eecb34c499102d2b89f736d532e1fd1ade18d944a36f2f7a,NEW,,0
https://cafef.vn/hoa-don-tren-5-trieu-dong-doanh-nghiep-uy-quyen-cho-nguoi-lao-dong-thanh-toan-roi-chuyen-khoan-hoan-tien-co-duoc-khau-tru-vat-188260123101843405.chn,2026-01-23 10:18:00,2026,1,2026-06-07 05:17:42.384584,f9af1809cb786278a5c39736bdc481232317532d8e87e82e4c4bd3954334ce09,NEW,,0
https://cafef.vn/doanh-thu-tang-manh-nam-2026-ho-kinh-doanh-co-bi-truy-thu-thue-cu-188260123095334247.chn,2026-01-23 09:53:00,2026,1,2026-06-07 05:17:42.436608,326f8c1d48491bb0a04dd5776aa52e4dd5c4b5272b3f6261d2e1438636702585,NEW,,0
https://cafef.vn/gia-vang-lai-lien-tuc-pha-dinh-chuyen-gia-dua-ra-du-bao-bat-ngo-cho-nam-2026-188260123082248127.chn,2026-01-23 08:22:00,2026,1,2026-06-07 05:17:42.598711,adf24fcca1a1fb9c0eb5eebed24cad06f77f6d49d3460b8bc71447d5c5b23926,NEW,,0
https://cafef.vn/4-truong-hop-vietcombank-agribank-vietinbank-bidv-xoa-so-tai-khoan-ngay-lap-tuc-tien-con-trong-the-duoc-xu-ly-ra-sao-188260122203358155.chn,2026-01-22 20:39:00,2026,1,2026-06-07 05:17:42.651729,a3f57b592d4993c6e817e4417bd4d0a941417ac35bf2c5c9f4781481d6c7dab0,NEW,,0
https://cafef.vn/acb-dieu-chinh-lai-suat-va-bieu-phi-cua-loat-the-tin-dung-188260122184441465.chn,2026-01-22 18:44:00,2026,1,2026-06-07 05:17:42.705315,7929e28c8bdd9e9d2bb3213221a5d9f29b480f4ce2e27c501e36a5bfa8c9300b,NEW,,0
https://cafef.vn/cong-an-khuyen-nghi-nguoi-dan-lam-ngay-dieu-nay-tranh-bi-gian-doan-cac-giao-dich-ngan-hang-trong-nam-2026-18826012215411575.chn,2026-01-22 15:41:00,2026,1,2026-06-07 05:17:42.758792,d0932fc5faaa49f0bd7f6d17041edaaafc5cd2628827f8f74ef30940d67a3d66,NEW,,0
https://cafef.vn/ngan-hang-canh-bao-khan-den-nguoi-co-y-dinh-mo-so-tiet-kiem-lai-suat-cao-bat-thuong-188260122135302033.chn,2026-01-22 13:52:00,2026,1,2026-06-07 05:17:42.812034,44e260526dacf0083d3a9bf624f1fab2dd470139c6c46c48e3718cb1a9941bfa,NEW,,0
https://cafef.vn/tien-mat-nguoi-dan-rut-tu-atm-ngan-hang-giam-ky-luc-188260122095323765.chn,2026-01-22 09:53:00,2026,1,2026-06-07 05:17:42.864776,83070460cef2a6f378df4e99df1e4a1ddf578e15cd619d5deed4c12a2f6c8d16,NEW,,0
https://cafef.vn/gia-vang-sap-manh-sau-khi-lap-dinh-dieu-gi-co-the-xay-ra-tiep-theo-188260122091852005.chn,2026-01-22 09:18:00,2026,1,2026-06-07 05:17:42.918770,4a2dc9aee73d8f766c431f192cc9f7b7a450177cd813b01942a41f1c10cc769d,NEW,,0
https://cafef.vn/bac-lap-dinh-moi-nguoi-dan-rut-tiet-kiem-xep-hang-den-9-gio-toi-cho-mua-188260121205748344.chn,2026-01-21 20:57:00,2026,1,2026-06-07 05:17:42.973323,95ce7adcaa92addf6ff5d3eeadac81e650b2f1e0940ff83fa05db9f027abe41e,NEW,,0
https://cafef.vn/cong-an-canh-bao-nong-den-nguoi-co-y-dinh-doi-tien-mat-lay-tien-trong-tai-khoan-ngan-hang-188260121161115422.chn,2026-01-21 16:11:00,2026,1,2026-06-07 05:17:43.027072,dfef20094b3e30ea982d457c41eb707f19ddb0368ecd337353c261602926fa2a,NEW,,0
https://cafef.vn/thong-bao-khan-tu-co-quan-cong-an-cac-tinh-den-nguoi-co-nhu-cau-mua-vang-tich-luy-188260121154440037.chn,2026-01-21 15:44:00,2026,1,2026-06-07 05:17:43.082821,24ab0ed2f38b505f3920b4d6fed5f03a068b0129984f8c737255f88425ac8d5a,NEW,,0
https://cafef.vn/agribank-co-thong-bao-moi-khach-hang-can-biet-de-dam-bao-quyen-loi-188260121115033021.chn,2026-01-21 11:50:00,2026,1,2026-06-07 05:18:49.219621,6c043f39525bfafd80c6890781c96bb5d98569b8b842bbc2527ba772a8ffe7cc,NEW,,0
https://cafef.vn/chuyen-gia-du-bao-vang-co-the-len-170-trieu-dong-luong-hom-qua-sang-nay-gia-da-ap-sat-moc-nay-lo-ngai-neu-dau-tu-an-xoi-rat-de-rui-ro-tham-chi-mat-tien-1882601210925539.chn,2026-01-21 09:25:00,2026,1,2026-06-07 05:18:49.274487,0445c9dc72fc22703041aae7c584269175fa658b03641c3ef41d35a812bb475f,NEW,,0
https://cafef.vn/bidv-vietcombank-agribank-se-dung-hoat-dong-ung-dung-tren-loat-dien-thoai-sau-tu-1-3-2026-188260121071414354.chn,2026-01-21 09:06:00,2026,1,2026-06-07 05:18:49.329291,4365451e03642985370730c071c382a854ead335fa1873bde7df5e283dfd3753,NEW,,0
https://cafef.vn/cach-chung-ta-giu-va-dung-tien-dang-thay-doi-ra-sao-trong-nam-2026-188260120155648337.chn,2026-01-20 15:56:00,2026,1,2026-06-07 05:18:49.383762,9d451da9f52b115b0f342f7e8d39f4f9434e7e30a7e3cd272f21db786eb1085a,NEW,,0
https://cafef.vn/phat-hien-nhieu-nguoi-lien-tuc-chuyen-tien-vao-5-tai-khoan-tai-bidv-mb-zalopay-cong-an-nhanh-chong-vao-cuoc-xac-dinh-so-tien-lon-bi-chiem-doat-188260120154820484.chn,2026-01-20 15:48:00,2026,1,2026-06-07 05:18:49.435437,c0940fee804b0e3353b7aed45443ebf6a6c5afbc0510a2a29100e3f9dcf687f8,NEW,,0
https://cafef.vn/gui-chung-chi-tien-gui-roi-can-tien-gap-rut-truoc-han-co-duoc-khong-188260120140815113.chn,2026-01-20 14:08:00,2026,1,2026-06-07 05:18:49.487715,0d7f1c1d3ee3e0fc3e52b308da317b9c957fb23dbd9080954c26faad1c61e046,NEW,,0
https://cafef.vn/cong-an-canh-bao-thu-doan-lua-dao-tinh-vi-nguoi-dan-den-ngan-hang-chuyen-tien-can-luu-y-truong-hop-sau-188260120112115314.chn,2026-01-20 11:21:00,2026,1,2026-06-07 05:18:49.540872,53c26f1ff303c2465af23dbab277ed1dc5db66a822fbb60fd1a47ac79988dc3f,NEW,,0
https://cafef.vn/cong-an-canh-bao-toi-tat-ca-nhung-ai-nhan-duoc-tin-nhan-cuoc-goi-sau-can-trong-de-tranh-bi-mat-tien-trong-tai-khoan-188260120101238012.chn,2026-01-20 10:36:00,2026,1,2026-06-07 05:18:49.595089,c9f839d7990b3b06b24801b683680d06e654fa985fe09a0b9dc9d0ac2030da28,NEW,,0
https://cafef.vn/ngan-hang-dong-tai-khoan-ngung-toan-bo-giao-dich-trong-thang-1-voi-nguoi-dung-sau-18826012007144799.chn,2026-01-20 09:36:00,2026,1,2026-06-07 05:18:49.648517,8b4881e640cc2df7f61506d23501953aa10f9dc6ffca03e445474ce0d458f27e,NEW,,0
https://cafef.vn/gia-vang-lien-tuc-lap-dinh-chuyen-gia-bat-ngo-dua-ra-khuyen-nghi-moi-188260120082512703.chn,2026-01-20 08:25:00,2026,1,2026-06-07 05:18:49.700717,4943f14f43b12d2898de47e618f072bd2fadf66ec03247e949323bbe0afcc5a5,NEW,,0
https://cafef.vn/tin-hieu-tu-lan-song-tang-lai-suat-huy-dong-188260116141937149.chn,2026-01-20 07:33:00,2026,1,2026-06-07 05:18:49.753559,37dd014e462563e61b83f32b2d3863dcf861d843cf119d7c1fadcad98ec5b28d,NEW,,0
https://cafef.vn/khach-dong-phi-bao-hiem-nhan-tho-deu-dan-gan-10-nam-nhung-cong-ty-khong-nhan-duoc-tien-hon-219-trieu-dong-bi-chiem-doat-188260119161411227.chn,2026-01-19 16:14:00,2026,1,2026-06-07 05:18:49.808854,c3142ad290fb1e0c5d06580f391a353f0af8ce1c57319a31e1a9aaf9e786bdc5,NEW,,0
https://cafef.vn/loat-ngan-hang-tra-lai-tiet-kiem-cao-8-nam-khong-can-so-du-lon-188260119150653041.chn,2026-01-19 15:06:00,2026,1,2026-06-07 05:18:49.863773,6f6ebace6218f437a9a1dd23172d7850e901ac7082b12ec4b86d77fa2d0c16c8,NEW,,0
https://cafef.vn/kiem-tra-dien-thoai-tai-khoan-ngan-hang-cua-2-thanh-nien-sinh-nam-2008-2009-phat-hien-giao-dich-hon-13-ty-dong-trong-3-ngay-cong-an-lap-tuc-vao-cuoc-188260119111408667.chn,2026-01-19 11:14:00,2026,1,2026-06-07 05:18:49.919723,df165191528147b2caf93a9a9b7341e7278491835bd47c71b307c3f38d3576ce,NEW,,0
https://cafef.vn/triet-pha-o-nhom-tin-dung-den-cho-vay-175-ti-dong-lay-lai-15-ti-dong-188260119100642876.chn,2026-01-19 10:08:00,2026,1,2026-06-07 05:18:49.971640,bb80b14a76fd5542d612338004d2c165719263910570af0af6296c3d302476b9,NEW,,0
https://cafef.vn/nguoi-mua-ban-vang-chu-y-dieu-nay-coi-chung-bi-phat-den-20-trieu-theo-quy-dinh-moi-188260119093613711.chn,2026-01-19 09:35:00,2026,1,2026-06-07 05:18:50.024570,029c113c31753c7399baab87b5c82e563e123920eccffd82e86630c894511cdf,NEW,,0
https://cafef.vn/co-nen-ban-chung-khoan-mua-vang-bac-18826011812355218.chn,2026-01-18 14:18:00,2026,1,2026-06-07 05:18:50.076627,9fe4d2c1df9ee294edb6bf6824948801477d071b14c97402426870ac469769ba,NEW,,0
https://cafef.vn/se-phat-toi-120-trieu-dong-neu-nguoi-dung-vi-dien-tu-momo-zalopay-shopeepay-co-hanh-vi-sau-188260118134842031.chn,2026-01-18 13:48:00,2026,1,2026-06-07 05:18:50.327351,e7c85ab1ee5959f8d957bbc46776e549144f3c803e17ab07e821dd8ed3d155b0,NEW,,0
https://cafef.vn/tai-khoan-ngan-hang-agribank-techcombank-bi-xoa-vinh-vien-trong-truong-hop-sau-18826011810382421.chn,2026-01-18 10:38:00,2026,1,2026-06-07 05:18:50.394287,d4a949591ad55e862dd55501aca07c43d44ec2b1593b147d986eafcc1ad8d9f4,NEW,,0
https://cafef.vn/dieu-tra-dong-tien-chay-qua-nhieu-tai-khoan-ngan-hang-khong-ghi-ro-noi-dung-giao-dich-lien-tuc-ngay-dem-188260117225030726.chn,2026-01-17 22:50:00,2026,1,2026-06-07 05:18:50.451042,2f1465b1b407d09ecbeac79b0cbd50807d6f3ebb06ae10d2b4f567bf3e6bc8a8,NEW,,0
https://cafef.vn/bidv-phat-canh-bao-moi-188260117170811875.chn,2026-01-17 17:08:00,2026,1,2026-06-07 05:18:50.506147,23006b22355698ef657bcd904044ffc388655b1ee6ebc12f2f327bbeedf33752,NEW,,0
https://cafef.vn/nguoi-dan-mua-vang-chu-y-thong-bao-quan-trong-tu-cong-an-va-cac-doanh-nghiep-vang-lon-188260117110907445.chn,2026-01-17 11:08:00,2026,1,2026-06-07 05:18:50.562747,314bd2f79ff8ac2b002530dc2c1d0714fc15cb2d26d9a5f7f434d62ec3906e8b,NEW,,0
https://cafef.vn/dieu-dang-lo-nhat-khi-vay-tien-mua-nha-188260117103909963.chn,2026-01-17 10:38:00,2026,1,2026-06-07 05:18:50.683125,ef727aee0dece23ae01292724014e3020cac8be995d9be9e60bae386d9069423,NEW,,0
https://cafef.vn/chuyen-gia-du-bao-gia-vang-co-the-giam-manh-trong-vai-thang-toi-188260117103132602.chn,2026-01-17 10:31:00,2026,1,2026-06-07 05:18:50.804331,07c7e6021a44737eb29b5b8ad66c72bbad11c9f1e8c797af3c68e9eba47e9247,NEW,,0
https://cafef.vn/vietcombank-phat-thong-bao-quan-trong-den-khach-hang-18826011707314015.chn,2026-01-17 07:44:00,2026,1,2026-06-07 05:18:50.857934,212248c0649625d01d14a50e3e26a125ad1166fa41b68d1a182c364e660da961,NEW,,0
https://cafef.vn/thi-truong-tien-so-hom-nay-16-1-dieu-gi-dang-am-tham-dien-ra-18826011610020754.chn,2026-01-16 23:49:00,2026,1,2026-06-07 05:18:50.911550,4021d81f9fd7e3b65b14422f85de90d5e2700604b7de4c78078b8e716f8eb7f5,NEW,,0
https://cafef.vn/tai-khoan-am-tham-nhan-duoc-490-trieu-nguoi-dan-ong-khong-kiem-tra-duoc-so-du-nen-bao-cong-an-188260116224553933.chn,2026-01-16 22:45:00,2026,1,2026-06-07 05:18:50.964391,d0b38305d2331eabe944794286f456eee3ff569661e104e6c27be243718f592f,NEW,,0
https://cafef.vn/thay-khach-thanh-toan-day-du-ngan-hang-tang-han-muc-the-tin-dung-len-500-trieu-dong-ket-qua-mac-ket-hon-850-trieu-dong-no-xau-188260116203254059.chn,2026-01-16 20:32:00,2026,1,2026-06-07 05:18:51.131329,f8338835b794f4933d8933edb17d84e1bbf30fa7889b4ba05ba64f70c0ab7721,NEW,,0
https://cafef.vn/lo-dien-10-nguoi-trung-doc-dac-xo-so-mien-nam-ngay-16-1-18826011620193176.chn,2026-01-16 20:19:00,2026,1,2026-06-07 05:18:51.251137,f8e289177912affd67e5b817b1b8caf87a027198b332ba482d71cfa2f5fb6307,NEW,,0
https://cafef.vn/cong-an-canh-bao-khan-den-nguoi-mua-ban-vang-bac-188260116154839256.chn,2026-01-16 15:48:00,2026,1,2026-06-07 05:18:51.302711,d9087dc18b997de733498498d9adf015aa4d071e71d23b429e0a288a3b7edc9a,NEW,,0
https://cafef.vn/ngan-hang-se-ap-dung-cac-bien-phap-han-che-tham-chi-khoa-the-ngung-giao-dich-neu-nguoi-dung-co-hanh-vi-sau-188260116141607178.chn,2026-01-16 14:16:00,2026,1,2026-06-07 05:18:51.449462,d8e80942e8c98eb222791cf38c41bae14e36834d821dae71b583e5a575459321,NEW,,0
https://cafef.vn/ho-kinh-doanh-loay-hoay-khi-khach-chuyen-khoan-ca-tien-hang-lan-phi-ship-1882601161350176.chn,2026-01-16 13:50:00,2026,1,2026-06-07 05:18:51.502377,409bd8ed953b05a5e4c4b2541d35e965a5351ac608962c6ceca872922bd54539,NEW,,0
https://cafef.vn/lai-suat-vay-mua-nha-tang-toi-dang-cho-gia-chung-cu-ha-manh-de-mua-188260116113821216.chn,2026-01-16 11:38:00,2026,1,2026-06-07 05:18:51.624436,a74af3f41355fa778841981a28b76a4b7734594bf43d8b8dd5af63796e49087e,NEW,,0
https://cafef.vn/ram-ro-doi-tien-li-xi-tet-188260116104332577.chn,2026-01-16 10:43:00,2026,1,2026-06-07 05:18:51.722963,a29d48c255094e54f9629a9b6f9973f98f6d3b1993d64e4258744c1909ce93a1,NEW,,0
https://cafef.vn/thi-truong-bac-doi-mat-voi-bien-dong-manh-khi-trung-quoc-siet-van-xuat-khau-188251231101407517.chn,2026-01-16 07:27:00,2026,1,2026-06-07 05:18:51.777097,9955accf0234939691287209a461a6ae32bd8976d257bcbe27a518cfc60f8ca6,NEW,,0
https://cafef.vn/thi-truong-tien-so-hom-nay-15-1-bitcoin-phat-tin-hieu-bat-thuong-188260114141337528.chn,2026-01-15 23:22:00,2026,1,2026-06-07 05:18:51.831760,c86d43c527a08a3b9c224349b0cc6f6c07909a106baed67353ff1748b8e16cde,NEW,,0
https://cafef.vn/bi-quyet-ban-vang-khong-bi-lo-nguyen-tac-an-toan-giup-toi-uu-loi-nhuan-188260115224719416.chn,2026-01-15 22:47:00,2026,1,2026-06-07 05:18:51.888958,33682d1bf28a6001728412dffac57ec24a7d34d86565c1f5eab3435e23f4cba5,NEW,,0
https://cafef.vn/ho-kinh-doanh-dung-ten-chong-nhung-tien-chuyen-vao-tai-khoan-cua-vo-co-sai-pham-co-quan-thue-tra-loi-188260115210349168.chn,2026-01-15 21:06:00,2026,1,2026-06-07 05:18:51.946328,7baae09587dabf5900b19b5ac68b6c933af8555fa8204c2cf6c24a5040293df7,NEW,,0
https://cafef.vn/cong-an-tphcm-canh-bao-loai-toi-pham-moi-tren-nen-tang-zalo-188260113142506993.chn,2026-01-15 17:47:00,2026,1,2026-06-07 05:18:52.000335,03eeba0ce8d7986359fc0fc256114a4401ce0cace39bc42bd07d565dae51f18e,NEW,,0
https://cafef.vn/toi-pham-lua-dao-het-cua-lap-tai-khoan-ngan-hang-de-trung-chuyen-dong-tien-188260115160029957.chn,2026-01-15 17:00:00,2026,1,2026-06-07 05:18:52.128293,dd0c0c1fe34db6286878194187ea3f5883342559a388f61d5cd44c402fbb85ca,NEW,,0
https://cafef.vn/ban-nha-hon-2-ty-di-lam-an-gan-2-nam-chua-thu-hoi-von-con-can-ho-cu-da-len-gan-4-ty-188260115165535302.chn,2026-01-15 16:55:00,2026,1,2026-06-07 05:18:52.184718,8baa08b1803dbb368714678636862347db0a5d8f91b1a22ad344d46d065a3e77,NEW,,0
https://cafef.vn/tich-thu-toan-bo-vang-neu-co-hanh-vi-sau-tu-ngay-9-2-188260115151715066.chn,2026-01-15 15:17:00,2026,1,2026-06-07 05:18:52.238045,6066bc4dcc9cbff9d0d8e6ebafb65d3d73711a9a98955efbb4ffcdc1d7159d1b,NEW,,0
https://cafef.vn/ly-do-gia-vang-bac-tang-rat-manh-188260115094133605.chn,2026-01-15 15:15:00,2026,1,2026-06-07 05:18:52.290539,adf934428b49f08ca21008e2a1378de428418a419e446364c694726739945bf7,NEW,,0
https://cafef.vn/cong-an-vua-thong-bao-khan-toi-nguoi-nhan-duoc-cac-cuoc-goi-tin-nhan-sau-188260115123041485.chn,2026-01-15 12:30:00,2026,1,2026-06-07 05:18:52.344964,967c3530238e12e3aa626fa7baa1b4b21d97f6b529481974497b6a84affe274c,NEW,,0
https://cafef.vn/bien-dong-gia-vang-chung-khoan-bat-dong-san-chuyen-gia-khuyen-nen-rot-tien-vao-dau-nam-2026-188260115114652538.chn,2026-01-15 11:46:00,2026,1,2026-06-07 05:18:52.488799,569654a21af9ec90179e8a9ada8d746ed0cf4c81fc23a31883f6220b33153f7f,NEW,,0
https://cafef.vn/cu-ba-o-ninh-binh-bi-mat-rut-so-tiet-kiem-70-trieu-dong-dang-cho-nhan-tien-thi-cong-an-moi-lam-viec-18826011511262104.chn,2026-01-15 11:26:00,2026,1,2026-06-07 05:20:01.594790,4761e61ac2b7efbdd964610a1078c15c145326059c5fee97dc0987c421f5da5c,NEW,,0
https://cafef.vn/nhan-tien-thuong-tat-nien-tan-nien-co-quan-thue-noi-gi-ve-nguong-phai-chiu-thue-188260115100855026.chn,2026-01-15 10:08:00,2026,1,2026-06-07 05:20:01.648821,72a31280dd31a1f42ec612ec3a023ba8030bd17e618c34a8b93553d98abdf373,NEW,,0
https://cafef.vn/luu-y-dac-biet-ve-3-moc-nop-thue-khong-duoc-cham-tre-188260111194723469.chn,2026-01-15 07:29:00,2026,1,2026-06-07 05:20:01.699989,0e125cb52e4ec33dcb7bd858a97276493356f9a26c979f5e8ce905a1793b257b,NEW,,0
https://cafef.vn/thi-truong-tien-so-ngay-14-1-chay-hon-120000-tai-khoan-vi-gia-bitcoin-tang-soc-188260114211146989.chn,2026-01-14 21:50:00,2026,1,2026-06-07 05:20:01.753421,d73b96875c92979126b07bd245b26995aa1fc73e517dd203dbc600b79e49801a,NEW,,0
https://cafef.vn/tu-vu-nhan-gan-500-trieu-dong-khong-tra-can-lam-gi-khi-tien-tren-troi-roi-vao-tai-khoan-188260114160008097.chn,2026-01-14 16:40:00,2026,1,2026-06-07 05:20:01.804404,827e805b394f3d46be9186889b9f477e5b4ace0bb0f2a0330fa258e057a4c014,NEW,,0
https://cafef.vn/truong-hop-bi-ngan-hang-dong-tai-khoan-ngung-toan-bo-giao-dich-trong-thang-1-nay-188260114145704912.chn,2026-01-14 14:56:00,2026,1,2026-06-07 05:20:01.858504,35d109f07efbdc28f0c06b0110029fef301044cfcdaeeafcb8426a1418430b7e,NEW,,0
https://cafef.vn/gioi-sieu-giau-bat-ngo-ban-nha-de-gom-vang-bat-dong-san-khong-con-la-mo-neo-an-toan-nhat-188260114144104976.chn,2026-01-14 14:43:00,2026,1,2026-06-07 05:20:01.912459,e3e5b493be9807d01484b0f9434b51813a8d0442fa7287fde557bce799e8f7fb,NEW,,0
https://cafef.vn/cong-an-dac-biet-luu-y-neu-thay-tin-nhan-hay-cuoc-goi-nay-tu-shipper-hay-xoa-ngay-de-tranh-mat-sach-tien-188260114142744518.chn,2026-01-14 14:36:00,2026,1,2026-06-07 05:20:01.969968,405ca8227fd43fe98276ed6e8c2932eaea5410a42940fd3071b34acd16930ddc,NEW,,0
https://cafef.vn/cong-an-canh-bao-go-ngay-nhung-ung-dung-nay-truoc-khi-mat-sach-tien-trong-tai-khoan-188260114110907839.chn,2026-01-14 11:09:00,2026,1,2026-06-07 05:20:02.092139,cb29c020cb77d8e1e993efefc61d75b88420b11cb374e2fd74886884c8d609f4,NEW,,0
https://cafef.vn/vietcombank-khoa-tai-khoan-ngung-giao-dich-rut-tien-chuyen-tien-voi-cac-tai-khoan-sau-188260114073930238.chn,2026-01-14 09:34:00,2026,1,2026-06-07 05:20:02.213267,0740cd3c3f51633196be9b0112384f595f5b644ad0d47a208b62fa713dd4aeae,NEW,,0
https://cafef.vn/tu-nam-2026-nhung-khoan-thu-nhap-nay-chinh-thuc-duoc-mien-thue-thu-nhap-ca-nhan-188260114085413257.chn,2026-01-14 08:54:00,2026,1,2026-06-07 05:20:02.271162,ce991f44f874de3efe59c767f07010d9a329b18256afe648c8346f1798c64a6a,NEW,,0
https://cafef.vn/ung-dung-ngan-hang-cua-tat-ca-nguoi-dan-sap-co-su-thay-doi-lon-chua-tung-thay-188260113163308652.chn,2026-01-13 16:32:00,2026,1,2026-06-07 05:20:02.323620,39a9824afd3eea0beb3e473f4dcfbe900c1229b9f1fa50530df31c38fcf4e811,NEW,,0
https://cafef.vn/hoa-don-vuot-5-trieu-dong-phat-sinh-trong-dem-khuya-doanh-nghiep-co-buoc-phai-chuyen-khoan-ngay-de-duoc-khau-tru-thue-bo-tai-chinh-tra-loi-188260113151840308.chn,2026-01-13 15:47:00,2026,1,2026-06-07 05:20:02.375814,f0bfce49ccd78d84df8cbbe98f46a2632fe4575367b8a483efa6edb13f9755bb,NEW,,0
https://cafef.vn/tai-khoan-ngan-hang-mb-duoi-5555555-co-520-trieu-dong-chuyen-vao-cong-an-lap-tuc-vao-cuoc-xac-minh-188260113150408473.chn,2026-01-13 15:04:00,2026,1,2026-06-07 05:20:02.429790,41b52a63108bfedcb6aa3c69ddc67fe00cc4bb5388cca81110ac15c008572918,NEW,,0
https://cafef.vn/khoi-to-bat-tam-giam-nguoi-nhan-gan-500-trieu-dong-nhung-khong-chuyen-tra-188260113105738282.chn,2026-01-13 10:57:00,2026,1,2026-06-07 05:20:02.485276,b94d54de408a356e5d65c85801c08e53ea94e112f9e7ceca4e9265d58ed2bd76,NEW,,0
https://cafef.vn/xo-so-mien-nam-sang-13-1-giai-doc-dac-28-ti-dong-tim-ra-nguoi-trung-o-tphcm-188260113074051118.chn,2026-01-13 07:40:00,2026,1,2026-06-07 05:20:02.668226,f660bc6149aec3287d79407dd47369f32b36a64d770624038a3c91c0ba94db06,NEW,,0
https://cafef.vn/tai-khoan-ngan-hang-co-the-mat-sach-tien-neu-nguoi-dung-chup-va-gui-buc-anh-nay-18826011217000461.chn,2026-01-12 17:01:00,2026,1,2026-06-07 05:20:02.721947,da28576ad226bbfbf326c1cba48723e3811e3a5e3f7a4b55ab2784a72a815c6c,NEW,,0
https://cafef.vn/khach-hang-chuan-bi-tat-toan-so-tiet-kiem-hon-1-ty-dong-2-nhan-vien-shb-cung-ngan-lai-va-duoc-cong-an-trao-bang-khen-188260112111027718.chn,2026-01-12 11:11:00,2026,1,2026-06-07 05:20:02.776039,e95b616c7b68cef524c0fd02afd4e66ba8558ea2feadebab0d4fbbd97f7f06fb,NEW,,0
https://cafef.vn/tra-cham-khoan-vay-10-ngay-co-bi-no-xau-khong-nguoi-vay-can-luu-y-dieu-nay-18826011209251929.chn,2026-01-12 09:25:00,2026,1,2026-06-07 05:20:02.831650,d5aa21aacfd276ed1d0f8f72a3dfb386bb08250e7fe284c203930304a47251d5,NEW,,0
https://cafef.vn/gia-vang-hom-nay-tang-manh-nguoi-mua-vang-tai-bao-tin-minh-chau-bao-tin-manh-hai-chu-y-thong-bao-khan-tu-doanh-nghiep-nay-188260112091827486.chn,2026-01-12 09:18:00,2026,1,2026-06-07 05:20:02.886637,4b3f5cf350368876ecf27175f7389f3dcaad511bf8872f3e5648a6fd4137cca8,NEW,,0
https://cafef.vn/nhieu-nguoi-thu-nhap-cao-nhung-van-bi-ngan-hang-tu-choi-cho-vay-mua-nha-vi-sao-vay-188260111220556065.chn,2026-01-11 22:05:00,2026,1,2026-06-07 05:20:02.938332,1abdb0140f78ed8c5206d16d54c07c5812cc07b5d1671b700443836b16031b82,NEW,,0
https://cafef.vn/tu-nam-2026-luong-bao-nhieu-thi-moi-phai-dong-thue-thu-nhap-ca-nhan-188260111215547409.chn,2026-01-11 21:54:00,2026,1,2026-06-07 05:20:03.010155,6315991a0e2eb134bc7fabbe48196fc71714bd662c48e3371bc168eacbccbf8e,NEW,,0
https://cafef.vn/ngan-hang-canh-bao-khan-den-tat-ca-khach-hang-nhan-duoc-cuoc-goi-tin-nhan-sau-18826011115203974.chn,2026-01-11 15:20:00,2026,1,2026-06-07 05:20:03.152625,af32cd2991e2d0de3200293fa0a05f3cdf0af35414f9e107358bb1e062f857a9,NEW,,0
https://cafef.vn/triet-pha-o-tin-dung-den-nup-bong-doanh-nghiep-188260111144626986.chn,2026-01-11 14:46:00,2026,1,2026-06-07 05:20:03.211416,b43438dd284ebf1ab1099fe458bd663889f00c38fd47a17b18f9d1fc2a674c6a,NEW,,0
https://cafef.vn/yeu-cau-tu-1-3-ung-dung-ngan-hang-phai-tu-dong-dung-hoat-dong-neu-nghi-ngo-gian-lan-lua-dao-188260111143953974.chn,2026-01-11 14:39:00,2026,1,2026-06-07 05:20:03.274878,f4649aa4e832a5a34e6594824e37cfb39e4dea378f77e86408511e8c901bc711,NEW,,0
https://cafef.vn/lan-ranh-chu-no-hoa-bi-can-188260111111132648.chn,2026-01-11 11:11:00,2026,1,2026-06-07 05:20:03.326223,2c8a0fa335408d9b599a2ffe8202d4f6200d0e772c871c76f2ce090ffbc71eda,NEW,,0
https://cafef.vn/tu-9-2-2026-lam-dieu-nay-voi-tai-khoan-ngan-hang-se-bi-phat-toi-250-trieu-dong-188260111105458207.chn,2026-01-11 10:54:00,2026,1,2026-06-07 05:20:03.390947,94ee9e1f5dfa6374db23fdc8145f01af11ad27fca6fbf9693384fff15a507ac0,NEW,,0
https://cafef.vn/app-ngan-hang-co-the-tu-ngung-giao-dich-nguoi-dung-can-kiem-tra-dieu-nay-truoc-thang-3-2026-188260111105341207.chn,2026-01-11 10:53:00,2026,1,2026-06-07 05:20:03.444616,7b7c843de96c040b97f949ff00cc680991aca382091e1247b37db607078cda8d,NEW,,0
https://cafef.vn/canh-bao-rui-ro-phap-ly-tu-giao-dich-tai-san-so-p2p-188260102085036533.chn,2026-01-10 19:55:00,2026,1,2026-06-07 05:20:03.499074,cf469e6fd265486534072300e73903b969762062b44fb457fbc89dc9d4b224c3,NEW,,0
https://cafef.vn/tu-nam-2026-tien-lam-them-gio-duoc-mien-thue-thu-nhap-188260110163005912.chn,2026-01-10 16:28:00,2026,1,2026-06-07 05:20:03.551564,b54ef430fe0a21336fdaea202fb291fa5699904b58dab3a420c9689263818def,NEW,,0
https://cafef.vn/mua-vang-roi-trinh-bao-tren-vneid-cong-an-vao-cuoc-phat-hien-chiec-nhan-vang-2-chi-bi-chiem-doat-188260110151525843.chn,2026-01-10 15:15:00,2026,1,2026-06-07 05:20:03.609428,e3b52a12555e619bdc57029a770b2a8ffd936db266ce398f637f2829a94c8199,NEW,,0
https://cafef.vn/cong-an-canh-bao-khan-den-nguoi-gui-tiet-kiem-lai-suat-cao-188260110103915933.chn,2026-01-10 11:38:00,2026,1,2026-06-07 05:20:03.660809,4234600c80e900ef806a740af49261fb5e1edf60f6bc3f227067ce54db106b08,NEW,,0
https://cafef.vn/kinh-te-bien-dong-manh-chuyen-gia-chi-ra-dieu-moi-nguoi-nen-lam-luc-nay-188260110093630516.chn,2026-01-10 09:35:00,2026,1,2026-06-07 05:20:03.727304,f3080685e12a89bdeca3f6f2a1976c7fe9f1b76f21fb502149d4218410f57149,NEW,,0
https://cafef.vn/thuc-hien-quyet-toan-thue-tncn-nam-2026-quy-dinh-moi-nguoi-dan-bat-buoc-phai-biet-18826011008445888.chn,2026-01-10 08:44:00,2026,1,2026-06-07 05:20:03.781452,29a1aa39b3136ec167c252ba310786d4fdfa1c839fa6d316700c1ba7ffde156f,NEW,,0
https://cafef.vn/ngan-hang-khuyen-cao-tat-ngay-quyen-nay-tren-tat-ca-cac-ung-dung-188260109144944208.chn,2026-01-09 14:49:00,2026,1,2026-06-07 05:20:03.834794,6537b26ab10d0226563df64baed9f2de4e81b2db5370326d909a24e6412e588a,NEW,,0
https://cafef.vn/tu-1-3-2026-ung-dung-ngan-hang-se-tu-dong-dung-hoat-dong-tren-cac-dien-thoai-sau-1882601091018091.chn,2026-01-09 10:18:00,2026,1,2026-06-07 05:20:03.889008,46d28483c6efd42a51ca7b207433fc1fa6fc01f0ce56c5cb1a4c39911d1f60e2,NEW,,0
https://cafef.vn/hai-vo-chong-cung-den-ngan-hang-vietinbank-chuyen-khoan-500-trieu-dong-khong-lau-sau-cong-an-moi-lam-viec-188260109092410593.chn,2026-01-09 09:23:00,2026,1,2026-06-07 05:20:03.941210,04ac7efd4737b503f58be73a2ef10cc24d21b5eb1684585a7233af34ff5d7add,NEW,,0
https://cafef.vn/canh-bao-quan-trong-tu-bidv-5-chieu-lua-dao-vet-sach-tai-khoan-thu-doan-lien-quan-shipper-ai-cung-can-canh-giac-188260108201707045.chn,2026-01-09 07:42:00,2026,1,2026-06-07 05:20:03.995037,d3e8e26979aa9b35fa60f33946f19ebe05b03f959600b09cd3232c072b9ba0a1,NEW,,0
https://cafef.vn/5-viec-can-lam-ngay-khi-mua-vang-mua-bac-ve-188260108105752521.chn,2026-01-08 22:51:00,2026,1,2026-06-07 05:20:04.049322,7f27f200a2162c78b437bdd77fb0dbf79c25e6b661f56b71a05281f2353d9258,NEW,,0
https://cafef.vn/cong-an-vua-phat-canh-bao-khan-toi-nhung-nguoi-nay-188260108220223313.chn,2026-01-08 22:01:00,2026,1,2026-06-07 05:20:04.106978,1b4a94710cf1c73d563a80a7c2094bac26ff919f11a237e92a3b5f88c2f67c74,NEW,,0
https://cafef.vn/nam-2026-nguoi-dan-chu-y-cac-khoan-tien-chuyen-vao-tai-khoan-ca-nhan-sau-phai-ke-khai-nop-thue-188260108212924759.chn,2026-01-08 21:29:00,2026,1,2026-06-07 05:20:04.161857,bc43458b8fd63228a03fbd792ed100f63d5a50a794aab0a5d660000305597b01,NEW,,0
https://cafef.vn/phong-toa-125-tai-khoan-tai-16-ngan-hang-phat-hien-dong-tien-la-chuyen-vao-cac-cua-hang-vang-roi-doi-sang-tien-mat-188260108182444347.chn,2026-01-08 19:24:00,2026,1,2026-06-07 05:20:04.214131,686aeb76fbb093d6fc6a550ecf3972c5d3e337a7a9db96a7fed9370317f5e5a1,NEW,,0
https://cafef.vn/ngan-hang-ngo-ngang-mat-sach-tien-vi-mot-so-do-the-chap-la-gia-mot-so-that-cung-co-van-de-188260108152114534.chn,2026-01-08 16:08:00,2026,1,2026-06-07 05:20:04.272352,d2716c5494c7f42bf428417d0333780baf060608431c484631adf15f2740efb6,NEW,,0
https://cafef.vn/se-phat-den-250-trieu-dong-neu-nguoi-dung-tai-khoan-ngan-hang-co-hanh-vi-sau-188260108152428282.chn,2026-01-08 15:25:00,2026,1,2026-06-07 05:20:04.326821,8fdfbee7746b96fe7b3d463d1ae3b1e4b0d6b2d9ec029f4b801f35164bc43e6f,NEW,,0
https://cafef.vn/nguoi-thuong-xuyen-co-dong-tien-lon-ra-vao-tai-khoan-ca-nhan-co-quan-thue-khuyen-nghi-gi-188260108110837591.chn,2026-01-08 11:09:00,2026,1,2026-06-07 05:20:04.385812,c7a43f1fc814fc512558f04a1377277548b8513ebd4edbde915fd30d96eeb567,NEW,,0
https://cafef.vn/dung-the-tin-dung-kieu-nay-dung-mo-duoc-hoan-tien-188260108095640071.chn,2026-01-08 10:20:00,2026,1,2026-06-07 05:21:16.541988,0eaacad58842d3d98cc6aaa0a858bc8225455940141b4770dce34887dffb12ec,NEW,,0
https://cafef.vn/chinh-thuc-nang-han-muc-giao-dich-qua-tai-khoan-tien-di-dong-len-100-trieu-dong-thang-188260108093120249.chn,2026-01-08 09:31:00,2026,1,2026-06-07 05:21:16.599369,bc0abed6ba145a78e1ff88c673b5cb244a9c9e1c9ae64ab1b3ab0b5b6632fb7f,NEW,,0
https://cafef.vn/nam-2025-thiet-hai-do-lua-dao-truc-tuyen-o-viet-nam-uoc-tinh-tren-6000-ty-dong-18826010807091841.chn,2026-01-08 08:00:00,2026,1,2026-06-07 05:21:16.651695,bfaa0093e7c544a0cca31f7bcede5d4e54df54a78201387f188b4e7258bb7e90,NEW,,0
https://cafef.vn/cho-thue-nha-doanh-thu-tren-500-trieu-dong-nam-phai-nop-thue-188260107225146486.chn,2026-01-07 22:51:00,2026,1,2026-06-07 05:21:16.706509,d8b3ea78d9f9a53839747a32b3eb96641d12505e47bfa2c8b3b0c2a272ffdc65,NEW,,0
https://cafef.vn/chuyen-74-ty-dong-de-dau-tu-vao-san-vang-tien-dien-tu-den-khi-tai-khoan-hien-lai-khung-hon-34-ty-nguoi-phu-nu-o-tphcm-lai-voi-bao-cong-an-188260107164521748.chn,2026-01-07 16:46:00,2026,1,2026-06-07 05:21:16.762154,3354736ef73d6a42cf35d31edeb75829cada6143323a083ac8b71173e5733a5c,NEW,,0
https://cafef.vn/40-tuoi-co-10-ty-dong-trong-tay-co-nen-ve-huu-som-188260107151045382.chn,2026-01-07 15:10:00,2026,1,2026-06-07 05:21:16.816820,1740962424132a902a208a9514c0927ffedc978dbe3b587fad2dcba0ba2e66f3,NEW,,0
https://cafef.vn/mua-nong-san-tu-nong-dan-khong-co-tai-khoan-ngan-hang-buoc-phai-tra-tien-mat-co-cach-nao-de-chung-minh-khoan-chi-hop-le-khong-188260107134928187.chn,2026-01-07 13:50:00,2026,1,2026-06-07 05:21:16.870601,006d261ebfc64605852b89f560d62420fc0bba3b9549fc094d1a35ac68021e64,NEW,,0
https://cafef.vn/cong-an-nhieu-dia-phuong-lien-tiep-khuyen-cao-ve-cuoc-goi-nha-may-tu-cac-dau-so-022-024-028-1882601071147292.chn,2026-01-07 11:47:00,2026,1,2026-06-07 05:21:16.924893,4040e7df274b9ecfc4cd48552f0710e0353e36a31ddd89d5edd0db6c847f1c29,NEW,,0
https://cafef.vn/cong-an-khuyen-nghi-nguoi-dan-tat-ngay-nhung-tinh-nang-nay-de-tranh-lo-mat-khau-ngan-hang-thong-tin-the-tin-dung-188260107105347844.chn,2026-01-07 10:54:00,2026,1,2026-06-07 05:21:16.981894,fd88b1cb4df94db9612d649d7134cfee5016a5015e5c5051244d44d4b5159596,NEW,,0
https://cafef.vn/xo-so-mien-nam-di-cho-luc-5-gio-sang-nguoi-phu-nu-trung-doc-dac-28-ti-dong-188260107101416474.chn,2026-01-07 10:13:00,2026,1,2026-06-07 05:21:17.036932,6061c1c4694511b8bfd3ff1b7f3492afc0aba0155949e72f17520dc4bec83e96,NEW,,0
https://cafef.vn/bai-bo-mot-dieu-kien-hoan-thue-gia-tri-gia-tang-188260106210657232.chn,2026-01-06 21:05:00,2026,1,2026-06-07 05:21:17.089863,7daac30c8b98adf8a8275c8d6a9914f0d6b786fa1efddcd3fbe401e337fc08d1,NEW,,0
https://cafef.vn/lua-dao-dung-ai-de-do-mat-khau-chiem-doat-tai-khoan-cua-nguoi-dung-ngan-hang-khuyen-cao-gi-188260106161108515.chn,2026-01-06 16:12:00,2026,1,2026-06-07 05:21:17.146344,762c820d16163ecf9b37fc5832066173028d7b5de3b5ebdda0c652abbc70a774,NEW,,0
https://cafef.vn/bien-dong-lai-suat-dau-nam-2026-gui-tiet-kiem-vietcombank-huong-lai-cao-nhat-bao-nhieu-188260106155802149.chn,2026-01-06 15:57:00,2026,1,2026-06-07 05:21:17.199625,9bd9b798c9a594b8f174725050377803b350d8722d2cd2ab681c2d4470c88695,NEW,,0
https://cafef.vn/tu-nay-mo-the-tin-dung-vietcombank-agribank-va-bidv-deu-phai-truc-tiep-ra-ngan-hang-188260106140735056.chn,2026-01-06 14:29:00,2026,1,2026-06-07 05:21:17.253915,caf170dc5646a2d316fecc96ca995467492af39cbc3515e69454d6257a336a38,NEW,,0
https://cafef.vn/quy-dinh-moi-ve-hoat-dong-the-ngan-hang-188260106111505002.chn,2026-01-06 11:33:00,2026,1,2026-06-07 05:21:17.306763,1a68832e822aab5e7b2e163466c1584c333f08604e11ed0b3fbf7feb7f51bd28,NEW,,0
https://cafef.vn/phat-hien-da-chuyen-khoan-100-trieu-cho-lua-dao-nguoi-dan-ong-len-mang-dang-bai-canh-bao-khong-lau-sau-lai-mat-them-tien-188260106111638465.chn,2026-01-06 11:17:00,2026,1,2026-06-07 05:21:17.361056,ac90060967bbf16a625b4ccae6ef23c283ec743afb6194f5013f3ee820b1d3e1,NEW,,0
https://cafef.vn/khong-phai-vang-kim-loai-nay-duoc-du-bao-co-the-tang-gap-nhieu-lan-trong-nam-2026-chuyen-gia-chi-ra-con-so-gay-bat-ngo-188260106100522577.chn,2026-01-06 10:05:00,2026,1,2026-06-07 05:21:17.482640,b6c779a886d10a024496094f223aa1834ed5b52868ae1e1cccf1d32c411c2769,NEW,,0
https://cafef.vn/nhom-thanh-nien-dung-website-nhu-so-cai-online-roi-cho-vay-voi-suat-600-nam-188260106090441031.chn,2026-01-06 09:04:00,2026,1,2026-06-07 05:21:17.593414,e0eacc14f1935bf38c4b4ecc2e225feb3d0392aee1f190cfee20939c5744ad94,NEW,,0
https://cafef.vn/xo-so-mien-nam-giai-doc-dac-56-ti-dong-da-tim-ra-nguoi-trung-thuong-188260106090154462.chn,2026-01-06 09:01:00,2026,1,2026-06-07 05:21:17.657143,2186005a9c25f7de7783b301e104f533a79a02f848a81bdaeba7c28ad5d8a5b8,NEW,,0
https://cafef.vn/infographic-canh-bao-bay-tin-dung-den-tren-khong-gian-mang-dip-cuoi-nam-188260105215227252.chn,2026-01-05 21:51:00,2026,1,2026-06-07 05:21:17.711683,e1af4cd7568da7d51c55e9e7e4d4f27d119270057e5569a02738e794f050f654,NEW,,0
https://cafef.vn/hang-loat-khoan-phu-cap-duoc-mien-thue-thu-nhap-ca-nhan-tu-nam-2026-188260105155948334.chn,2026-01-05 16:49:00,2026,1,2026-06-07 05:21:17.768935,9aa8c97d9d373b7fde96e1caa7ef343695f430e221f54aa147a5d5a69fcf2f65,NEW,,0
https://cafef.vn/loat-ngan-hang-agribank-vietcombank-bidv-mb-phat-canh-bao-188260105163638406.chn,2026-01-05 16:36:00,2026,1,2026-06-07 05:21:17.825755,235ee2ed941c5118b33b6c409ffcdb6fd370fddfe267b3d0e2393a5f8ad58b19,NEW,,0
https://cafef.vn/mua-bao-hiem-nhan-tho-khi-tu-vong-duoc-huong-bao-tien-188260105101101067.chn,2026-01-05 10:10:00,2026,1,2026-06-07 05:21:17.879991,f0640dabc2a6bebadba1ff03f4b82c52f5441583d9bee9d819e2c6e0a12f28c1,NEW,,0
https://cafef.vn/cong-an-canh-bao-tuyet-doi-khong-luu-nhung-hinh-anh-nay-trong-dien-thoai-188260105093729292.chn,2026-01-05 09:37:00,2026,1,2026-06-07 05:21:17.935852,13df1750bfbfd516fb340d33e3cea30d964fde61cd586df8cf0034f934d8c70f,NEW,,0
https://cafef.vn/tu-hom-nay-ngan-hang-khoa-giao-dich-the-trong-truong-hop-sau-188260105083852398.chn,2026-01-05 08:38:00,2026,1,2026-06-07 05:21:17.989519,ad067f66e3c97bc112a5e28e3d92bf9f8e5ef178178938dc281c0b66a07a457a,NEW,,0
https://cafef.vn/co-phai-nguoi-giau-thuong-vay-nhieu-188260104190617775.chn,2026-01-04 19:06:00,2026,1,2026-06-07 05:21:18.044288,044f698db759a3e921f2fc28ff93fc3843fec7eb0da97574655c9bf8722ce400,NEW,,0
https://cafef.vn/6-xu-huong-thanh-toan-dinh-hinh-nam-2026-ai-se-tac-dong-the-nao-188260104171707149.chn,2026-01-04 17:16:00,2026,1,2026-06-07 05:21:18.099722,fffe2f8c7cc00e4daf30b16e771620c8cbff344b4f39d430ded02291a7442fec,NEW,,0
https://cafef.vn/thanh-toan-khong-tien-mat-dat-295-trieu-ty-dong-gap-26-lan-gdp-188260104160044282.chn,2026-01-04 16:00:00,2026,1,2026-06-07 05:21:18.153336,2fcdc64d85ac2aafabf8d075c4edc83878570b49f5961229b3891515be676313,NEW,,0
https://cafef.vn/co-gai-trung-so-tu-choi-nhan-1-trieu-usd-tuong-sai-lam-nhung-lai-cuc-khon-ngoan-188260104111130324.chn,2026-01-04 11:11:00,2026,1,2026-06-07 05:21:18.205393,9cb04cff283041cc619529f43261132e5daf623d708b1dcd386bb194dd14bcf7,NEW,,0
https://cafef.vn/ngan-chan-lua-dao-qua-mang-tu-goc-188260104105611837.chn,2026-01-04 10:56:00,2026,1,2026-06-07 05:21:18.277813,ee400a5657c19d531cc3b42bf9e0e0cae0a15bbaf45e18c90280097a250bebca,NEW,,0
https://cafef.vn/lam-the-nao-de-lay-lai-tien-khi-the-tin-dung-bi-hack-188260103200706931.chn,2026-01-03 21:06:00,2026,1,2026-06-07 05:21:18.341174,1864d7389827d980883e33d60e04df1e7890f1f063e6adc26365ee4445cdb32e,NEW,,0
https://cafef.vn/sau-mot-nam-tang-gan-65-chuyen-gia-du-bao-bat-ngo-ve-moc-dinh-moi-cua-gia-vang-nam-2026-188260103184453524.chn,2026-01-03 18:44:00,2026,1,2026-06-07 05:21:18.393555,69a0303180001b13c93af495431577f2be9c45da600dbc8614df3335ff1dcc1d,NEW,,0
https://cafef.vn/nguoi-phu-nu-gui-112-trieu-vao-mot-tai-khoan-chuan-bi-ky-giay-chuyen-tien-thi-nhan-vien-vietcombank-cong-an-xa-canh-sat-giao-thong-cung-ngan-lai-188260103170031652.chn,2026-01-03 17:00:00,2026,1,2026-06-07 05:21:18.452687,124f99803d4943c76d44880f0ff84a6893fc0442e21d04e987c28f4ece95bcb2,NEW,,0
https://cafef.vn/xo-so-mien-nam-giai-doc-dac-3-dai-deu-trung-o-tphcm-gay-xon-xao-188260103130721295.chn,2026-01-03 13:06:00,2026,1,2026-06-07 05:21:18.507056,ba2a16b1432ab1cf61b96c3ced27f1e9b67e073ea9cf8632fe13e89f3348277e,NEW,,0
https://cafef.vn/tu-nay-cac-loai-giay-to-sau-se-khong-duoc-ngan-hang-chap-nhan-188260103083324751.chn,2026-01-03 13:05:00,2026,1,2026-06-07 05:21:18.559578,bbf89bacc435068ca98059377e415bd62bef945b6289f1ac21228329080975d0,NEW,,0
https://cafef.vn/cong-an-canh-bao-khan-den-nguoi-vay-tien-voi-lai-suat-dac-biet-thap-188260103090501134.chn,2026-01-03 09:04:00,2026,1,2026-06-07 05:21:18.614634,676faa6a8b3e839552284da96ae8ae744d864edd8b34cd2e437fa3f4b1dca0ad,NEW,,0
https://cafef.vn/gia-vang-se-tiep-tuc-gay-bat-ngo-188260102154846373.chn,2026-01-02 15:48:00,2026,1,2026-06-07 05:21:18.681084,af3b1cacc3fd045a8d288b99348eec3b1893913f113060b6c385bd2365f90150,NEW,,0
https://cafef.vn/dip-tet-duong-lich-gui-tiet-kiem-ngan-hang-nao-lai-suat-cao-nhat-188260102122024545.chn,2026-01-02 12:49:00,2026,1,2026-06-07 05:21:18.737725,3bdd43f6d9b328230997b806463a04b8d363d9af633b1031d944e43b59704614,NEW,,0
https://cafef.vn/pho-thong-doc-ngan-hang-nha-nuoc-so-luong-tai-khoan-ca-nhan-nhan-tien-lua-dao-giam-gan-mot-nua-luong-nguoi-bi-lua-dao-giam-57-188260102113935688.chn,2026-01-02 11:37:00,2026,1,2026-06-07 05:21:18.796276,1d2e0b754b19ef5096ee69d2acab6b2ec773513e0a7f1f2369ceb89ed43a8a6d,NEW,,0
https://cafef.vn/den-ngan-hang-chuyen-700-trieu-cho-nguoi-than-nhung-tien-lai-vao-tai-khoan-cua-mot-thanh-nien-sinh-nam-2003-188260102094016848.chn,2026-01-02 09:40:00,2026,1,2026-06-07 05:21:18.850582,5e9e302613d03e3538ee30e3d133b3129e0b1829b0f7e1254e03f9aefe2514db,NEW,,0
https://cafef.vn/xo-so-mien-nam-giai-doc-dac-84-ti-dong-trung-o-tay-ninh-dong-thap-dong-nai-188260102092135501.chn,2026-01-02 09:37:00,2026,1,2026-06-07 05:21:18.904401,c79f34cd2def9ff6e9c7060a353247cb6547289c7702c4f9a0b1f8380b55c6f7,NEW,,0
https://cafef.vn/chinh-thuc-nguoi-nhan-luong-17-trieu-dong-thang-khong-phai-nop-thue-thu-nhap-ca-nhan-188260101181347012.chn,2026-01-01 18:13:00,2026,1,2026-06-07 05:21:18.958467,3f8f9597e85616de71880cd3e8c8842204d958226c13f9f0fc0dddb4ed441947,NEW,,0
https://cafef.vn/tu-hom-nay-agribank-vietcombank-vietinbank-tam-ngung-toan-bo-giao-dich-rut-chuyen-tien-doi-voi-truong-hop-sau-188260101142036885.chn,2026-01-01 18:08:00,2026,1,2026-06-07 05:21:19.012192,aa91840f9702f1cb8f96213578846348a703ab0b7a7904df6f5c917f60f41983,NEW,,0
https://cafef.vn/da-nang-triet-pha-duong-day-mua-ban-hoa-don-trai-phep-hon-200-ty-dong-188260101180740473.chn,2026-01-01 18:07:00,2026,1,2026-06-07 05:21:19.067072,adc12b7c4a6c830fe3df89a5d0a9a55f9bda54ffdfe2f3f635f897a72d1838a7,NEW,,0
https://cafef.vn/vietcombank-agribank-bidv-dong-loat-sua-quy-dinh-su-dung-the-ngan-hang-188260101141940277.chn,2026-01-01 14:19:00,2026,1,2026-06-07 05:21:19.122927,797f0b952e3dd7e6d754d9d00273d6b92917cb98a9a55484cc84950f5415897e,NEW,,0
https://cafef.vn/xuat-hien-thu-doan-hoan-toan-moi-lua-dao-so-tiet-kiem-giay-188260101101653644.chn,2026-01-01 14:09:00,2026,1,2026-06-07 05:22:36.906687,32e77b75cce8beaab82f2af7655f1197f7878b75316cdc063b9c367d02a84193,NEW,,0
https://cafef.vn/dau-thang-1-2026-gui-tiet-kiem-o-agribank-bidv-vietinbank-vietcombank-huong-lai-suat-cao-nhat-bao-nhieu-188260101083400357.chn,2026-01-01 08:33:00,2026,1,2026-06-07 05:22:36.965126,3a1723bc0192d1c8aec825c7594c2c697e1f70400bab9ff5da139d22f3aab9c0,NEW,,0
https://cafef.vn/chinh-thuc-tu-hom-nay-agribank-vietcombank-bidv-vpbank-mb-dung-giao-dich-rut-va-chuyen-tien-voi-nhom-khach-hang-nay-188260101075307147.chn,2026-01-01 07:52:00,2026,1,2026-06-07 05:22:37.018625,014fef2218e3caf2748cb8b5d775907a864da86c9a8b8f379087484dc9e1b977,NEW,,0
https://cafef.vn/5-sai-lam-khi-mua-bac-188251231143353232.chn,2025-12-31 22:34:00,2025,12,2026-06-07 05:22:37.073727,8f6b9225e123ba558e370232c0e945554da32bcfc1ac9989bc79567f53db3521,NEW,,0
https://cafef.vn/ngan-hang-canh-bao-rui-ro-giao-dich-the-truc-tuyen-dip-cuoi-nam-188251231145004215.chn,2025-12-31 15:20:00,2025,12,2026-06-07 05:22:37.133710,795e43c76e83e40e3902543487a24f483f131055424459ac4601de64b1872b57,NEW,,0
https://cafef.vn/khach-mua-vang-tai-sjc-trong-hom-nay-chu-y-188251231145252672.chn,2025-12-31 14:53:00,2025,12,2026-06-07 05:22:37.186360,30dc803ef0e693dbdfb87e9b7a9bebcb1e7fc047dd72ad030a10f99808c5540e,NEW,,0
https://cafef.vn/tai-khoan-mb-cua-nguoi-phu-nu-lao-cai-vua-nhan-duoc-300-trieu-dong-khong-lau-sau-co-cong-an-toi-gap-188251231143542073.chn,2025-12-31 14:36:00,2025,12,2026-06-07 05:22:37.240692,c76550a2e6b461394436e708ac48864a83505f843e32603c95838f01599d8ba3,NEW,,0
https://cafef.vn/nguoi-mua-san-pham-tai-phu-quy-luu-y-thong-bao-khan-tu-doanh-nghiep-nay-188251231140321118.chn,2025-12-31 14:03:00,2025,12,2026-06-07 05:22:37.297970,3a8388044e2c87596908a26ca669d48a77432a6df1f6dbee5ce1b038ca5aeb3c,NEW,,0
https://cafef.vn/sap-toi-nguoi-mua-vang-bi-phat-toi-20-trieu-dong-neu-vi-pham-dieu-nay-188251231102050804.chn,2025-12-31 10:22:00,2025,12,2026-06-07 05:22:37.351976,4031eee20dc3794e32dfa85a8eb7e46d76d59600cc5190d96ba1a096567b52ba,NEW,,0
https://cafef.vn/nguoi-dan-o-at-gui-tien-ngan-hang-phai-thong-bao-ket-thuc-som-khuyen-mai-188251231100230816.chn,2025-12-31 10:02:00,2025,12,2026-06-07 05:22:37.404596,7bf8161b3f2ef79009f77104953026d4fd42546e7143a710eebd88f4615e7aee,NEW,,0
https://cafef.vn/xo-so-mien-nam-them-1-dai-ly-treo-thong-bao-tim-nguoi-trung-doc-dac-28-ti-dong-188251231094212896.chn,2025-12-31 09:42:00,2025,12,2026-06-07 05:22:37.462991,d69044ffbdec6ffc12e0a18ef6cca653e6b7299d99d24d86067036816dc66f38,NEW,,0
https://cafef.vn/tu-ngay-mai-vietcombank-vietinbank-agribank-se-tam-ngung-toan-bo-giao-dich-rut-chuyen-tien-doi-voi-truong-hop-sau-188251231071904493.chn,2025-12-31 09:03:00,2025,12,2026-06-07 05:22:37.517341,c92b67a88e1b5e7c8056d10e2a1adfc0b5b131603fbb0879a75eb34dec9a828b,NEW,,0
https://cafef.vn/ngay-mai-tai-khoan-agribank-vietcombank-vietinbank-vpbank-mb-shb-bi-tam-ngung-giao-dich-chuyen-tien-rut-tien-trong-truong-hop-sau-188251231065051185.chn,2025-12-31 06:50:00,2025,12,2026-06-07 05:22:37.571546,ce3147fcdfbd8249e1cf52fe4c6c2c7e870129225bb0a9a2e2094a6dc34dc9ca,NEW,,0
https://cafef.vn/tao-website-gia-mao-ngan-hang-cho-duong-day-lua-dao-o-campuchia-vo-thanh-tuyen-va-tran-thi-phuong-anh-bi-khoi-to-188251230213001379.chn,2025-12-31 00:00:00,2025,12,2026-06-07 05:22:37.636558,ee78ffa422d5753d09a43246c86706b9c00485e5ee7ca413371a771422bd8761,NEW,,0
https://cafef.vn/hoi-dong-xo-so-kien-thiet-mien-nam-co-thong-bao-khan-ve-thi-truong-kinh-doanh-ve-so-188251229152818467.chn,2025-12-30 22:50:00,2025,12,2026-06-07 05:22:37.692008,9074b9755475b159308092d0083645eeb9289812a6750ae58b08aa742aacffc4,NEW,,0
https://cafef.vn/cong-an-canh-bao-khan-den-nguoi-sap-nhan-400-nghin-dong-qua-tet-188251230203251252.chn,2025-12-30 20:32:00,2025,12,2026-06-07 05:22:37.746470,2e1959375dc751452d2cda5f210623e9f4530bcc2b2d8c03638a01a53ab6c95b,NEW,,0
https://cafef.vn/ngan-hang-da-duyet-cho-vay-nhung-nhan-vien-khong-chuyen-tien-vao-tai-khoan-khach-hang-hon-600-trieu-dong-bi-chiem-doat-188251230160637995.chn,2025-12-30 16:07:00,2025,12,2026-06-07 05:22:37.800811,6ce29cb34b442098db469fc98ce195d2587f0056b67dc1ed4759030589cbdf4e,NEW,,0
https://cafef.vn/tai-khoan-dot-ngot-nhan-470-trieu-chuyen-nham-bi-phong-toa-khan-cap-bi-kien-ra-toa-va-phai-ganh-them-an-phi-188251230145321712.chn,2025-12-30 16:02:00,2025,12,2026-06-07 05:22:37.857967,2a7120fddbc5117fa52491fd011946e79623a335d0d4dc5acf57f4d3cd2fa9d9,NEW,,0
https://cafef.vn/tu-5-1-2026-ngan-hang-se-dong-bang-toan-bo-giao-dich-online-doi-voi-nhung-chu-the-sau-188251230113229327.chn,2025-12-30 11:33:00,2025,12,2026-06-07 05:22:37.912176,7c1516884f7ba50a0fc17ce1c9453e65e5cc4a1582a20c7581d9b999cb0db71f,NEW,,0
https://cafef.vn/tu-5-1-vietinbank-se-tam-dung-mot-so-giao-dich-tren-ung-dung-neu-khach-hang-chua-thuc-hien-yeu-cau-nay-188251230101915412.chn,2025-12-30 11:15:00,2025,12,2026-06-07 05:22:37.984057,dcdf3997da4550d5524b003910e930039d66820c2565290ceb964560348e7a6e,NEW,,0
https://cafef.vn/vietcombank-agribank-bidv-vietinbank-mb-dong-loat-phat-thong-bao-ve-thoi-gian-gian-doan-giao-dich-khach-hang-can-luu-y-188251230095810148.chn,2025-12-30 09:57:00,2025,12,2026-06-07 05:22:38.039565,5530384ec6b2f55e42937ad183c1c11de5cf49da5c4a9384f40a137aec8cb173,NEW,,0
https://cafef.vn/nhnn-da-trinh-chinh-phu-ho-so-nghi-dinh-ve-hoat-dong-cung-ung-dich-vu-tien-di-dong-188251230092702249.chn,2025-12-30 09:26:00,2025,12,2026-06-07 05:22:38.095860,00cbdbb0284f533160d8194101711c42ce698e87887a617d7c7d273b1b3c5f04,NEW,,0
https://cafef.vn/nguoi-viet-mat-gan-40000-ty-dong-vi-lua-dao-truc-tuyen-188251230090800331.chn,2025-12-30 09:07:00,2025,12,2026-06-07 05:22:38.152527,37ef45b243f531991ba97be14c3183b57f45c74ad82b857561b43a4d095df790,NEW,,0
https://cafef.vn/agribank-bidv-dong-loat-huong-dan-lien-ket-tai-khoan-de-nhan-400000-dong-tren-vneid-188251229184814611.chn,2025-12-29 19:15:00,2025,12,2026-06-07 05:22:38.206689,b5e630192900c057e5f199fe941788491cbd35e3e7842272f356a76b358f65bf,NEW,,0
https://cafef.vn/dung-mua-bac-khi-chua-biet-dieu-nay-188251229135203462.chn,2025-12-29 15:19:00,2025,12,2026-06-07 05:22:38.308245,a38b5e07a1519c2bde0a9763b13332c694368d11d6cbb2b1d5d1ed640a5c2581,NEW,,0
https://cafef.vn/cong-an-dac-biet-luu-y-nguoi-co-thoi-quen-chuyen-khoan-ngay-sau-khi-nhan-cuoc-goi-tin-nhan-tu-shipper-188251229151117553.chn,2025-12-29 15:12:00,2025,12,2026-06-07 05:22:38.361826,eb7d7794e648414656a7f6398447d033b7411e9d8daf9874f9b70481111bada2,NEW,,0
https://cafef.vn/hang-trieu-nguoi-sap-nhan-400000-dong-qua-tet-cach-kiem-tra-vi-sao-tai-khoan-an-sinh-xa-hoi-chua-lien-ket-duoc-ngan-hang-18825122912352152.chn,2025-12-29 12:35:00,2025,12,2026-06-07 05:22:38.417221,2c949a7eb4373a1ed04ae5f2d205c1bf8d45e256d20f4483dd83294d456f42f5,NEW,,0
https://cafef.vn/cong-an-lien-tiep-phat-canh-bao-nguoi-gui-tiet-kiem-lai-cao-nguoi-thuong-xuyen-chuyen-khoan-qua-ma-qr-188251229101714275.chn,2025-12-29 10:16:00,2025,12,2026-06-07 05:22:38.470456,5203f7828be7a6086be18e64df0cdca1dbbf8aaad7f5688191d530bf7716da1f,NEW,,0
https://cafef.vn/rui-ro-tu-bay-vay-tra-gop-tai-cac-phong-tap-gym-188251227151640617.chn,2025-12-29 07:43:00,2025,12,2026-06-07 05:22:38.523894,4859b321aed5592b9ac9e6b3a54a0f2ff97344dc798a1210417fe3bdc3959025,NEW,,0
https://cafef.vn/duong-day-lua-dao-hon-1000-bi-hai-chiem-doat-120-ty-hoat-dong-tinh-vi-the-nao-188251228212014232.chn,2025-12-28 22:12:00,2025,12,2026-06-07 05:22:38.577327,2ffa19e7e640171d844025dc9c372c782ca0961329836a8b7fe40d7e4af148d5,NEW,,0
https://cafef.vn/cong-an-ghi-nhan-nhieu-truong-hop-nguoi-dan-bi-chiem-doat-tien-trong-tai-khoan-ngan-hang-ma-khong-he-phat-hien-188251228163848331.chn,2025-12-28 16:38:00,2025,12,2026-06-07 05:22:38.633311,418afb20d021bc067b96615ed94268a2a48d34f52b8212614664be67f3cd78f8,NEW,,0
https://cafef.vn/gia-vang-tang-manh-vi-sao-nhieu-nguoi-nam-giu-ma-van-run-tay-18825122815484128.chn,2025-12-28 15:48:00,2025,12,2026-06-07 05:22:38.687681,219562ae5c0a4fa42ecea5af2c2e41c4231cc0c1c3f699ed47963cdb9edc22c5,NEW,,0
https://cafef.vn/cong-an-lien-he-thanh-nien-2006-xac-nhan-tai-khoan-ngan-hang-nhan-duoc-hon-20-trieu-lien-duoc-moi-phoi-hop-lam-viec-188251228154826531.chn,2025-12-28 15:48:00,2025,12,2026-06-07 05:22:38.741960,c8257afb5ce355440d7dd7d374a737199b14f8b3aef0fdb79eac05415f9edf41,NEW,,0
https://cafef.vn/hop-tac-xa-mua-nam-tu-nong-dan-ve-lam-sach-dong-goi-roi-ban-cho-bach-hoa-xanh-ke-khai-nop-thue-nhu-the-nao-188251228121949329.chn,2025-12-28 12:19:00,2025,12,2026-06-07 05:22:38.795750,96fc0ff5ae792c7a3d7359b4cc82167d4ce253fc4d1b42216ffd5e7c16187613,NEW,,0
https://cafef.vn/ts-le-xuan-nghia-cac-giao-dich-chuyen-tien-thanh-toan-deu-de-lai-du-lieu-khi-bi-ro-ri-co-the-gay-thao-tung-thi-truong-bat-on-tai-chinh-188251228092845714.chn,2025-12-28 09:26:00,2025,12,2026-06-07 05:22:38.850578,c353dbcc9d1049f27d59ecd6e4b638e555856455c4815bbb1953b31923925371,NEW,,0
https://cafef.vn/tu-thu-nam-tuan-toi-ngan-hang-se-dung-toan-bo-giao-dich-doi-voi-truong-hop-khach-hang-sau-188251228090105055.chn,2025-12-28 08:57:00,2025,12,2026-06-07 05:22:38.907082,757bf8c3531fe27a09739825daef8925d94b388a7e477c7be71e695eaee582aa,NEW,,0
https://cafef.vn/thuong-tet-2026-cao-nhat-o-dong-nai-la-840-trieu-dong-188251228074037036.chn,2025-12-28 08:16:00,2025,12,2026-06-07 05:22:38.961059,fc4c4f0725736a11240978e7840d8ad3fbd9021b60836b8ad0a4eab9d70e5e5f,NEW,,0
https://cafef.vn/chu-tai-khoan-qua-doi-khong-de-lai-di-chuc-500-trieu-dong-tien-gui-nam-im-trong-ngan-hang-5-nam-188251227092240613.chn,2025-12-27 15:18:00,2025,12,2026-06-07 05:22:39.024303,8145c1b1cab8365cc34163a8ded9a2ece61de05ee9b51124d851836d59538a07,NEW,,0
https://cafef.vn/cac-ngan-hang-trung-uong-the-gioi-dang-quay-lai-gom-vang-188251227092257438.chn,2025-12-27 09:22:00,2025,12,2026-06-07 05:22:39.084635,2121d2cee63357b4c43088fcefd69eb4e99a9ce02b979ab21bdfdba4a9b5fd22,NEW,,0
https://cafef.vn/thuong-tet-cao-nhat-tai-tp-ho-chi-minh-hon-184-ti-dong-188251227091604705.chn,2025-12-27 09:15:00,2025,12,2026-06-07 05:22:39.147368,b620e803d664def5809c49fc537e7305f7a7975cc7ca452aae57dbf490044968,NEW,,0
https://cafef.vn/hoa-don-tren-5-trieu-phai-chuyen-khoan-moi-duoc-khau-tru-thue-thu-mua-bap-kho-mi-lat-tu-nong-dan-khong-co-tai-khoan-ngan-hang-thanh-toan-the-nao-18825122616545013.chn,2025-12-26 20:38:00,2025,12,2026-06-07 05:22:39.267266,11acecda169d4efd4d6a8dba6dee5b754590a897ba47653938f8bfe2118ab97f,NEW,,0
https://cafef.vn/nguoi-phu-nu-den-ngan-hang-yeu-cau-chuyen-khoan-50-trieu-dong-vao-stk-7228082000-tai-bidv-nhung-nhan-vien-lai-bao-cong-an-188251226165020372.chn,2025-12-26 16:51:00,2025,12,2026-06-07 05:22:39.318999,6df2795c0f32e1626ca0c06ec3ac619b0070de888733b5888dc665fa434c753c,NEW,,0
https://cafef.vn/cong-an-canh-bao-khan-den-nguoi-gui-tien-tiet-kiem-188251226145145776.chn,2025-12-26 14:52:00,2025,12,2026-06-07 05:22:39.373361,339d45270f2b11a9dbae33ba36ff3c726298fe59d8a19eaf3ef9e3cf526efa57,NEW,,0
https://cafef.vn/mua-soi-cat-da-tu-cac-mo-khong-co-hoa-don-dau-vao-chu-doanh-nghiep-tim-cach-hop-thuc-hoa-chung-tu-nham-lach-thue-ket-qua-vuong-vao-lao-ly-188251226111730371.chn,2025-12-26 11:18:00,2025,12,2026-06-07 05:22:39.426411,dbd15d0b4785b5b629afbccdf16002673a66ccad755f7cf2d03ffe83c32c475b,NEW,,0
https://cafef.vn/dau-nam-2026-nen-do-tien-vao-vang-tiet-kiem-hay-chung-khoan-18825122610394248.chn,2025-12-26 10:39:00,2025,12,2026-06-07 05:22:39.479911,7273f52d10b70dba30749cd6412cd127973d00c6a8558a17d68da0bd6414853c,NEW,,0
https://cafef.vn/cong-nghe-7-6-ios-27-va-nhung-buoc-tien-ai-manh-me-cua-apple-tai-wwdc-188260607085553065.chn,2026-06-07 10:30:00,2026,6,2026-06-07 05:22:51.370425,bf7a068bafd0acaa0175dc9211b04fa877daca8de6db8fe34966fd5a07d39ced,PROCESSED,2026-06-07T06:24:52.070816,0
https://cafef.vn/14-nam-nghien-cuu-co-the-chi-con-18-thang-ai-cua-google-dang-day-nganh-duoc-toi-cuoc-cach-mang-chua-tung-co-188260607080613487.chn,2026-06-07 09:48:00,2026,6,2026-06-07 05:22:51.419586,3184a9fa688d0954d9e9c5edd1f6a9cb1e34073d0e1a540ba110571af81db808,PROCESSED,2026-06-07T06:24:52.070868,0
https://cafef.vn/trung-tam-du-lieu-ai-dau-tien-o-apac-dat-chuan-uptime-tier-iii-voi-sieu-may-chu-nvidia-h200-188260607071019338.chn,2026-06-07 09:18:00,2026,6,2026-06-07 05:22:51.507386,82abe5f3c357e2cdc77f1ff94739e7510d809ad63c0df5fefcd02159d5f48f78,PROCESSED,2026-06-07T06:24:52.070917,0
https://cafef.vn/triet-pha-nhom-lam-phan-mem-vuot-he-thong-sinh-trac-hoc-ngan-hang-chiem-doat-tien-188260607072050406.chn,2026-06-07 07:31:00,2026,6,2026-06-07 05:22:51.602462,e811131ca784777cea8de76aeb467efa17b30ce4481998408e22b86222939ddd,PROCESSED,2026-06-07T06:24:52.070956,0
https://cafef.vn/tat-ca-nguoi-dan-co-so-do-can-dac-biet-chu-y-188260606212459367.chn,2026-06-06 21:29:00,2026,6,2026-06-07 05:22:51.654041,2d46180b4d8e820930378b35ffcb4d8f4e9c3ab1a0cdb35e17b05c783e1b8536,PROCESSED,2026-06-07T06:24:52.071004,0
https://cafef.vn/cong-an-ha-noi-phat-thong-bao-quan-trong-ve-quy-hoach-mo-duong-188260606162149106.chn,2026-06-06 16:21:00,2026,6,2026-06-07 05:22:51.702486,a024ff36adbd47e321ad031b8c1cdf8f3506956cfdb03bc30b6933140f5a4f3c,PROCESSED,2026-06-07T06:25:53.064232,0
https://cafef.vn/thong-bao-moi-tu-ung-dung-grab-188260606155017151.chn,2026-06-06 16:15:00,2026,6,2026-06-07 05:22:51.752928,4d9ac497f6df393df738f985efb131220b8acf2ea9c40e847c0cbbcc619a5fc7,PROCESSED,2026-06-07T06:25:53.064323,0
https://cafef.vn/quy-dinh-moi-ve-tam-tru-da-chinh-thuc-co-hieu-luc-nguoi-dan-can-nam-ro-188260606154830011.chn,2026-06-06 16:15:00,2026,6,2026-06-07 05:22:51.800114,ba040b10c1d8e0c10675c19fc2c8f93621912db4212ae9de78402df1d5e600ef,PROCESSED,2026-06-07T06:25:53.064358,0
https://cafef.vn/san-xuat-phan-mem-be-sinh-trac-hoc-ngan-hang-5-doi-tuong-bi-khoi-to-188260606133453452.chn,2026-06-06 14:42:00,2026,6,2026-06-07 05:22:51.849457,3b3a64474fa3d8f2c8d46b59a8b331c9fed64900296555f7295c1a2fdb764fd5,PROCESSED,2026-06-07T06:25:53.064392,0
https://cafef.vn/gap-tong-bi-thu-chu-tich-nuoc-cuu-ceo-google-muon-ho-tro-viet-nam-khai-thac-mo-vang-tri-gia-5000-ty-usd-188260606131954621.chn,2026-06-06 14:00:00,2026,6,2026-06-07 05:22:51.900558,38109716d1d87b6c7873262026f352157a6d478620db2233a17f4ca4857f81e0,PROCESSED,2026-06-07T06:25:53.064428,0
https://cafef.vn/tat-ca-nguoi-dan-tuyet-doi-khong-nhan-don-hang-ship-trong-truong-hop-nay-18826060613175365.chn,2026-06-06 14:00:00,2026,6,2026-06-07 05:22:51.948734,d06061cec812d29458836cf0c012cc5ad421d88b54bd494c62a26095ffc448a5,PROCESSED,2026-06-07T06:25:53.064463,0
https://cafef.vn/cong-cu-ai-tu-dong-tao-nhieu-truy-cap-internet-hon-con-nguoi-188260606110912682.chn,2026-06-06 13:30:00,2026,6,2026-06-07 05:22:51.999978,a7de78383be168b3bc237942422c928ebe3025a20adb6ad79d2557570bf055c5,PROCESSED,2026-06-07T06:25:53.064498,0
https://cafef.vn/cong-nghe-6-6-kham-pha-cong-nghe-cua-trong-luc-va-pin-sieu-manh-duoi-long-dat-188260606090409019.chn,2026-06-06 10:45:00,2026,6,2026-06-07 05:22:52.049511,abd2fb128b06e8c7eed65e2d74a92d92d79e220b0bc0aadf44c3a8a3f8ad8b2f,PROCESSED,2026-06-07T06:25:53.064532,0
https://cafef.vn/khi-ca-nganh-internet-trung-quoc-thu-hep-dau-tu-tencent-lai-am-tham-xay-de-che-ai-duoc-pham-suot-hon-10-nam-188260606072910154.chn,2026-06-06 10:10:00,2026,6,2026-06-07 05:22:52.099564,6b6a8d110675d742c44b74533c66d8ee1d2c9a371cde8e9d0d122ee4c254adea,PROCESSED,2026-06-07T06:26:47.318768,0
https://cafef.vn/rui-ro-lon-nhat-cua-ai-khong-phai-cuop-viec-nguoi-lao-dong-sam-altman-va-hang-loat-ceo-cong-nghe-canh-bao-ve-moi-de-doa-toan-cau-moi-188260606073032001.chn,2026-06-06 09:39:00,2026,6,2026-06-07 05:22:52.148899,c70ac58d507344896a56717e20603dc06531a2daafd5e312c56b7e71fc152e56,PROCESSED,2026-06-07T06:26:47.318820,0
https://cafef.vn/dung-ai-microsoft-tao-nen-chip-luong-tu-on-dinh-nhat-tu-truoc-den-nay-gap-1000-lan-truoc-day-188260606073337528.chn,2026-06-06 08:15:00,2026,6,2026-06-07 05:22:52.200320,e902d72faf8abe4b6b6f6084d3cfaee0b9dfc3a92c8d3de16d66f656426f6691,PROCESSED,2026-06-07T06:26:47.318861,0
https://cafef.vn/bi-lua-hang-tram-trieu-dong-vi-dau-tu-xuat-khau-trai-cay-qua-mang-xa-hoi-188260605165001425.chn,2026-06-06 07:28:00,2026,6,2026-06-07 05:22:52.249721,a6b700ba6498068d661ba6ee86f2f20dae9f9a920b2ce6fdc7b68183509a9490,PROCESSED,2026-06-07T06:26:47.318900,0
https://cafef.vn/ceo-cloudflare-thua-nhan-dieu-chua-tung-co-trong-lich-su-internet-bot-ai-da-vuot-mat-con-nguoi-som-hon-du-doan-18826060521533493.chn,2026-06-05 22:02:00,2026,6,2026-06-07 05:22:52.307317,983b85f68660719a8e2100042360e3686054ef85acb578c3769d4a6d7b91d987,PROCESSED,2026-06-07T06:26:47.318934,0
https://cafef.vn/phat-hien-thu-doan-lua-dao-moi-co-the-vuot-qua-sinh-trac-hoc-chiem-doat-tai-khoan-ngan-hang-cua-nguoi-dan-188260605174515146.chn,2026-06-05 17:45:00,2026,6,2026-06-07 05:22:52.364556,fce9f5697972d263665ed5a38ed00aff8e7d263c96c000fe0275968d82ed799e,PROCESSED,2026-06-07T06:26:47.319044,0
https://cafef.vn/du-do-qua-mang-bang-vo-boc-phu-nu-thanh-dat-nhom-lua-dao-chiem-doat-365-ty-dong-188260605145636336.chn,2026-06-05 16:31:00,2026,6,2026-06-07 05:22:52.416060,092ba216b2145891f96db5796c5b21052eab1247d9c7a2ebb9cc0fa516f9098d,PROCESSED,2026-06-07T06:26:47.319083,0
https://cafef.vn/khach-mua-121-don-roi-hoan-tra-shipper-phai-den-hon-35-trieu-dong-thu-doan-lua-dao-moi-cuc-ky-tinh-vi-188260605155310252.chn,2026-06-05 15:57:00,2026,6,2026-06-07 05:22:52.466339,404643aaf47a50d2479924ce8f14cc436eb5c4e5a4fff7fd65a1673f7349c9f1,PROCESSED,2026-06-07T06:27:38.620412,0
https://cafef.vn/chuyen-khoan-thanh-cong-500-trieu-dong-cho-nam-thanh-nien-nguoi-phu-nu-sn-1963-nhan-tin-bat-ngo-khi-trinh-bao-cong-an-188260605153033103.chn,2026-06-05 15:30:00,2026,6,2026-06-07 05:22:52.516776,029f504d63b7d2332fe839c3b6abfa8790231385fc9aecb7402d3265112586fb,PROCESSED,2026-06-07T06:26:47.322307,0
https://cafef.vn/nguoi-phu-nu-o-dong-nai-bi-cuon-vao-thu-doan-du-do-tinh-cam-188260605135544807.chn,2026-06-05 14:26:00,2026,6,2026-06-07 05:22:52.566683,c06bd3af85ac3568990b2def8199182e78f041e886821ea1f2925a6f7a8e8d7e,PROCESSED,2026-06-07T06:27:38.620488,0
https://cafef.vn/thuc-day-thanh-toan-thong-minh-va-ket-noi-thanh-toan-so-cho-doanh-nghiep-viet-nam-188260605145411001.chn,2026-06-05 13:53:00,2026,6,2026-06-07 05:22:52.617292,9f71e84d0b2530f64527d59477344ac7a192ba0ce0504db9645db5ea939badcb,PROCESSED,2026-06-07T06:27:38.620522,0
https://cafef.vn/cong-an-cac-dia-phuong-se-cung-ra-soat-giao-dich-chuyen-khoan-cua-nguoi-dan-trong-truong-hop-sau-188260605133517633.chn,2026-06-05 13:35:00,2026,6,2026-06-07 05:22:52.666634,482b21710e0f4eae0ae4cdcdd1443ee6c7ac255549953749e3de5e90bf692dde,PROCESSED,2026-06-07T06:27:38.623975,0
https://cafef.vn/cmc-bo-nhiem-ceo-moi-tang-toc-chien-luoc-chuyen-doi-ai-toan-cau-188260605122751009.chn,2026-06-05 12:27:00,2026,6,2026-06-07 05:22:52.715414,3fc30ae6c8c306a3964bf0c87cb373f64fc3fa5175b7098142221072b1a05531,PROCESSED,2026-06-07T06:27:38.624092,0
https://cafef.vn/ai-bia-hon-4000-trich-dan-trong-gan-3000-bai-bao-khoa-hoc-188260605105654697.chn,2026-06-05 11:50:00,2026,6,2026-06-07 05:22:52.770363,32a2fb8026e77ae0ce2870a8ce62be69bdb22e6c8f059ccfed13a94c5115df08,PROCESSED,2026-06-07T06:27:38.624146,0
https://cafef.vn/robot-hinh-nguoi-nhay-nhac-lady-gaga-tren-san-khau-americas-got-talent-gay-bao-tai-my-188260605111808291.chn,2026-06-05 11:43:00,2026,6,2026-06-07 05:22:52.832068,33d3a2c0bad7ccbf56d1bca5d6a1b53dbab4a484a90d142654090030321dd8c7,PROCESSED,2026-06-07T06:28:30.816847,0
https://cafef.vn/sau-ai-gioi-dau-tu-trung-quoc-do-hang-trieu-usd-vao-cong-nghe-co-the-chua-benh-chi-bang-mot-lan-can-thiep-188260605075016281.chn,2026-06-05 09:47:00,2026,6,2026-06-07 05:22:52.881673,50ed1f4b04470999b7299f63e6740f99df6fb1b75a6aad17b3b02c8140c0bb38,PROCESSED,2026-06-07T06:28:30.816894,0
https://cafef.vn/nguoi-dung-etax-mobile-can-chu-y-thong-tin-nay-188260605091740683.chn,2026-06-05 09:24:00,2026,6,2026-06-07 05:22:52.935393,bb5089f43aa8bc47815cd3949ae8ab7a1e1cc3e97b7bcbd79cc7c5a6c45563e1,PROCESSED,2026-06-07T06:28:30.816926,0
https://cafef.vn/wwdc-2026-the-gioi-cho-doi-lan-chu-tri-cuoi-cung-cua-tim-cook-188260605083526821.chn,2026-06-05 09:10:00,2026,6,2026-06-07 05:22:52.986993,32cacfb7b7c846a96f636184367655706761555e7aed482107682d531b96c6b6,PROCESSED,2026-06-07T06:28:30.816953,0
https://cafef.vn/cong-nghe-5-6-viettel-ai-tang-cuong-suc-manh-voi-mo-hinh-ngon-ngu-120b-tham-so-188260605074535525.chn,2026-06-05 08:26:00,2026,6,2026-06-07 05:22:53.037333,5487ac5ea0ac102d576bf11ac3c4524e6d70a0b17104f7ee0659bb3e0505bdd0,PROCESSED,2026-06-07T06:28:30.816984,0
https://cafef.vn/simon-song-tu-tro-ly-cua-ong-lon-ai-den-nha-sang-lap-ky-lan-thu-2-duoc-dinh-gia-ty-usd-truoc-tuoi-30-188260605071339442.chn,2026-06-05 07:51:00,2026,6,2026-06-07 05:22:53.088270,e05e7d1d9a14ecfd0d96de0071e7f38446fb51333630f2e3b07b5e13811b8b78,PROCESSED,2026-06-07T06:31:19.100281,0
https://cafef.vn/thong-tin-ve-tin-nhan-qua-zalo-ma-nguoi-dan-can-nam-ro-188260605001607738.chn,2026-06-05 07:20:00,2026,6,2026-06-07 05:22:53.139475,4aaf89dc71ad9351124cce617befcc4f7514cc1ea3ad560125e626e820701e26,PROCESSED,2026-06-07T06:31:19.100420,0
https://cafef.vn/sau-gan-8-thang-tai-khoan-ngan-hang-phat-sinh-giao-dich-16-trieu-dong-nguoi-phu-nu-o-nghe-an-phai-den-cong-an-trinh-bao-188260604184741953.chn,2026-06-04 19:18:00,2026,6,2026-06-07 05:22:53.190842,1666a43c3121b9d208ea49fc91bb7b37ff8e63129ee6b17e595faef52414927c,PROCESSED,2026-06-07T06:31:19.100469,0
https://cafef.vn/hai-quyet-dinh-mo-duong-cho-phat-trien-cong-nghe-chien-luoc-cua-viet-nam-188260604170350277.chn,2026-06-04 19:18:00,2026,6,2026-06-07 05:22:53.240409,ad2c4009653deeb17405dedf956a22cb160a47bb2e8a708a7cef4bd089dc0c48,PROCESSED,2026-06-07T06:31:19.100630,0
https://cafef.vn/thong-tin-moi-ve-viec-xuc-tien-dau-tu-cua-viettel-188260604170725473.chn,2026-06-04 17:54:00,2026,6,2026-06-07 05:22:53.289990,ca58985157ec94e51acab1c3e2df3d7ce7434866fa0480ad0ed58dfbe169de1d,PROCESSED,2026-06-07T06:31:19.100892,0
https://cafef.vn/nguoi-dung-nhieu-sim-phai-xac-thuc-tat-ca-cac-so-dang-su-dung-188260604171015596.chn,2026-06-04 17:30:00,2026,6,2026-06-07 05:22:53.339817,68eee40075fb949d1aa69cc9a6e543b94380779209ebf41e86671ea5215506b1,PROCESSED,2026-06-07T06:32:06.635391,0
https://cafef.vn/hang-tram-nha-toan-hoc-da-ky-tuyen-ngon-leiden-nham-phan-doi-su-lam-dung-ai-trong-nghien-cuu-188260604161508108.chn,2026-06-04 16:20:00,2026,6,2026-06-07 05:22:53.399520,b49b2dc0be2c81b41604e82074c59fe3c765908c9967cdda6133b31dd5cfeaaf,PROCESSED,2026-06-07T06:32:06.635451,0
https://cafef.vn/loi-khuyen-cho-tat-ca-nhung-ai-hay-goi-dien-thoai-qua-zalo-188260604152910559.chn,2026-06-04 15:51:00,2026,6,2026-06-07 05:22:53.449072,eea762f084bfcf662a27cf62b87506340fb0f60869cb604ec5b9141dac5b69ec,PROCESSED,2026-06-07T06:32:06.635501,0
https://cafef.vn/tin-vui-cho-hang-trieu-nguoi-dung-gemini-mien-phi-188260604152845586.chn,2026-06-04 15:30:00,2026,6,2026-06-07 05:22:53.498297,decf748bb18aeb8b78ccff56d0264d77b444682179fa3ef6ef01667472d10766,PROCESSED,2026-06-07T06:32:06.635549,0
https://cafef.vn/vu-xiaomi-bi-viet-nam-xu-phat-khong-phai-lan-dau-mo-am-tung-bi-to-du-thu-tu-quang-cao-rac-den-chat-luong-sai-su-that-188260604143632252.chn,2026-06-04 15:30:00,2026,6,2026-06-07 05:22:53.547953,293921143a58eb9fd322c6e4e92ec078f96ace8bb8d2b822d17136a214b4293f,PROCESSED,2026-06-07T06:33:05.466360,0
https://cafef.vn/dai-dien-cuc-thue-tiet-lo-giai-phap-moi-co-the-ngan-chan-hang-loat-cong-ty-ma-188260604143331729.chn,2026-06-04 15:30:00,2026,6,2026-06-07 05:22:53.597130,147d83b5f794f87d4e1dfaa57a7a16d656377f9d56d9c493cdd8bef172675ab8,PROCESSED,2026-06-07T06:33:05.466404,0
https://cafef.vn/nhieu-nguoi-mat-hang-chuc-trieu-dong-vi-sap-bay-chieu-ho-tro-hoan-tien-khi-dat-phong-online-188260604140159764.chn,2026-06-04 14:55:00,2026,6,2026-06-07 05:22:53.648062,461484c70e5cfc832171b2d475bacd24ab667a4b58270057f114103147549070,PROCESSED,2026-06-07T06:33:05.466437,0
https://cafef.vn/nong-tinh-trang-lanh-dao-ngan-hang-can-bo-rom-dai-dien-bo-cong-an-gui-khuyen-nghi-den-toan-dan-188260604143956102.chn,2026-06-04 14:39:00,2026,6,2026-06-07 05:22:53.698552,0ebdc58e15c064a9e77cd25b33bd007462f59d6b2e0552806dc2825701372d77,PROCESSED,2026-06-07T06:33:05.466530,0
https://cafef.vn/khan-truong-trien-khai-cong-nghe-chien-luoc-phan-dau-co-san-pham-cu-the-trong-nam-2026-188260604140339032.chn,2026-06-04 14:28:00,2026,6,2026-06-07 05:22:53.749611,d3f1a6dd1847df537c3bff151b51d4aa50f7b08e25bd6410f585a9729fbbfe56,PROCESSED,2026-06-07T06:33:05.466564,0
https://cafef.vn/cong-khai-tthc-da-duoc-cat-giam-don-gian-hoa-tren-co-so-du-lieu-quoc-gia-ve-tthc-188260604140533669.chn,2026-06-04 14:08:00,2026,6,2026-06-07 05:22:53.798951,0f2ad63aef916360268ea909e6f28aa641e56614d072a93af426c83a909ccbf5,PROCESSED,2026-06-07T06:33:05.467749,0
https://cafef.vn/microsoft-bat-tay-ga-khong-lo-y-te-ky-nguyen-bac-si-ai-chinh-thuc-bat-dau-188260604092241496.chn,2026-06-04 13:31:00,2026,6,2026-06-07 05:22:53.847996,3bb7b1190e44747499e38f3d19cd926c044b7d0353259e4fae0084c25a7952ed,PROCESSED,2026-06-07T06:33:05.467799,0
https://cafef.vn/ong-do-cao-bao-viet-nam-da-che-tao-xuat-khau-nhung-co-may-khong-lo-khap-the-gioi-vay-ma-van-co-nguoi-noi-chung-ta-khong-lam-noi-con-oc-vit-188260604122555619.chn,2026-06-04 12:25:00,2026,6,2026-06-07 05:22:53.905561,2432f029b07f7ce83a181526ad00b3486c29d713f5cf337917527b4055c23593,PROCESSED,2026-06-07T06:33:05.467834,0
https://cafef.vn/nhieu-nha-ban-hang-lo-so-bi-khoa-livestream-vi-no-tot-nhat-xin-nhat-188260604102646205.chn,2026-06-04 11:30:00,2026,6,2026-06-07 05:22:53.954396,2cfdb2abfc09e62a21be2e4eea19dd97c77dfc0e9aaff09b8940e3f53bb39b3c,NEW,,0
https://cafef.vn/bo-cong-an-triet-pha-159-trang-mang-phat-truc-tiep-bong-da-vi-pham-ban-quyen-188260604094347852.chn,2026-06-04 10:51:00,2026,6,2026-06-07 05:22:54.004765,2bf04b2df13d054ad4441c539c9a4e3cfa786aa2f3a069879eaa6de13136dae3,NEW,,0
https://cafef.vn/chatgpt-tro-thanh-ung-dung-can-moc-1-ty-nguoi-dung-nhanh-nhat-lich-su-188260604082715525.chn,2026-06-04 09:34:00,2026,6,2026-06-07 05:22:54.054499,4ec02170bbf4317d7301e20315f3c43702aba7b509c5b6cc865b7d3c9e49bf8c,NEW,,0
https://cafef.vn/tat-ca-nguoi-dan-ha-noi-chu-y-cong-an-su-dung-uav-tuan-tra-tren-khong-cong-nghe-mat-than-nhay-co-nao-18826060407032898.chn,2026-06-04 08:31:00,2026,6,2026-06-07 05:22:54.114077,c4f323633e54416409e2e4bb2b64a92d721846fb9699274e30a9c050838a8840,NEW,,0
https://cafef.vn/mot-ung-dung-dang-khuay-dao-thi-truong-giao-do-an-nhanh-chi-ban-dung-gia-niem-yet-mien-phi-giao-hang-khong-thu-them-tien-dich-vu-188260604072030636.chn,2026-06-04 07:30:00,2026,6,2026-06-07 05:22:54.165627,e1ef56c65fa00e948a20e6c0fc56bea07eacbd3f4adf5f834e7da8018f0014cf,NEW,,0
https://cafef.vn/quy-dinh-moi-lien-quan-den-dang-ky-xe-se-chinh-thuc-ap-dung-tu-ngay-8-6-188260604005527605.chn,2026-06-04 00:55:00,2026,6,2026-06-07 05:22:54.217104,784f9b510f02103242293c862b7bb6db2e47c30033b55606c285918bbcf2511b,NEW,,0
https://cafef.vn/truyen-thong-nuoc-ngoai-nhan-xet-ve-robot-hinh-nguoi-cua-ong-pham-nhat-vuong-buoc-nhay-vot-cua-viet-nam-18826060319570162.chn,2026-06-03 21:29:00,2026,6,2026-06-07 05:22:54.267557,1f4811aa956359abadaa65bb4aba53e834e5159d778f3e03d0fdf949d90134b4,NEW,,0
https://cafef.vn/chuyen-gia-rmit-so-hoa-khien-cac-hanh-vi-gian-lan-dien-ra-nhanh-hon-mo-rong-quy-mo-de-dang-hon-va-kho-phat-hien-hon-nhieu-188260603181039324.chn,2026-06-03 18:32:00,2026,6,2026-06-07 05:22:54.317184,4e5165a2f7137ac7adf5eb183ec698a3a5f3637584ea7f9d22453419af1c9b5d,NEW,,0
https://cafef.vn/thong-tin-moi-ve-cac-so-dien-thoai-co-dau-truoc-day-nhan-tin-den-tat-ca-nguoi-dan-can-nam-ro-188260603181142118.chn,2026-06-03 18:12:00,2026,6,2026-06-07 05:22:54.366979,8b1d42dc1c9481099272f952af5731f14b234a2820610767d03ad4b71c37975c,NEW,,0
https://cafef.vn/cong-an-tphcm-canh-bao-phu-huynh-thich-khoe-giay-khen-len-mang-188260603153558301.chn,2026-06-03 16:49:00,2026,6,2026-06-07 05:22:54.417047,6c5b0bbb389d137c158cd217c3bc56604ebd2184f963a445488cc65d64944616,NEW,,0
https://cafef.vn/ba-ha-thi-nga-neu-khong-chuyen-doi-so-chung-ta-se-tut-lai-phia-sau-188260603145949766.chn,2026-06-03 16:16:00,2026,6,2026-06-07 05:22:54.466661,eb4c4c5f8a3a8809b018d6d5b82e988a55923c911267d96ae4ac7fda8f1bf9d0,NEW,,0
https://cafef.vn/phat-hien-kho-bau-quy-hon-vang-tri-gia-12-ty-dong-an-duoi-gieng-nuoc-thai-188260603141511479.chn,2026-06-03 15:28:00,2026,6,2026-06-07 05:22:54.516661,4b2fa0f94e014d7bfa285af350c9ff29d0c3c53a8c8ae3f7532b6b59a2ca708b,NEW,,0
https://cafef.vn/co-hoi-mua-hang-voi-gia-hoi-khong-tuong-cho-nguoi-dung-thuong-mai-dien-tu-188260603151239865.chn,2026-06-03 15:12:00,2026,6,2026-06-07 05:22:54.566058,a33f1f86b00763dc52e39fcba34cf01556a941c3d96843dd7256fbb091573116,NEW,,0
https://cafef.vn/kham-suc-khoe-xong-du-lieu-se-tu-dong-len-vneid-188260603140958318.chn,2026-06-03 14:43:00,2026,6,2026-06-07 05:22:54.617041,e6d838f4faeb9e0e1992ca62c9b31a63d3da360120009809d9ff20d0efb5f58a,NEW,,0
https://cafef.vn/hang-trieu-thue-bao-di-dong-co-nguy-co-bi-khoa-sim-tu-15-6-chinh-chu-can-lam-gi-188260603130950757.chn,2026-06-03 13:34:00,2026,6,2026-06-07 05:22:54.666447,534918fdd5c879a4b811951c88673844f8f88e275ab5a5011e6a2fcb61373d17,NEW,,0
https://cafef.vn/ong-chu-open-ai-sam-altman-nhung-cong-ty-noi-sa-thai-nhan-vien-vi-ai-dang-ung-dung-ai-it-nhat-188260603111605822.chn,2026-06-03 11:33:00,2026,6,2026-06-07 05:22:54.715844,8301c70bb7356a12da75136a6b2ceca8435839f3ff3d0a03f586e3f6b0f8f1d2,NEW,,0
https://cafef.vn/ceo-lieu-an-nhieu-masayoshi-son-cuoc-cach-mang-ai-lon-hon-gap-50-lan-so-voi-bong-bong-dot-com-188260603110120581.chn,2026-06-03 11:04:00,2026,6,2026-06-07 05:22:54.766567,e35de46bb777345524227ad1ef6a24d7dea8dd022521cd2445a4a2f1d42adb74,NEW,,0
https://cafef.vn/tin-vui-cho-tat-ca-nhung-ai-di-xe-xang-188260603103630808.chn,2026-06-03 10:37:00,2026,6,2026-06-07 05:22:54.816141,45f77c4d74dd1580f2e44786a3915ee8cba951add59c4b4af14b9f3b4726f7d3,NEW,,0
https://cafef.vn/khong-phai-dan-ki-thuat-hay-lao-dong-chan-tay-day-moi-la-nhom-nguoi-de-bi-sa-thai-vi-cac-thuat-toan-ai-188260603085917005.chn,2026-06-03 09:30:00,2026,6,2026-06-07 05:22:54.866081,ce6a636a04b5cb41a96ec3bb7ae45bba63e1601dd94e8bbdb8fff19be98920dc,NEW,,0
https://cafef.vn/cong-an-co-thong-bao-lien-quan-den-ho-chieu-nguoi-dan-can-biet-188260603090216667.chn,2026-06-03 09:07:00,2026,6,2026-06-07 05:22:54.921405,2299a4a4ca9bacda56fc253d656fef4a186d2e0b5589b6c9bd76bb576b0aed88,NEW,,0
https://cafef.vn/cong-nghe-3-6-tri-tue-nhan-tao-dan-dau-tai-microsoft-build-2026-188260603080349289.chn,2026-06-03 08:59:00,2026,6,2026-06-07 05:22:54.975120,b0362df714f5af1a3b342fa3011c9a9a420dbdfb06088a461974ed6acd7bc4c8,NEW,,0
https://cafef.vn/dung-cong-nghe-ngoai-xin-nhung-hong-toan-bo-sau-3-nam-viet-nam-tu-sua-va-thanh-cong-lon-bien-cao-toc-9000-ty-dong-so-huu-ham-cap-dac-biet-thanh-hinh-mau-moi-188260603071018332.chn,2026-06-03 08:52:00,2026,6,2026-06-07 05:22:55.024807,8064217040bebf26dd357d165ad420caecc7cf1633d90412ea9480039805a6f6,NEW,,0
https://cafef.vn/facebook-ban-tra-phi-co-gi-khac-so-voi-tai-khoan-mien-phi-188260603080235739.chn,2026-06-03 08:26:00,2026,6,2026-06-07 05:22:55.077413,5e7af2689454cda468c86620d32c4c5e62382b2b6e5b4ea3a111c0c09624fd3c,NEW,,0
https://cafef.vn/xon-xao-tin-thu-phi-nguoi-dung-dai-dien-facebook-noi-gi-188260602171804142.chn,2026-06-02 18:17:00,2026,6,2026-06-07 05:22:55.129285,f37f02ad3fcf1772a6d86ec16bea5a7044d3a6f3e6d847a531ddf2571521bf14,NEW,,0
https://cafef.vn/co-quan-thue-vua-phat-thong-bao-moi-188260602165144809.chn,2026-06-02 17:44:00,2026,6,2026-06-07 05:22:55.180499,47b7074fc4db4c10ac5252d95734c0cac1c0f7cd5052f30c854e6867addafe31,NEW,,0
https://cafef.vn/pho-thu-tuong-mo-dot-cao-diem-moi-bo-cong-an-day-manh-dieu-tra-vi-pham-quyen-so-huu-tri-tue-188260602165518613.chn,2026-06-02 17:35:00,2026,6,2026-06-07 05:22:55.230526,17f67152da3ec7408c4f72d9d7967caf5bf4241bef5687ca8cd56c822e0ebba0,NEW,,0
https://cafef.vn/nghich-ly-tai-australia-ai-gay-hoa-khien-nganh-phap-ly-qua-tai-188260602101104593.chn,2026-06-02 17:30:00,2026,6,2026-06-07 05:22:55.281810,d25b1d447765d36bd2aad0e46b3bda5c645592501349fe654c35e9fcdc43622a,NEW,,0
https://cafef.vn/xuat-hien-hinh-thuc-thao-tung-tam-ly-tre-em-cuc-ky-nguy-hiem-tren-mang-188260602072135364.chn,2026-06-02 17:00:00,2026,6,2026-06-07 05:22:55.332320,48c58a4b01724b8ef3828870c1111bb2eb05a06591f794cefb8ef1b940745136,NEW,,0
https://cafef.vn/ai-nang-cap-cong-nghe-hien-dai-chua-tung-co-xuat-hien-o-world-cup-2026-188260602133621798.chn,2026-06-02 16:46:00,2026,6,2026-06-07 05:22:55.382590,df9cd9e6d714a3f49d759487415deecc189c3e388ae8181bf25cecd4fe3fd61b,NEW,,0
https://cafef.vn/nguoi-dan-can-chu-y-thong-tin-sau-ve-ho-chieu-keo-gap-rac-roi-khi-xuat-nhap-canh-188260602160144112.chn,2026-06-02 16:05:00,2026,6,2026-06-07 05:22:55.434470,91a4ef99f47df8fe799d83d6db43993a4911bcf4a403272c5531fac779affb79,NEW,,0
https://cafef.vn/ba-ong-lon-nvidia-unitree-va-sharpa-san-xuat-robot-hinh-nguoi-co-the-lap-rap-may-tinh-hay-truyen-tinh-mach-18826060215441122.chn,2026-06-02 16:00:00,2026,6,2026-06-07 05:22:55.483982,10370a7a5ec6fb305efb85e895d58615839fe9eab2e74488cd61318999a3ea04,NEW,,0
https://cafef.vn/xang-e10-vua-ban-dai-tra-bo-cong-thuong-lap-chatbot-giai-dap-cho-nguoi-dan-188260602151633749.chn,2026-06-02 15:35:00,2026,6,2026-06-07 05:22:55.535963,aa608d05294c54c6f297aa5f1b96b4868b136252361f7ad49a1e852397f3dd73,NEW,,0
https://cafef.vn/canh-bao-cau-tra-loi-tu-ai-khong-phai-la-nguon-dang-tin-cay-vi-sao-188260602143926604.chn,2026-06-02 15:05:00,2026,6,2026-06-07 05:22:55.587781,f16ddb8b5aa2189d8ca9da691ab6a76df22c65e56c14062ab50a238177d4ef3f,NEW,,0
https://cafef.vn/ha-noi-bat-giam-doc-cong-ty-cung-17-doi-tuong-giup-quang-cao-web-danh-bac-188260602141720278.chn,2026-06-02 14:32:00,2026,6,2026-06-07 05:22:55.637108,a2cc7f738b93db50457a2cb7b1ac0232cae0efa9461d8d6f24bd8394c74a56d7,NEW,,0
https://cafef.vn/bat-ong-trum-duong-day-seo-cho-website-co-bac-thu-loi-hang-ti-dong-188260602133828298.chn,2026-06-02 14:30:00,2026,6,2026-06-07 05:22:55.686715,a0e537680287e6d2637e94c5e4bf7d605a25284e36d4355b3e5537f5698fa19d,NEW,,0
https://cafef.vn/thay-doi-3-cai-dat-tren-iphone-de-giai-phong-dung-luong-luu-tru-an-188260602133440786.chn,2026-06-02 14:09:00,2026,6,2026-06-07 05:22:55.737262,41898a6331adc4f284da882f5b5914dc5bcc414fec14c4a972a09496328a03e6,NEW,,0
https://cafef.vn/canh-bao-cho-nhung-ai-thich-nhan-tin-treu-lai-lua-dao-ban-dau-nghi-la-vui-nhung-sau-do-phai-hoi-han-188260602111422906.chn,2026-06-02 13:33:00,2026,6,2026-06-07 05:22:55.787397,60fcb4af1b7cb77df797bafd4ab4a173ef5f9f7ee2538c4ff2478373dc1f03d8,NEW,,0
https://cafef.vn/meta-ai-de-dai-den-muc-ngo-nghech-nhiet-tinh-giup-hacker-chiem-tai-khoan-instagram-cua-nguoi-dung-khi-duoc-nho-va-188260602091035317.chn,2026-06-02 11:11:00,2026,6,2026-06-07 05:22:55.837209,ff32d7af42cc914f62f8d6d15d182cdc5a43e186a6afe0cb1c864a8bdb1b0c6d,NEW,,0
https://cafef.vn/van-hanh-doanh-nghiep-kieu-tecnic-188260602112859623.chn,2026-06-02 11:00:00,2026,6,2026-06-07 05:22:55.918418,379d91aba0d088894748049a05bd8f518f837c6696495fd08f89f1e1eaf6e18a,NEW,,0
https://cafef.vn/lan-dau-ra-mat-robot-hinh-nguoi-cong-ty-cua-ti-phu-pham-nhat-vuong-gay-chu-y-tai-2-su-kien-lon-188260602104604229.chn,2026-06-02 10:45:00,2026,6,2026-06-07 05:22:56.021773,ae6893356c1e2852151a50d568f86c53ba9f076ed5878c5caf13cf8e905d3c75,NEW,,0
https://cafef.vn/truong-dai-hoc-noi-tieng-cua-nga-bat-ngo-quan-tam-toi-loat-cong-nghe-viet-nam-dang-phat-trien-188260602103108864.chn,2026-06-02 10:30:00,2026,6,2026-06-07 05:22:56.089695,0cc12eb9bbf802630234e7c99101694be7aedfc05805d610e30e93b5e8dc1c2b,NEW,,0
https://cafef.vn/sau-dan-van-phong-den-luot-lao-dong-tay-nghe-cao-doi-mat-lan-song-ai-moi-tu-openai-188260602081223638.chn,2026-06-02 09:48:00,2026,6,2026-06-07 05:22:56.143162,11daac533404405419183f58eb6dfec0ce4c9d54626de813d95c770f68a036c3,NEW,,0
https://cafef.vn/truoc-them-gia-nhap-sieu-du-an-67-ty-usd-chu-tich-tao-duc-thang-trai-long-viettel-san-sang-tra-hoc-phi-cho-nhung-that-bai-khi-cbnv-dung-cam-lam-dieu-chua-ai-lam-188260602094023203.chn,2026-06-02 09:39:00,2026,6,2026-06-07 05:22:56.261114,bba2e153f05cb0f3f222fe12b800166eb041a0cbf9d52bb7404d621a83b7fecd,NEW,,0
https://cafef.vn/tung-bi-goi-la-lua-dao-ca-pho-wall-cuoi-nhao-mot-hang-trung-quoc-hien-nam-cong-nghe-dan-truoc-phuong-tay-10-nam-188260602081039368.chn,2026-06-02 08:54:00,2026,6,2026-06-07 05:22:56.311816,94d99393a19c184de95f7a7f5e35a3affa3a61d996595b796a23b9377d0f00f0,NEW,,0
https://cafef.vn/viet-nam-thang-hang-he-sinh-thai-khoi-nghiep-kinh-te-so-dong-gop-hon-14-gdp-188260602071129029.chn,2026-06-02 07:47:58,2026,6,2026-06-07 05:22:56.362937,8684465c9ca443a42391f107ae34b64f6fc120f8c6a5645a18c971393478ffaf,NEW,,0
https://cafef.vn/ai-agent-se-la-tuong-lai-cua-dien-toan-ai-nhung-cpu-moi-la-diem-nghen-nvidia-se-pha-nut-that-do-bang-cpu-vera-18826060117020665.chn,2026-06-01 17:54:00,2026,6,2026-06-07 05:22:56.412536,3e033b5624e8d8469911286f8586dc4dca81333de5da2cd25a6dc02ddeaccc4f,NEW,,0
https://cafef.vn/khi-cong-nghe-dam-bao-khong-ai-bi-bo-lai-phia-sau-hien-thuc-hoa-khat-vong-so-cua-nguoi-tre-188260601175204886.chn,2026-06-01 17:51:00,2026,6,2026-06-07 05:22:56.462660,066e408163b1da3b926c942b243ddae3cd063b4466c26ffda90ff4f37167012f,NEW,,0
https://cafef.vn/cong-nghe-1-6-chung-nhan-dang-ky-xe-dien-tu-da-co-tren-vneid-va-vnetraffic-188260601153902829.chn,2026-06-01 16:26:00,2026,6,2026-06-07 05:22:56.513757,3a5fc46b060b71cc1b93321481451aa76f8ddb22f23ea5bbec3161441fb23343,NEW,,0
https://cafef.vn/ba-tuan-cao-diem-chong-xam-pham-so-huu-tri-tue-xu-phat-126-ty-dong-18826060114131314.chn,2026-06-01 15:23:00,2026,6,2026-06-07 05:22:56.563937,f3e986228d8ae0328b5ec13c2beddfea665b89420ffe034eda310e3f9e25dccf,NEW,,0
https://cafef.vn/25-trieu-thue-bao-chua-xac-nhan-trang-thai-tren-vneid-nguy-co-bi-khoa-chieu-goi-di-sau-15-6-188260601140753973.chn,2026-06-01 14:52:00,2026,6,2026-06-07 05:22:56.613557,be69716a7ceba74ffee2fd5ca681d3c67c47ef119c0b688d1fcb6c75edb4082e,NEW,,0
https://cafef.vn/3-nganh-hoc-duoc-du-bao-it-bi-ai-thay-the-nhu-cau-nhan-luc-lon-thu-nhap-hap-dan-trong-nam-2026-188260601133539557.chn,2026-06-01 13:44:00,2026,6,2026-06-07 05:22:56.664996,8748127bbadda073de674642a5a8c2031b14df93e0e35559cebc793052b79fa6,NEW,,0
https://cafef.vn/cong-an-canh-bao-den-nguoi-dung-ai-188260601105215079.chn,2026-06-01 10:54:00,2026,6,2026-06-07 05:22:56.713695,e768b5591ad2a93c0d751b9d1432baad08be1e5089e519d011a10b82fcde0695,NEW,,0
https://cafef.vn/dung-ai-va-du-lieu-lon-truy-quet-doanh-nghiep-ma-188260601095715017.chn,2026-06-01 10:50:00,2026,6,2026-06-07 05:22:56.766214,9a800446afae5a9d3071576736635098004f52e7a4936c9669112e1b35bbe44e,NEW,,0
https://cafef.vn/thu-nghiem-chan-dong-vach-tran-mat-toi-cua-cac-sieu-ai-khi-khong-co-su-can-thiep-cua-con-nguoi-188260601084403594.chn,2026-06-01 10:30:00,2026,6,2026-06-07 05:23:06.720282,85f7e4fd4b8aad2cc3ff4942204f347a7f97d3ceb4580f9cc7555bd178e5e201,NEW,,0
https://cafef.vn/chi-340-trieu-dong-thang-chi-de-ai-viet-email-vi-ceo-nay-dang-am-tham-toan-tinh-dieu-gi-188260601083819966.chn,2026-06-01 10:05:00,2026,6,2026-06-07 05:23:06.771654,9d751ffaf86dbb5bb1b228a7bf4fc6a582b21e7a91c4e2d715545b14ae9261b6,NEW,,0
https://cafef.vn/nguy-co-lo-lot-du-lieu-ca-nhan-cua-tre-em-tu-viec-dang-tai-giay-khen-tren-mang-xa-hoi-188260601085927071.chn,2026-06-01 09:22:00,2026,6,2026-06-07 05:23:06.821241,67fecb7b86a10465666ebb5a821288bc02e44a08911af60a5262ef235846d1b5,NEW,,0
https://cafef.vn/meta-doi-mat-tranh-cai-vi-cong-cu-theo-doi-nhan-vien-188260601080612194.chn,2026-06-01 08:25:00,2026,6,2026-06-07 05:23:06.870475,0f319b80aa73db47bec086467b0f18462220fe4c77cbc072fc4e6d737dcce5fa,NEW,,0
https://cafef.vn/tra-phi-cho-facebook-biet-duoc-ai-am-tham-theo-doi-minh-bi-mat-xem-story-nguoi-khac-188260601072835161.chn,2026-06-01 07:56:00,2026,6,2026-06-07 05:23:06.921041,6dd30cbeb525bf91b36a9855b0353416f4ceda5c5134918be50c9366178d2fe2,NEW,,0
https://cafef.vn/tai-khoan-facebook-cua-thanh-thieu-nien-se-loc-noi-dung-nhu-phim-13-188260601072051847.chn,2026-06-01 07:23:00,2026,6,2026-06-07 05:23:06.970531,3154219efb8c9f7d5674e28822634ec56b1f4bd786b8d544828b5079b59a4ead,NEW,,0
https://cafef.vn/dung-7-gio-ngay-mai-mot-tinh-nang-se-duoc-hoat-dong-tro-lai-tren-vneid-nguoi-dung-can-nam-ro-188260531180813926.chn,2026-05-31 19:31:00,2026,5,2026-06-07 05:23:07.021286,7b93589142f2fb06c933884a79d1aae6e3d37c7e442205cbcf89b956f5372a4c,NEW,,0
https://cafef.vn/cong-an-dieu-tra-giao-dich-hang-trieu-dong-cua-loat-thanh-nien-sn-2003-2004-2006-2008-18826053118100342.chn,2026-05-31 19:30:00,2026,5,2026-06-07 05:23:07.072435,b58a4d64650e471bf8ae7165529cfad5b409c9a2d35a4451983c435d3b558f46,NEW,,0
https://cafef.vn/cong-nghe-wifi-8-lo-dien-188260531103855659.chn,2026-05-31 17:30:00,2026,5,2026-06-07 05:23:07.121698,a6192d6f9ab10a0f7689c6cb09e9b443927da5d491bdd23f0cd814acb6ad594e,NEW,,0
https://cafef.vn/huawei-tung-at-chu-bai-nganh-ban-dan-the-gioi-lieu-sap-co-bien-lon-188260531132830575.chn,2026-05-31 16:30:00,2026,5,2026-06-07 05:23:07.171413,9771a7697786593a0703032a7c0e5af4c4259e60ade8456e2d521be6db7f5de2,NEW,,0
https://cafef.vn/laptop-windows-dau-tien-dung-cpu-nvidia-se-ra-mat-trong-tuan-toi-188260531133055059.chn,2026-05-31 15:30:00,2026,5,2026-06-07 05:23:07.220570,083093f968b8d14d39509171a73aa384549590dde486c4df1fc6d14803bc9727,NEW,,0
https://cafef.vn/bien-cang-tai-mot-to-bao-nhan-vien-noi-loan-vi-bi-ai-giam-sat-cham-diem-va-gay-ap-luc-len-cong-viec-188260531132743603.chn,2026-05-31 14:30:00,2026,5,2026-06-07 05:23:07.270616,a1d0175ec67d545473b7bbe89a58e70e99421080cfad0b084ee36029368ccc82,NEW,,0
https://cafef.vn/cuc-soc-chi-ton-hon-300000-dong-mot-ky-su-an-ninh-mang-da-dat-mui-ca-chatgpt-claude-va-gemini-18826053008194699.chn,2026-05-30 10:10:00,2026,5,2026-06-07 05:23:07.334853,e7789245d6d92ce3fbdd5f1a7fae3b532237c5b854a1f2193e904c0a3755d464,NEW,,0
https://cafef.vn/kiem-650-trieu-usd--ngay-van-chua-du-nvidia-dang-am-tham-chuan-bi-cho-mot-cuoc-doi-ngoi-lich-su-188260530081734865.chn,2026-05-30 09:37:00,2026,5,2026-06-07 05:23:07.384761,41cc03b9eea288fbb82161ea0405852c92b776b7557d73755b87e7b48b863f58,NEW,,0
https://cafef.vn/cong-an-canh-bao-den-nguoi-dung-email-mang-xa-hoi-tai-khoan-ngan-hang-vi-dien-tu-188260530090125983.chn,2026-05-30 09:01:00,2026,5,2026-06-07 05:23:07.435257,9a81d964791d94a20cbbe4d0294a2772be9241972f17965936b05d05a8109df3,NEW,,0
https://cafef.vn/fpt-ky-6-hop-tac-chuyen-doi-ai-voi-tap-doan-lon-tai-thai-lan-va-singapore-188260530090033223.chn,2026-05-30 09:00:18,2026,5,2026-06-07 05:23:07.484432,9bfc131196a89d0178aa3997c7d1c1fdd1433d57e90eef8ce70d1bbc754146a8,NEW,,0
https://cafef.vn/nam-giu-chuong-trinh-top-10-the-gioi-thai-lan-san-sang-chia-se-kinh-nghiem-voi-viet-nam-188260530082302936.chn,2026-05-30 09:00:00,2026,5,2026-06-07 05:23:07.536236,93f196fd65c96ea218bb223baea2c244f136c25171d3e74a4045089456853947,NEW,,0
https://cafef.vn/dau-tu-den-600-ty-usd-meta-lan-dau-thu-phi-nguoi-dung-ai-de-bu-dap-gia-khoi-diem-tu-799-usd-18826053007343825.chn,2026-05-30 07:46:00,2026,5,2026-06-07 05:23:07.584802,84b2c8576ca5e5f5bd092fb2721eaeb5ee7bc41d95e47bd90815c5083e38f6a7,NEW,,0
https://cafef.vn/nguoi-dan-co-tai-khoan-dinh-danh-dien-tu-muc-2-chu-y-thong-bao-quan-trong-tu-cong-an-188260529161517431.chn,2026-05-29 17:41:00,2026,5,2026-06-07 05:23:07.633272,838d70e6b99121837fbc8d069f6b3b2d8c5705d1ef0d264152c0727454046ce9,NEW,,0
https://cafef.vn/phat-hien-giao-dich-len-toi-gan-100-trieu-dong-cong-an-ra-quyet-dinh-khoi-to-nguyen-van-ngoc-sn-1989-188260529165522049.chn,2026-05-29 17:03:00,2026,5,2026-06-07 05:23:07.683162,fd2ecca5fbe5c3adea3bce35ff6608ef8623ffd66d2006e5bf5fcc898924c6c2,NEW,,0
https://cafef.vn/dao-mong-xay-nha-nguoi-dan-phat-hien-vat-nang-1-tan-mau-vang-la-chuyen-gia-xac-nhan-bau-vat-hiem-co-cong-nghe-cao-vao-cuoc-188260529150740728.chn,2026-05-29 16:22:00,2026,5,2026-06-07 05:23:07.733535,5feb57e625c4d60416fde667818c385ec09bc5a3b0f70ae99d7eac51bbd0288f,NEW,,0
https://cafef.vn/anthropic-nang-cap-opus-48-ai-trung-thuc-hon-it-no-hon-fast-mode-re-hon-3-lan-188260529134545039.chn,2026-05-29 16:03:00,2026,5,2026-06-07 05:23:07.782237,7f62eed4865e2c44976d62063c0e175299154c90ef973057dfdf7d3bc2d7e1f6,NEW,,0
https://cafef.vn/canh-bao-nong-tu-cong-an-tp-ha-noi-den-hang-trieu-nguoi-dung-google-chrome-tai-viet-nam-188260529144750012.chn,2026-05-29 14:50:00,2026,5,2026-06-07 05:23:07.834446,9a45bb1a9ae631d0f0c94c82696389a5b0105dfae79dbb7fdcd4bbf5ebaddf6f,NEW,,0
https://cafef.vn/nam-2026-va-cuoc-thanh-loc-lao-dong-tuong-lai-nao-cho-nhan-vien-khi-ai-hoc-tap-ky-nang-qua-nhanh-18826052911020425.chn,2026-05-29 13:39:00,2026,5,2026-06-07 05:23:07.945557,506904571d9d3cc702bdd67a9d5ada5d523aa64d80ae22fc45489d8382b9eeda,NEW,,0
https://cafef.vn/78-camera-ai-tren-cao-toc-van-ninh-cam-lo-hoat-dong-tu-thang-7-188260529101758276.chn,2026-05-29 11:14:00,2026,5,2026-06-07 05:23:08.000344,b9a212168cabec392bd11932b8d73253d1cb668cceea48252b33b8f5b599482a,NEW,,0
https://cafef.vn/chuyen-gia-world-bank-viet-nam-dung-nhieu-nhung-chua-san-sang-cho-ai-188260529100620895.chn,2026-05-29 11:00:00,2026,5,2026-06-07 05:23:08.051738,90e6c3b9e326246a4d97b3b976937e8869f586e363b5423c00f676ab31075b0f,NEW,,0
https://cafef.vn/chatgpt-doc-vi-cam-xuc-gioi-tre-nguoi-khen-ke-nghi-ngo-chi-la-thao-mai-1882605290941345.chn,2026-05-29 11:00:00,2026,5,2026-06-07 05:23:08.104969,d1dd104b8838aa9d35c4e287a6ec8d792b24a927bde122f65e13d8be5997f203,NEW,,0
https://cafef.vn/trung-quoc-2-lan-ngo-y-tham-gia-my-3-lan-len-tieng-nhung-viet-nam-nham-nuoc-khac-lam-du-an-quoc-gia-dai-su-chua-tung-co-188260530090516916.chn,2026-05-30 10:49:00,2026,5,2026-06-07 05:23:08.155799,e25d70b44fc06273626ee20975f7f4951230de2e737a6af162dfcbdc919ace6d,NEW,,0
https://cafef.vn/ai-noi-loan-xoa-sach-28000-dong-code-danh-sap-he-thong-roi-tu-viet-bao-cao-gia-de-ghi-cong-18826053008183073.chn,2026-05-30 10:45:00,2026,5,2026-06-07 05:23:08.205793,8f479660dd2ee282f85d9200335fdd6413f64480fbf617fade10422595ddae4f,NEW,,0
https://cafef.vn/cmc-lan-dau-vuot-doanh-thu-10000-ty-dong-loi-nhuan-tang-23-trong-nam-tai-chinh-2025-18826053010360544.chn,2026-05-30 10:35:00,2026,5,2026-06-07 05:23:08.254910,48e7d9e603b3dc27232426cf85a8b3df121b6d5b4e7facc3005ae6f73a77f8ac,NEW,,0
https://cafef.vn/cong-ty-so-huu-thuong-hieu-rohto-hada-labo-lipice-acnes-but-pha-tren-thuong-mai-dien-tu-188260529105116644.chn,2026-05-29 10:51:00,2026,5,2026-06-07 05:23:19.634874,d98b05a8e8881eaf1a4a28a29272055e6885c41340ce37a142d66f468008f8c7,NEW,,0
https://cafef.vn/bo-tay-voi-chatbot-ai-co-345-trieu-nguoi-dung-hang-thang-hua-den-tien-roi-boc-hoi-khuyen-chu-nhan-tu-di-kien-khong-can-luat-su-188260529101547516.chn,2026-05-29 10:37:00,2026,5,2026-06-07 05:23:19.685524,48b2ef49fff7636c315a3f04da65c47fa78c85082e6f051c526e1323d960aef7,NEW,,0
https://cafef.vn/cong-an-ha-noi-phoi-hop-giai-cuu-3-thieu-nu-di-tim-viec-nhe-luong-cao-188260529085450366.chn,2026-05-29 09:30:00,2026,5,2026-06-07 05:23:19.736252,20608cda9a6141175aad429e01778bbe56b379eaf98a5ae679984832354c1a69,NEW,,0
https://cafef.vn/meta-ra-mat-goi-thue-bao-cho-facebook-va-instagram-plus-co-them-tinh-nang-gi-188260529081403906.chn,2026-05-29 09:02:00,2026,5,2026-06-07 05:23:19.787141,cd5f853cc781184d171375f3e54072fe3ac4ff1e316c3891cd5140614418523a,NEW,,0
https://cafef.vn/shopee-bi-yeu-cau-khong-ap-muc-phi-moi-voi-nguoi-ban-hang-tren-nen-tang-188260529072755351.chn,2026-05-29 08:30:00,2026,5,2026-06-07 05:23:19.837270,1ca3fdd318278d16d4a61c1289b13ba06a5491b2b234813e42c46c0af7d6af45,NEW,,0
https://cafef.vn/doanh-nghiep-trung-quoc-thua-nhan-ai-quet-sach-30-viec-lam-chinh-phu-lap-tuc-ra-lenh-bao-ve-nguoi-lao-dong-188260529070201347.chn,2026-05-29 07:55:00,2026,5,2026-06-07 05:23:19.886086,34330017c2b10a773cf6ef3d1011b0e709b25100eb1022804dda74e6d1a31756,NEW,,0
https://cafef.vn/tat-ca-nguoi-dan-dang-dung-camera-chu-y-quy-dinh-moi-nhat-cua-bo-cong-an-tu-1-7-188260529070743929.chn,2026-05-29 07:17:00,2026,5,2026-06-07 05:23:19.936342,7a319a85e44e38696c4568b54bfb09b69e55d586b1608898d3e04b87bc143c2e,NEW,,0
https://cafef.vn/bat-tay-voi-meta-viet-nam-vua-phat-dong-mot-viec-tren-toan-quoc-trong-linh-vuc-se-tao-ra-5000-ty-usd-188260528202523886.chn,2026-05-28 20:47:00,2026,5,2026-06-07 05:23:19.986715,6bda87ed9aaa0e5504fa0de92be6ae4840d9bb93a123d4bc8285707c1de9c6bf,NEW,,0
https://cafef.vn/trung-quoc-cap-can-cuoc-cho-cac-robot-hinh-nguoi-nhu-the-nao-188260528090415124.chn,2026-05-28 18:36:00,2026,5,2026-06-07 05:23:20.036349,421e367965a100822d52c5aa77c336a25e171b1724769863231ae5e481e52643,NEW,,0
https://cafef.vn/tha-chiu-chi-phi-gap-doi-chu-khong-chon-trung-quoc-du-an-40-ty-usd-nguy-co-dap-chieu-188260528113719494.chn,2026-05-28 18:24:00,2026,5,2026-06-07 05:23:20.085160,3b13048d7ca9bd4186b5d731bf2829b820e7781f49076fc73a99f24f9406134c,NEW,,0
https://cafef.vn/phai-dong-thue-30-vi-tai-khoan-nhan-600-trieu-dong-nhung-quyet-khong-nop-cong-an-dieu-tra-thanh-nien-sn-2000-188260528142603205.chn,2026-05-28 18:15:00,2026,5,2026-06-07 05:23:20.133213,7aa01eec7a9a26804e66d3a557ac5f6313bb3d060a41fc67f1cc93d24e0e16e1,NEW,,0
https://cafef.vn/chu-tich-fpt-truong-gia-binh-khong-ai-co-the-duy-tri-nang-luc-canh-tranh-neu-khong-co-ai-188260528163812616.chn,2026-05-28 17:35:00,2026,5,2026-06-07 05:23:20.185400,0a945aedee53977eb2a3a71a94a964e5beb0be2ec7ffee7696af1160adabee42,NEW,,0
https://cafef.vn/dung-chat-voi-ai-agent-bang-tieng-viet-neu-khong-muon-lang-phi-token-vo-ich-loai-thue-ngon-ngu-nay-la-ly-do-188260528165841644.chn,2026-05-28 17:30:00,2026,5,2026-06-07 05:23:20.235217,ee7ee97823215fb8c474065afb7bb96dfbd86f7324e3e029a8b9585707471f7b,NEW,,0
https://cafef.vn/tp-ho-chi-minh-se-thi-diem-phan-mem-quan-ly-thu-phi-su-dung-long-duong-via-he-188260528160412855.chn,2026-05-28 16:34:00,2026,5,2026-06-07 05:23:20.285539,666666cc5f20839d0a111dc13464b76dc546faf608d5f8ab26c7d9748e4e7701,NEW,,0
https://cafef.vn/nguoi-tieu-dung-viet-nam-quan-tam-trai-nghiem-mua-sam-ung-dung-ai-188260528160831122.chn,2026-05-28 16:09:00,2026,5,2026-06-07 05:23:20.337539,1d5fbbc389992150a09d8c548fdeb65f12aadcbae05ba0706544430cbb8765c8,NEW,,0
https://cafef.vn/ai-van-kho-thay-con-nguoi-trong-kiem-chung-thong-tin-188260528160525493.chn,2026-05-28 16:07:00,2026,5,2026-06-07 05:23:20.389536,cb379ea4fc073d508925abe2fbaf150b05b063da13a883bd3390396a80c5d8e3,NEW,,0
https://cafef.vn/cong-an-co-thong-bao-quan-trong-lien-quan-den-cccd-giay-phep-lai-xe-188260528151532651.chn,2026-05-28 15:19:00,2026,5,2026-06-07 05:23:20.438869,0809fbf567c2ffa9e8eb6ce28040c356da83e9bb234c1e685331447240ea7660,NEW,,0
https://cafef.vn/doanh-nghiep-cong-nghe-nang-luong-hang-dau-don-tin-vui-188260528165711486.chn,2026-05-28 14:56:00,2026,5,2026-06-07 05:23:20.488188,dccf9115a55554e272080317dfb833c021ed2c5fac5f25778950d87cd744c598,NEW,,0
https://cafef.vn/zalo-co-thong-bao-moi-den-tat-ca-nguoi-dung-188260528144905053.chn,2026-05-28 14:53:00,2026,5,2026-06-07 05:23:20.536967,acc8c6c01cba43357a7fb60e08f966e040155256c0bfbb961ab658375c1b109d,NEW,,0
https://cafef.vn/cong-an-phat-hien-nguyen-nhan-lua-dao-biet-ro-ho-so-cccd-so-tai-khoan-ngan-hang-va-so-du-hien-co-cua-nguoi-dan-188260528145109522.chn,2026-05-28 14:51:00,2026,5,2026-06-07 05:23:20.586640,b6506143499f4615d96ef9a62777b75b1752c6b09e13778b9f9917c9bd6d8ebb,NEW,,0
https://cafef.vn/viet-nam-hoi-tu-nhieu-loi-the-tro-thanh-diem-den-chien-luoc-cua-dong-von-dau-tu-cong-nghe-toan-cau-188260528140003541.chn,2026-05-28 14:45:00,2026,5,2026-06-07 05:23:20.635609,2ed4431277fa221610055fcecae6de9f6e441db2fd44f15957d0d9c4ee243908,NEW,,0
https://cafef.vn/chuyen-gia-google-deepmind-nguoi-viet-du-doan-mot-nghe-moi-cuc-hot-duoc-tao-ra-trong-ky-nguyen-ai-188260528133259974.chn,2026-05-28 14:18:00,2026,5,2026-06-07 05:23:20.693985,f25f8c5b74e1a0aabea91d15613a486e6061002c92393dd34deda531cca5254d,NEW,,0
https://cafef.vn/nghi-dinh-174-sap-co-hieu-luc-10-trieu-tiktoker-youtuber-dung-truoc-ranh-gioi-mong-manh-cua-lam-bao-va-sang-tao-noi-dung-18826052813574081.chn,2026-05-28 13:57:00,2026,5,2026-06-07 05:23:20.746115,ff0dbda753d8f2df94df43e2bdaf1dcab18bd283f65d5519a9047139741784e6,NEW,,0
https://cafef.vn/tung-ve-nen-tuong-lai-that-nghiep-day-u-am-vi-ai-sam-altman-thua-nhan-toi-da-sai-188260528133338867.chn,2026-05-28 13:45:00,2026,5,2026-06-07 05:23:20.805827,99738139d369c93b148b19500e78d3b0fb16d0cd14e741792a5b5b8d34fb6487,NEW,,0
https://cafef.vn/dell-tung-loat-cong-nghe-moi-cho-trung-tam-du-lieu-ai-co-ca-server-1-may-thay-13-may-luu-tru-58-petabyte-trong-than-may-3u-188260528074313642.chn,2026-05-28 13:31:00,2026,5,2026-06-07 05:23:20.859250,62ad3e1e402df8d60fa668aef38a54066b53628cac942a27cda8311fda436c9f,NEW,,0
https://cafef.vn/cong-an-thong-bao-toi-tat-ca-nhung-ai-nhan-duoc-tin-nhan-zalo-messenger-co-noi-dung-sau-188260528115643466.chn,2026-05-28 13:00:00,2026,5,2026-06-07 05:23:20.910050,23c4b766605dcddaf0640ef23d220522395e07a6cc56019d89cf5a162d515de0,NEW,,0
https://cafef.vn/nguoi-viet-chi-hon-302-ty-dong-de-xem-video-60-giay-luot-tai-tang-soc-271-lan-song-phim-ngan-can-quet-thi-truong-voi-mo-hinh-vat-kiet-tung-phut-188260528105241044.chn,2026-05-28 11:53:00,2026,5,2026-06-07 05:23:20.962127,d2dcb2aeec330e15c922377d9d3b4f0736124634491ec6b5fae291de8735007d,NEW,,0
https://cafef.vn/nghe-bi-ghet-nhat-hanh-tinh-sap-roi-vao-tay-ai-188260528100957636.chn,2026-05-28 11:11:00,2026,5,2026-06-07 05:23:21.013546,39be2a11e337d0392d709bf45be39193bb050ffc2213320c9409fdf967f642b6,NEW,,0
https://cafef.vn/ap-vao-can-ho-cao-cap-cong-an-tphcm-phat-hien-hoat-dong-toi-pham-cong-nghe-cao-188260528100326885.chn,2026-05-28 10:25:00,2026,5,2026-06-07 05:23:21.062881,3422dfc00c342b3f959e993bf3a13f81c34e3cfe81f6b799a3e12400915ec922,NEW,,0
https://cafef.vn/ai-tin-duoc-cuoc-goi-3-phut-tung-co-gia-bang-ca-tuan-luong-cong-nghe-da-pha-gia-su-xa-xi-nhu-the-nao-188260528073901744.chn,2026-05-28 09:37:00,2026,5,2026-06-07 05:23:21.113076,d236703e01739d23620671b4d97687680c85bc8237e34188ac30fb7333df8fb8,NEW,,0
https://cafef.vn/nhom-hacker-bi-an-tung-lam-ro-ri-cong-cu-tan-cong-mang-188260528073410917.chn,2026-05-28 08:38:00,2026,5,2026-06-07 05:23:21.163545,5c6bbeb18e5b3033e78a0ea8fb6cda9a4b90e2bd0c0db5f3eefb5fbe44d8611d,NEW,,0
https://cafef.vn/hoc-vien-neu-thang-hackathon-quoc-te-voi-giai-phap-ai-cho-doanh-nghiep-188260527151101357.chn,2026-05-28 08:00:00,2026,5,2026-06-07 05:23:21.214457,f4056eea49a10d8530294d73475f3f039a7f3206c87ca6c04d2079c6d559017f,NEW,,0
https://cafef.vn/con-sot-ai-day-gia-thiet-bi-dien-tu-tang-cao-188260527155531509.chn,2026-05-27 17:40:00,2026,5,2026-06-07 05:23:21.264553,983e0da54ecd7000f0e55f5d476293c49f930aa0fb47d1ed9ff3b0edc15a80c2,NEW,,0
https://cafef.vn/tat-ca-nguoi-dung-facebook-instagram-can-luu-y-thong-tin-quan-trong-sau-188260527100454001.chn,2026-05-27 16:59:00,2026,5,2026-06-07 05:23:21.313583,9a5e655cdae014269917873c478cadf14de4a9fc71ed3bb752c629316b398dee,NEW,,0
https://cafef.vn/don-rac-ai-tren-moi-truong-mang-188260527144551282.chn,2026-05-27 15:53:00,2026,5,2026-06-07 05:23:21.363792,b05bf51918d348ea56ea3386c1d61b320c4e11de8a617b43b21141b807847ef3,NEW,,0
https://cafef.vn/trung-quoc-tang-toc-cuoc-dua-robot-engineai-tuyen-bo-san-xuat-mot-robot-hinh-nguoi-cu-sau-15-phut-188260527133000284.chn,2026-05-27 15:09:00,2026,5,2026-06-07 05:23:21.412969,95b8209696e3d6e0a126a347fa0aff3fe11b85f781689033fb19037609fcd6fc,NEW,,0
https://cafef.vn/mythos-mo-hinh-ai-lam-rung-chuyen-the-gioi-an-ninh-mang-188260527123958142.chn,2026-05-27 14:02:00,2026,5,2026-06-07 05:23:21.462308,681daa355999facf981e28d7c3d8400d9c1a6ef54f7eb89ac2ea7a2eb217105b,NEW,,0
https://cafef.vn/phat-hien-50-tau-trung-quoc-cho-thiet-bi-quan-trong-hoat-dong-lien-tuc-24-7-san-sang-thuc-hien-nhiem-vu-lon-188260527123231085.chn,2026-05-27 12:32:00,2026,5,2026-06-07 05:23:21.565415,9115084897263b84c088e8d4f2f22df5c0111fc73e74745301bd4e7d52958ce6,NEW,,0
https://cafef.vn/sau-loi-de-doa-phai-giu-bi-mat-tuyet-doi-doi-tuong-yeu-cau-nguoi-phu-nu-chuyen-12-ti-dong-188260527110457956.chn,2026-05-27 11:30:00,2026,5,2026-06-07 05:23:21.657504,14c56bdf98d4dc5ca862dde6bdac48f6ee22bc7608cd2a16fd453b75e2012d75,NEW,,0
https://cafef.vn/ky-nguyen-ai-choi-chung-khoan-ai-cung-thanh-chuyen-gia-dau-tu-nho-tro-ly-ao-nghe-moi-gioi-tu-van-tai-chinh-lieu-co-bi-anh-huong-188260527093320269.chn,2026-05-27 11:30:00,2026,5,2026-06-07 05:23:21.707209,39ee9ccbdec266bb55ad99a10a2ba9a1688dbcc04c0b1d5622e6e242d0f283a4,NEW,,0
https://cafef.vn/trung-quoc-chinh-thuc-vuot-my-188260527110135415.chn,2026-05-27 11:01:00,2026,5,2026-06-07 05:23:34.949432,de28a87e1d7d82d5a0e2d0de6a7d6ee5edc05b86d2b6ccdfe161b34465074a48,NEW,,0
https://cafef.vn/ha-noi-de-xuat-co-che-danh-rieng-cho-thiet-bi-bay-khong-nguoi-lai-188260527102927312.chn,2026-05-27 10:41:00,2026,5,2026-06-07 05:23:34.999981,9e567a5a58a32ffeb50bbec47030a8fa29fc8e75b645140a054796e357ce4b4c,NEW,,0
https://cafef.vn/cong-an-canh-bao-rui-ro-voi-loa-thong-bao-nhan-tien-chuyen-khoan-nhieu-tieu-thuong-ho-kinh-doanh-co-the-mat-tien-oan-188260527102043808.chn,2026-05-27 10:32:00,2026,5,2026-06-07 05:23:35.051323,d79889c0a870a0c2a9bc1d73760f13d4226cffc5cc178fa3fa3bdbcefd27f5fd,NEW,,0
https://cafef.vn/cong-trinh-chua-tung-co-tai-viet-nam-pha-di-lam-lai-sau-8-thang-so-huu-cong-nghe-dac-biet-rut-8h-con-20-phut-di-chuyen-188260527101606994.chn,2026-05-27 10:15:00,2026,5,2026-06-07 05:23:35.102266,f02977f8869fb5a84802643ac16204bd27937fff8fbe0e3c6ee6ab7aba3b5db6,NEW,,0
https://cafef.vn/mo-hinh-tang-truong-moi-cua-viet-nam-kinh-te-thong-minh-tri-tue-nhan-tao-la-luc-luong-san-xuat-moi-188260527094435004.chn,2026-05-27 10:05:00,2026,5,2026-06-07 05:23:35.152084,172bf719c5ea7fa8a4a2d781c241ed2e038386f51d194dd4e3209b9c2c3cbe36,NEW,,0
https://cafef.vn/phia-sau-lop-vo-ai-cho-moi-nguoi-mot-he-thong-phan-tang-kinh-te-moi-dang-hinh-thanh-tu-nhung-dong-code-188260527072911096.chn,2026-05-27 09:35:00,2026,5,2026-06-07 05:23:35.202932,a0d07b7523591043ee55588f2326798d5e6ce1b3a527f785255c7c774e507dcc,NEW,,0
https://cafef.vn/mot-startup-cat-giam-22-nhan-su-sep-hua-luong-trieu-usd-cho-nguoi-o-lai-188260527073353192.chn,2026-05-27 09:02:00,2026,5,2026-06-07 05:23:35.252920,37a4d4b2058ec745b77c475a41badef28773eefd6ff2fdeac471b8ebcbbeb058,NEW,,0
https://cafef.vn/micron-noi-chip-nho-cho-ai-se-tiep-tuc-khan-hiem-co-the-keo-dai-sang-2027-188260527073434367.chn,2026-05-27 08:34:00,2026,5,2026-06-07 05:23:35.303798,13ef2ec715e29e9030824a1295a160933b1113c7fa0da8d8d718e29f3eb15d57,NEW,,0
https://cafef.vn/toi-da-bo-het-moi-cong-cu-ai-sau-khi-phat-hien-ra-tinh-nang-vo-gia-nay-tren-gemini-thuc-su-dang-tien-188260527073550211.chn,2026-05-27 08:00:00,2026,5,2026-06-07 05:23:35.353922,9fd387ac00adf6566ae451c990357df900282140c5ef663c47bc9e81bac02a45,NEW,,0
https://cafef.vn/huawei-cong-bo-dinh-luat-moi-thay-the-dinh-luat-moore-chuan-bi-tao-ra-chip-tuong-duong-14nm-du-bi-chan-may-euv-188260527073207298.chn,2026-05-27 07:35:00,2026,5,2026-06-07 05:23:35.403954,fe7532e1a3e2c9cb8a0435b11293a26999a2bc559bd76549c3a3fa588564faa3,NEW,,0
https://cafef.vn/hon-13-trieu-luot-khach-hang-tam-dung-huy-giao-dich-chuyen-tien-sau-khi-nhan-canh-bao-nay-188260526185658832.chn,2026-05-26 19:56:00,2026,5,2026-06-07 05:23:35.452168,f726232ac4256c67586f4acdab32f53d4031916453f387d8ce0eaed1231bae64,NEW,,0
https://cafef.vn/muon-khong-bi-ai-dao-thai-hay-ap-dung-ngay-bi-quyet-sinh-ton-nay-tu-nam-1920-188260526103153723.chn,2026-05-26 19:03:00,2026,5,2026-06-07 05:23:35.501845,39dc4d977a31c198bc9ce93967b101cc050a763ef45a4c58d8e065c15527f7c4,NEW,,0
https://cafef.vn/loi-khuyen-cho-nguoi-thuong-xuyen-mua-tra-cuu-xo-so-tren-ung-dung-vietlott-188260526175141709.chn,2026-05-26 18:32:00,2026,5,2026-06-07 05:23:35.553426,50ad03d815e7a16534b0f6e2fa22afa8077e367c563ee2e641389d0c75e54df2,NEW,,0
https://cafef.vn/ty-phu-bill-gates-chi-ra-3-cong-viec-ai-khong-the-thay-the-trong-tuong-lai-18826052617194012.chn,2026-05-26 17:27:00,2026,5,2026-06-07 05:23:35.601426,fd8692dea87068175bc59457348ae6bdc6b3741aa812b732f085be1240fce55f,NEW,,0
https://cafef.vn/bong-dung-dinh-sim-la-xu-ly-ra-sao-188260526164100015.chn,2026-05-26 17:01:00,2026,5,2026-06-07 05:23:35.651456,4ef4288b2f93d436a650c2408d3120536fdb15b0f405fdc3934dc455c39e07f2,NEW,,0
https://cafef.vn/cong-dong-mang-ua-vao-che-tranh-ai-vo-hon-kem-coi-hoa-ra-day-la-tranh-monet-that-dang-treo-trong-bao-tang-duc-18826052514181336.chn,2026-05-26 16:38:00,2026,5,2026-06-07 05:23:35.701706,04585fa8faee018c843a8fe174d28dee0751643ffda2554faf949ab6eaee58b9,NEW,,0
https://cafef.vn/lan-dau-tien-viet-nam-hinh-thanh-50-nhom-nghien-cuu-manh-cho-cong-nghe-loi-188260526075550223.chn,2026-05-26 16:30:00,2026,5,2026-06-07 05:23:35.752799,59dd4d99a1570afbcf4558823a239d27060faf8633ab4e7fb271ca6f0e1eb055,NEW,,0
https://cafef.vn/google-them-tinh-nang-moi-nay-vao-android-17-dung-giong-ios-188260526151331576.chn,2026-05-26 16:00:00,2026,5,2026-06-07 05:23:35.804652,ce5efb92b1ab80f1e5f84c69411de5f42c6d320c756f37caa7bfca5440529e65,NEW,,0
https://cafef.vn/thong-tin-moi-lien-quan-den-so-dinh-danh-dien-tu-ma-nguoi-dan-can-biet-188260526154651693.chn,2026-05-26 15:46:00,2026,5,2026-06-07 05:23:35.860430,52d02383fd66e122da2b9b897ce881b064c0cb1a38d005ab7fc622841034413b,NEW,,0
https://cafef.vn/ai-dang-thay-doi-internet-nhu-the-nao-188260526134904399.chn,2026-05-26 15:30:00,2026,5,2026-06-07 05:23:35.910783,842f25224adb30052c22bd14b85d49b2ec427f12e333fb4e32fa229dbb7d0588,NEW,,0
https://cafef.vn/ceo-het-kien-nhan-voi-ai-dot-ca-nui-tien-nhung-chua-kiem-noi-doanh-thu-thuc-su-188260526141328112.chn,2026-05-26 15:01:00,2026,5,2026-06-07 05:23:35.961741,c0902c25fd8ad850bcc1c05dc24786320d79bbfc23a5efea2cede4649d4d3af7,NEW,,0
https://cafef.vn/co-quan-thue-canh-bao-toi-nguoi-dan-co-giao-dich-trong-tai-khoan-voi-noi-dung-chuyen-khoan-sau-188260526144821206.chn,2026-05-26 14:48:00,2026,5,2026-06-07 05:23:36.012321,7afb58d52287313d94415173b4c718f26b28b9b6ed77f3a39f24e28524cb6059,NEW,,0
https://cafef.vn/ceo-nokia-noi-chung-toi-khong-lam-gi-sai-ca-truoc-khi-cong-ty-sup-do-tai-lieu-noi-bo-chung-minh-nokia-da-sai-qua-nhieu-ma-khong-biet-188260526135217565.chn,2026-05-26 14:30:00,2026,5,2026-06-07 05:23:36.061651,38e3718636a2396933f90bd0cd1b2affe30879d771a817eb434f91fd8faf981d,NEW,,0
https://cafef.vn/vi-sao-nguoi-nop-thue-phai-xac-thuc-sinh-trac-hoc-188260526134426447.chn,2026-05-26 14:09:00,2026,5,2026-06-07 05:23:36.112952,de84040f97ef7e33d38e9e8af2a70a66629fc2dc911427fd76d6b0d5826feb45,NEW,,0
https://cafef.vn/tin-tac-khai-thac-tinh-cach-cua-chatbot-ai-188260526111613924.chn,2026-05-26 13:34:00,2026,5,2026-06-07 05:23:36.163496,11cf53a53c152a50e05ea80d39cfd116bfde339c76870e4c50342b6616b333d8,NEW,,0
https://cafef.vn/ai-viet-lai-luat-choi-ma-thuong-vu-420-ty-usd-gay-chan-dong-toan-cau-nganh-cong-nghiep-buon-ngu-nhat-the-gioi-bong-nong-tro-lai-188260526093601247.chn,2026-05-26 10:40:00,2026,5,2026-06-07 05:23:36.222062,00db7d827d733ceea1978ee87355d1456f4674fb1c9b00d54e0946dee12bb7bc,NEW,,0
https://cafef.vn/tu-thang-sau-vneid-va-vnetraffic-se-tich-hop-them-mot-loai-giay-to-moi-cap-nhat-ngay-de-khong-bo-lo-quyen-loi-188260526101830266.chn,2026-05-26 10:17:00,2026,5,2026-06-07 05:23:36.276621,92da36b273d0626d7d5fc3f9cc6217581892d324a82615502fdbe9d46c5996c3,NEW,,0
https://cafef.vn/chieu-lua-dao-moi-mua-thi-lop-10-gia-danh-giao-vien-xin-ma-dinh-danh-ma-ho-so-dien-tu-188260526081427767.chn,2026-05-26 09:28:00,2026,5,2026-06-07 05:23:36.326680,5adf70aba726fe798b159e2ddb23fe6ca335d882167cb16a14e9e748a6b14b84,NEW,,0
https://cafef.vn/co-the-dung-vneid-gui-truc-tuyen-sang-kien-khoa-hoc-cong-nghe-188260526073854622.chn,2026-05-26 08:55:00,2026,5,2026-06-07 05:23:36.376509,bab4ada6411e192c2a07a691eecd35512a7627c7d3818db8efaff1d3e5fa45fe,NEW,,0
https://cafef.vn/bo-tien-tui-trai-lay-ra-tui-phai-con-sot-ai-co-dang-duoc-xay-tren-doanh-thu-ao-188260526071531174.chn,2026-05-26 08:19:00,2026,5,2026-06-07 05:23:36.426463,b0926ef8a2f6f8017642645fa8d0fafbf4fd1bbf93d87f662f56ceecd294ad44,NEW,,0
https://cafef.vn/hang-loat-tai-khoan-instagram-bi-khoa-sau-khi-nhan-tin-nhan-la-chuyen-gi-xay-ra-188260526072854345.chn,2026-05-26 07:56:00,2026,5,2026-06-07 05:23:36.476591,513d5cbbd674ef15fe7dc1d2915021ad39a9a0381690a90637f73d0cd544e251,NEW,,0
https://cafef.vn/cong-an-xac-minh-giao-dich-chuyen-khoan-23-trieu-dong-tu-tai-khoan-duong-huu-tuong-188260525193015735.chn,2026-05-25 20:31:00,2026,5,2026-06-07 05:23:36.527415,0ce7701f4026370ec805567909501d7a85b9ce672b280cca94aa8b9f8546f72b,NEW,,0
https://cafef.vn/them-mot-loai-tai-khoan-phai-dang-ky-bang-so-dien-thoai-188260525171856419.chn,2026-05-25 18:22:00,2026,5,2026-06-07 05:23:36.577447,f4a21cd18ed5b6aadae0d417c3bec42ac60a264797842a294bde33dd38fc94b3,NEW,,0
https://cafef.vn/chi-can-co-duoc-so-dien-thoai-lua-dao-se-lay-duoc-nhung-gi-cua-nan-nhan-188260525162907351.chn,2026-05-25 18:18:00,2026,5,2026-06-07 05:23:36.629755,7b9e94cd877eb1da938a2a462bde7452eb665d884a8fafd811f5abd558cfd056,NEW,,0
https://cafef.vn/thu-hoi-62000ha-dat-va-di-doi-14-trieu-dan-vi-cong-trinh-lon-nhat-the-gioi-tri-gia-37-ty-usd-cong-nghe-xay-dung-dang-sau-gay-choang-188260525152533372.chn,2026-05-25 18:01:00,2026,5,2026-06-07 05:23:36.678528,f095415059df9dd7a685291cafaf5433585702f3ef6e0677571bb5d8af015c6e,NEW,,0
https://cafef.vn/shop-taobao-da-co-mat-tren-shopee-nghe-order-tai-viet-nam-buoc-vao-cuoc-dai-thanh-loc-lich-su-188260525160504255.chn,2026-05-25 16:57:00,2026,5,2026-06-07 05:23:36.728647,569c9eef367d4a0c872847186db60718763ba487b89a909e30efe932bdb62e79,NEW,,0
https://cafef.vn/nong-mot-cong-ty-giao-do-an-noi-tieng-sap-ban-minh-cho-uber-dinh-gia-o-muc-15-ty-usd-18826052514322791.chn,2026-05-25 16:34:00,2026,5,2026-06-07 05:23:36.778929,a324df2fd987b3e97722774da6c1b36767c5073f93ac0055ff8c130b751da512,NEW,,0
https://cafef.vn/the-he-tre-viet-nam-danh-7-tieng-ngay-online-khi-chiec-dien-thoai-tro-thanh-nguoi-chen-ngang-moi-cuoc-gap-188260525135135101.chn,2026-05-25 15:20:00,2026,5,2026-06-07 05:23:36.829606,aa4c3a09f7ccdb4cf3fa5ce6c4748e3168f82aa4686c1a87caab6a0cdd76d3fa,NEW,,0
https://cafef.vn/khong-phai-chip-day-moi-la-thu-khien-ai-the-he-moi-dau-dau-nhat-mot-doanh-nghiep-ban-dan-hang-dau-the-gioi-chi-15-ty-usd-de-giai-quyet-bai-toan-nay-188260525151042759.chn,2026-05-25 15:10:00,2026,5,2026-06-07 05:23:36.879669,86b8a9c461bf114d88500473b8eb1249b04291d75690503c8259c7b76d8f3d0a,NEW,,0
https://cafef.vn/startup-ai-trung-quoc-ra-mat-phan-mem-phien-dich-co-the-giai-ma-tieng-cua-cho-meo-voi-do-chinh-xac-len-den-95-188260525141709537.chn,2026-05-25 14:40:00,2026,5,2026-06-07 05:23:36.929936,8db973d5abffaf985f6843deb73e91a33937fa401f74ec38898318e52a2907bc,NEW,,0
https://cafef.vn/gia-danh-cong-an-ho-tro-vneid-cho-tre-em-de-lua-dao-188260525134726998.chn,2026-05-25 13:51:00,2026,5,2026-06-07 05:23:36.978988,e32bfb08c966e7693a1e32aaeccbdbdc483bad20a7df9acc3bbe13ea0477ec6d,NEW,,0
https://cafef.vn/grab-bat-ngo-dung-chuong-trinh-uu-dai-cho-tai-xe-tai-mot-quoc-gia-dna-gia-toan-bo-phan-khuc-goi-xe-gia-re-se-thay-doi-18826052511001417.chn,2026-05-25 11:35:00,2026,5,2026-06-07 05:23:37.028572,26aee845fe3836c1a681a151fc8d498fe30f1dbf5df8b7b6c752465f2ac2abaa,NEW,,0
https://cafef.vn/97-doanh-nghiep-do-tien-vao-ai-nhung-chi-5-san-sang-con-sot-ai-dang-mac-ket-vi-du-lieu-188260525095108484.chn,2026-05-25 11:30:00,2026,5,2026-06-07 05:23:37.079587,631d63bcdcb261dd08f5d94a966a4f27b2e11ca3b3ab186735e05930946d8daa,NEW,,0
https://cafef.vn/bhxh-viet-nam-phat-canh-bao-chieu-tro-lua-dao-moi-ve-vssid-bhyt-188260525104454923.chn,2026-05-25 11:00:00,2026,5,2026-06-07 05:23:37.131961,c89ebf2b1bad15aad408aa7b3b5c2154fdfcb0ab10d76693e7554711acaa6a98,NEW,,0
https://cafef.vn/loi-khuyen-cho-tat-ca-nhung-ai-hay-dung-chatgpt-tim-kiem-thong-tin-188260525105214147.chn,2026-05-25 10:57:00,2026,5,2026-06-07 05:23:37.182571,574c0731ab824994720d8782a34133a91e5244588faa9be8478aaaec6aff632f,NEW,,0
https://cafef.vn/openai-chi-toi-236000-usd-nam-de-giam-ma-sat-quanh-cac-trung-tam-du-lieu-ai-tham-vong-500-ty-usd-dang-vap-phan-ung-du-doi-tai-my-188260525095202172.chn,2026-05-25 10:44:00,2026,5,2026-06-07 05:23:52.801167,131677ed6787bd5e2089fbedbb896f5d752ff065ad1ad2a055b66d59273cb8f3,NEW,,0
https://cafef.vn/khong-phai-sam-altman-day-moi-la-1-nhan-vat-dang-nam-giu-sinh-menh-truyen-thong-cua-openai-188260525083738785.chn,2026-05-25 09:42:00,2026,5,2026-06-07 05:23:52.865069,f2c2564742ebf80e942fd61b5ed58a3ff932dc3b83687def6ed65760d3adcadc,NEW,,0
https://cafef.vn/meta-ra-mat-ung-dung-giong-reddit-188260525072124608.chn,2026-05-25 08:05:00,2026,5,2026-06-07 05:23:52.924400,5affde053e75837a48b9ccaa97e5b30c3f5051f156478eb08098177b118956f4,NEW,,0
https://cafef.vn/vut-bo-vo-con-nem-hon-nua-ty-dong-qua-cua-so-de-nuoi-nguoi-tinh-ao-bi-kich-ga-dan-ong-bi-chatgpt-vet-sach-den-dong-xu-cuoi-cung-18826052507263172.chn,2026-05-25 07:30:00,2026,5,2026-06-07 05:23:52.978072,08cfa75e28bef2124ee623869221253770d638fc81bc2344107e3e993a8260dc,NEW,,0
https://cafef.vn/2-cach-nop-phat-nguoi-tren-zalo-188260525070455928.chn,2026-05-25 07:16:00,2026,5,2026-06-07 05:23:53.045740,1afa5aee07ea8cd45255c85a806c7843d1a9a4a0a1a60fb8c7d913a88772c1ad,NEW,,0
https://cafef.vn/hacker-tan-cong-camera-thong-minh-cua-1-gia-dinh-lap-canh-ket-sat-quay-len-tong-tien-cong-an-canh-bao-gi-188260524210405076.chn,2026-05-24 22:11:00,2026,5,2026-06-07 05:23:53.098192,e4057ea1099e9a6ab5c51e7bf459f5f79c6e2f0bed28f4c744c9957c17a380f7,NEW,,0
https://cafef.vn/giu-chuan-hanh-xu-tren-khong-gian-so-188260524170155097.chn,2026-05-24 17:30:00,2026,5,2026-06-07 05:23:53.152462,4455deb656ac09cb3ecf1010fac1a727ae36f58f317e8a37f7b7ea2212ef1c3a,NEW,,0
https://cafef.vn/huong-dan-xac-thuc-sinh-trac-hoc-tren-ung-dung-etax-mobile-188260524160049479.chn,2026-05-24 16:30:00,2026,5,2026-06-07 05:23:53.207341,4f1ed875d9f52901dd8590683429556c55f5f78baaa7de2ed244bf779dcc13e6,NEW,,0
https://cafef.vn/nvidia-du-bao-thi-truong-dien-toan-ai-co-the-dat-200-ty-usd-188260524133344455.chn,2026-05-24 15:30:00,2026,5,2026-06-07 05:23:53.260080,604d82ff738b9eef2fcfda230132151cdeff0a4b3424c33097b197391f700f5a,NEW,,0
https://cafef.vn/tin-vui-cho-tat-ca-nguoi-dung-chatgpt-18826052414495269.chn,2026-05-24 14:49:00,2026,5,2026-06-07 05:23:53.314692,54c64982a3d7619ea94bfac454371af46734d193fe7b56351c8de95b2d2516b0,NEW,,0
https://cafef.vn/bitlocker-bi-be-khoa-chi-voi-mot-chiec-usb-microsoft-len-tieng-do-loi-cho-nguoi-phat-hien-188260524133924195.chn,2026-05-24 14:30:00,2026,5,2026-06-07 05:23:53.369263,85a587597cb3f73ca1de2048a8e72f5299f497750cae53b2706cd0f9e76bf894,NEW,,0
https://cafef.vn/cach-bat-wifi-co-mat-khau-ma-khong-can-biet-mat-khau-don-gian-hieu-qua-nhat-188260524140959005.chn,2026-05-24 14:09:00,2026,5,2026-06-07 05:23:53.422650,40abd94bdfe9d461e95c0338b5968a6d7a3cfb7d857b5d04e3846612c631404f,NEW,,0
https://cafef.vn/xiaomi-dau-tu-28-ty-usd-lam-chip-chuan-bi-ra-mat-chip-rieng-188260524132543502.chn,2026-05-24 13:31:00,2026,5,2026-06-07 05:23:53.477958,0e855bf02c38d79a581b7fb73925f74f58f38e3c60700878e04f22a4e8f1e050,NEW,,0
https://cafef.vn/spotify-tung-app-moi-ai-tu-doc-email-va-lich-roi-lam-podcast-ho-luon-188260524085046473.chn,2026-05-24 10:37:00,2026,5,2026-06-07 05:23:53.529887,7c23f66433bf22287bc69e4c321c6556bd0448105aed4689bc4f9e7867ca2f7f,NEW,,0
https://cafef.vn/samsung-messages-sap-ngung-hoat-dong-188260524092502149.chn,2026-05-24 09:41:00,2026,5,2026-06-07 05:23:53.583686,e8be38d97f75a32189e94fa9177c4b85591527b7e61ed6bada810a779e53e2d3,NEW,,0
https://cafef.vn/canh-giac-chieu-tro-tich-hop-so-do-vao-vneid-188260524071412472.chn,2026-05-24 08:46:00,2026,5,2026-06-07 05:23:53.637413,8a60061c6c929093f01bce6cc6e98eef62310f15a07ccc801c1c71f076015b7a,NEW,,0
https://cafef.vn/chi-voi-prompt-kiem-cho-toi-5-usd-ai-tu-kiem-du-tien-tra-goi-thue-bao-ong-chu-ngoi-khong-huong-loi-188260524071725512.chn,2026-05-24 07:45:00,2026,5,2026-06-07 05:23:53.702390,c964b722b8a0565f46e6e8d567a21c3e07717e9815019ebb2b1522bc9d3aa2cf,NEW,,0
https://cafef.vn/phat-hien-loat-giao-dich-len-toi-gan-100-ty-dong-cong-an-dieu-tra-mot-nguoi-dan-ong-o-ha-noi-188260523170828177.chn,2026-05-23 19:16:00,2026,5,2026-06-07 05:23:53.755766,dc8d371a3d55d907a8c602fae674cd44e1acc1a4fd52ec37e6613c8f89b2229a,NEW,,0
https://cafef.vn/nguoi-dan-phai-kiem-tra-ngay-thong-tin-nay-tren-vssid-188260523164717457.chn,2026-05-23 18:21:00,2026,5,2026-06-07 05:23:53.811831,d43b7ef99353531edff15e58eb5e8ebc3ae23e3c58f2b9b55d2d8a4e9f38c33c,NEW,,0
https://cafef.vn/anthropic-khong-phat-hanh-ai-mythos-vi-qua-nguy-hiem-cloudflare-dung-thu-tren-50-repo-that-roi-dong-y-can-khoa-chat-hon-nua-188260523071205062.chn,2026-05-23 18:00:00,2026,5,2026-06-07 05:23:53.881559,4947e610eb61074468a25a6a9545e71843e7f86d0e47f4aa7f107321d343d1e1,NEW,,0
https://cafef.vn/ha-noi-thu-phi-dien-tu-khong-dung-tai-toan-bo-bai-do-xe-tu-1-7-188260523171715824.chn,2026-05-23 17:30:00,2026,5,2026-06-07 05:23:53.935556,7a02a76e5e21b1a488f6a70a6160f0b3427ef40d308f876ac9e44f18c1e706d8,NEW,,0
https://cafef.vn/nam-thanh-loc-cua-gioi-kol-va-thong-diep-tu-co-quan-quan-ly-18826052314450306.chn,2026-05-23 17:30:00,2026,5,2026-06-07 05:23:53.991345,57efcaa29e0cba32b6cb55c93a3d5885f40b0f35c5a8568419853de857f76cbd,NEW,,0
https://cafef.vn/spacex-chi-28-ty-usd-mua-turbine-khi-cho-trung-tam-du-lieu-ai-188260523135327795.chn,2026-05-23 16:30:00,2026,5,2026-06-07 05:23:54.046898,7cdc5408be63c6e77c975b454d17a5319563d75ec2fbbbfc29616f6a3b9ec287,NEW,,0
https://cafef.vn/co-quan-thue-vua-co-thong-bao-quan-trong-den-nguoi-nop-thue-tren-ca-nuoc-188260523154934906.chn,2026-05-23 15:53:00,2026,5,2026-06-07 05:23:54.108825,116122adffe6a09a502afcf2be15e5b34b29173797a3431a0dee12c8899a1b6d,NEW,,0
https://cafef.vn/gia-nhom-tang-vot-startup-ai-my-kiem-loi-tu-dong-rac-188260523151949566.chn,2026-05-23 15:39:00,2026,5,2026-06-07 05:23:54.164504,a96c1e52f7313fd52bdcc1317834d2273993bcd08e342f775b69326b4a4a051d,NEW,,0
https://cafef.vn/sau-hon-2-thang-chuyen-khoan-thanh-cong-53513000-dong-nguoi-phu-nu-sn-1991-phai-den-cong-an-trinh-bao-188260523142452346.chn,2026-05-23 14:26:00,2026,5,2026-06-07 05:23:54.221381,2b50ebe16324b44da5afeb2fadc9b3056f8e084bd5c20c29abde88c704a29d33,NEW,,0
https://cafef.vn/bai-2-muon-co-hang-trieu-doanh-nghiep-mot-nguoi-phai-cai-cach-the-che-188260523135556457.chn,2026-05-23 14:21:00,2026,5,2026-06-07 05:23:54.280000,554495e980e0596b4d9c39c91bcccb35b861d3dc9241133e516c61822723ae32,NEW,,0
https://cafef.vn/cuu-ceo-google-bi-phan-doi-giua-le-tot-nghiep-gen-z-khong-con-tin-ai-la-tuong-lai-tuoi-sang-18826052313062123.chn,2026-05-23 13:33:00,2026,5,2026-06-07 05:23:54.334606,963654d1a7e2e3acf4c1f20257c06dfc5d64a4c3d390674cbb48d376e956be42,NEW,,0
https://cafef.vn/soc-thue-ky-su-van-re-hon-duy-tri-tro-ly-ai-bai-hoc-khien-microsoft-quay-xe-uber-chay-tui-sau-4-thang-vi-nuoi-may-dat-hon-tuyen-nguoi-188260523095550896.chn,2026-05-23 11:36:00,2026,5,2026-06-07 05:23:54.390179,d18c13e44ec03c094d6ceb63481ceab0f152cb7487a82e6a1013776668f4075f,NEW,,0
https://cafef.vn/loi-khuyen-cho-nguoi-dat-xe-qua-app-green-sm-188260523112530192.chn,2026-05-23 11:25:00,2026,5,2026-06-07 05:23:54.445111,fec3cf9c39c77d919471a05ea9f7ae13476f30c85c7ce20bfa5a90b50c0c68e0,NEW,,0
https://cafef.vn/canh-giac-thu-doan-chiem-doat-tai-khoan-zalo-roi-nhan-tin-lua-muon-tien-188260523090937487.chn,2026-05-23 10:20:00,2026,5,2026-06-07 05:23:54.500538,a7ca78e2ad27d073fb7c0e2b3ec5d7d8ff34780b006d049bbb31f0a51bdd817b,NEW,,0
https://cafef.vn/nha-sang-lap-vincss-canh-bao-bong-ma-q-day-tren-thi-truong-tien-so-1500-ty-usd-tai-sao-bitcoin-dang-o-muc-bao-dong-do-188260523093649072.chn,2026-05-23 09:49:00,2026,5,2026-06-07 05:23:54.556490,fdf6c372c213a1f91708e3d8414ecb0a9e19139020085b1268fda89a42cbbf09,NEW,,0
https://cafef.vn/canh-bao-tu-chuyen-gia-ibm-ai-co-the-phan-boi-va-dang-toan-bo-bi-mat-kinh-doanh-cho-doi-thu-188260523070433138.chn,2026-05-23 08:44:00,2026,5,2026-06-07 05:23:54.675443,f8b08d7bf8bbe934c23b9a1013b1c6e6874b2e54a2f83c64990c096f8c9e57c3,NEW,,0
https://cafef.vn/lanh-dao-amazon-tin-tuong-viet-nam-co-tiem-nang-tro-thanh-quoc-gia-hang-dau-khu-vuc-ve-cong-nghe-18826052307203198.chn,2026-05-23 08:06:14,2026,5,2026-06-07 05:23:54.775206,d7f92a1c98a04fd2b42f17e78d8f2fa24392b4f5508f005690e5282cf6af5617,NEW,,0
https://cafef.vn/hacker-danh-cap-du-lieu-cua-2-co-quan-cap-bo-o-vn-muc-do-rat-nghiem-trong-bo-cong-an-dang-vao-cuoc-188260523074029678.chn,2026-05-23 08:06:00,2026,5,2026-06-07 05:23:54.845773,55a70d09221be9ce6d6c2520c89ddfdc260b1242c64cdf02e246ddac6b9f1a6f,NEW,,0
https://cafef.vn/phat-hien-thu-doan-moi-cuc-nguy-hiem-khien-tat-ca-otp-dang-nhap-tai-khoan-ngan-hang-vi-dien-tu-cua-nguoi-dung-chuyen-thang-cho-lua-dao-188260522204659278.chn,2026-05-22 20:46:00,2026,5,2026-06-07 05:23:54.910186,c71df1cd56448ba3c923a3b6d38551d62bf56d32e6994efe94c9c9973d55a4df,NEW,,0
https://cafef.vn/vi-sao-lua-dao-biet-ro-thong-tin-tai-khoan-ngan-hang-mat-khau-va-ma-otp-cua-nan-nhan-188260522160332461.chn,2026-05-22 18:01:00,2026,5,2026-06-07 05:23:54.972565,f8f91d0786c3d0cb6ac8931e60778d7ae486a0e7f35cf37e3535693932b1b622,NEW,,0
https://cafef.vn/giau-nhu-microsoft-cung-khong-chiu-noi-hoa-don-claude-code-phai-huy-goi-cua-hang-nghin-ky-su-du-duoc-ua-thich-188260522133606132.chn,2026-05-22 16:44:00,2026,5,2026-06-07 05:23:55.025919,18510c99067b2c5ca4bc6451509edeea742553414a1228c617afda8110f62aa9,NEW,,0
https://cafef.vn/cuoc-choi-ai-tu-co-hoi-xuat-khau-den-nang-cap-san-xuat-188260522145515327.chn,2026-05-22 15:10:00,2026,5,2026-06-07 05:23:55.084583,96bdfc4d348b56b9846684f732bf64364d042baea138185ff4af2e75a828798e,NEW,,0
https://cafef.vn/khoan-498-lo-sau-tong-46000m-viet-nam-phat-hien-40-mo-vang-va-70-loai-kho-bau-moi-cong-nghe-tham-do-dang-sau-co-gi-188260522144056321.chn,2026-05-22 14:40:00,2026,5,2026-06-07 05:23:55.141638,f4dd0c9fbefa480e2bc8c3fc91e8a693c77a8fccb429ed8ba453c75c4f30d80d,NEW,,0
https://cafef.vn/nong-vien-thong-viet-nam-sap-co-mot-thuong-hieu-di-dong-moi-hoan-toan-ngay-nam-nay-188260522132654591.chn,2026-05-22 14:14:00,2026,5,2026-06-07 05:23:55.207845,867753bef8823e66d19678d6da2e7ce1aeca2f1110100337059c98be35ab3081,NEW,,0
https://cafef.vn/sa-thai-8750-nhan-su-ceo-satya-nadella-di-viet-code-ga-khong-lo-3000-ty-usd-microsoft-va-mo-hoi-khi-mat-357-ty-usd-trong-1-phien-18826052213383116.chn,2026-05-22 13:46:00,2026,5,2026-06-07 05:23:55.265893,1b938e4ec86258609a159c12387e96bcca16263537783ce454e54ac742fc576e,NEW,,0
https://cafef.vn/quet-khuon-mat-theo-huong-dan-can-bo-thue-nguoi-phu-nu-mat-sach-tien-trong-tai-khoan-188260522102918627.chn,2026-05-22 11:25:00,2026,5,2026-06-07 05:23:55.324183,38b7c4a50e0fa573c70e751d4684ca410f229278ab527f291a91c7472772b8c2,NEW,,0
https://cafef.vn/thong-tin-quan-trong-ve-tich-hop-so-do-tren-vneid-188260522104636826.chn,2026-05-22 10:48:00,2026,5,2026-06-07 05:23:55.380869,d1e955adeb5e5d8a2168335255522262f0b7bfd7b4b374d47344512063fdf715,NEW,,0
https://cafef.vn/loi-khuyen-cho-tat-ca-nhung-ai-hay-trao-doi-cong-viec-qua-zalo-188260522104627279.chn,2026-05-22 10:48:00,2026,5,2026-06-07 05:23:55.439752,2959a3999d39aa24e0e894cf7e469fbda70c6a09e57f2675e0297abf9563478e,NEW,,0
https://cafef.vn/kich-ban-ac-mong-cho-cac-hang-tv-truyen-thong-khi-cau-hinh-bi-binh-dan-hoa-ai-moi-la-ke-nam-giu-quyen-luc-that-su-188260522093834466.chn,2026-05-22 10:07:00,2026,5,2026-06-07 05:24:13.024838,d1ba19042f88a02c2ec2e505c1973da8149fa92e37d88a32a9cb302b6c84dea2,NEW,,0
https://cafef.vn/pho-wall-lo-ngai-bong-bong-dau-tu-ai-188260522092531292.chn,2026-05-22 09:31:00,2026,5,2026-06-07 05:24:13.076822,5ca617874bcb0f66c608db0335c6ecc2d504f6bf57538e0103049350b861606d,NEW,,0
https://cafef.vn/52-doanh-nghiep-viet-tung-bi-tan-cong-mang-he-lo-tu-huyet-trong-ky-nguyen-ai-188260522080254372.chn,2026-05-22 09:06:00,2026,5,2026-06-07 05:24:13.126877,908ee76cac92282d2a10d345a76fc57b4d81a1b0bb2d986c0ec58513bddc8d7e,NEW,,0
https://cafef.vn/so-dien-thoai-da-chinh-chu-nhung-nguoi-dung-van-co-the-bi-khoa-sim-neu-chua-lam-buoc-nay-tren-vneid-can-kiem-tra-ngay-188260522085037041.chn,2026-05-22 08:49:00,2026,5,2026-06-07 05:24:13.182510,18e283ee136d23dc15e87ef33b67e73377aacec6971a2b76e0dfa186869c7325,NEW,,0
https://cafef.vn/bo-cong-an-noi-gi-ve-lo-ngai-chia-se-du-lieu-camera-an-ninh-voi-cong-an-xa-anh-huong-quyen-rieng-tu-cua-nguoi-dan-188260522084755011.chn,2026-05-22 08:47:00,2026,5,2026-06-07 05:24:13.233398,eaf9cb7bfd6d24a57db1664c40498d0089264d21e94e24ad9de0e848f3746b78,NEW,,0
https://cafef.vn/meta-sa-thai-8000-nhan-vien-khi-lan-song-ai-can-quet-nganh-cong-nghe-188260522072945615.chn,2026-05-22 08:27:00,2026,5,2026-06-07 05:24:13.284596,907ee2a3c101d5aec026da1ffe91bcc97409a090bbbfa008ebfc317b26a1f190,NEW,,0
https://cafef.vn/tuong-ai-tieu-diet-quang-cao-google-hoa-ra-doanh-thu-van-tang-19-tai-sao-lai-nhu-vay-188260522072018995.chn,2026-05-22 07:56:00,2026,5,2026-06-07 05:24:13.334318,685f34ca0a8f108f690a696d58120319c4b54ec18a43c43c1ee89677ed1a5678,NEW,,0
https://cafef.vn/ty-phu-elon-musk-du-bao-tuong-lai-20-nam-nua-gay-chan-dong-con-nguoi-van-nen-hoc-dai-hoc-188260522071804725.chn,2026-05-22 07:20:00,2026,5,2026-06-07 05:24:13.384577,c8ea19995e06393ac497bc5bd3b476f86a4005b6a8b1eb64146fe018e78b5df5,NEW,,0
https://cafef.vn/tu-1-7-hang-trieu-nguoi-dung-mxh-o-viet-nam-chu-y-chi-can-lam-viec-nay-co-the-bi-phat-toi-50-trieu-dong-18826052116540303.chn,2026-05-21 22:53:00,2026,5,2026-06-07 05:24:13.434954,e415684e77a28a1a43e7db20785470db87244c1d146b5903ebc61608e241d16b,NEW,,0
https://cafef.vn/fpt-bo-nhiem-giam-doc-chuyen-doi-ai-tap-doan-188260521173436264.chn,2026-05-21 17:34:00,2026,5,2026-06-07 05:24:13.484768,1cf897d6fa05043c104e1ac8c165c26acf6232798bbdac46286e78126e9ca007,NEW,,0
https://cafef.vn/tong-bi-thu-chu-tich-nuoc-phai-co-tu-duy-dung-di-sau-nhung-khong-di-cham-188260521162131824.chn,2026-05-21 17:30:00,2026,5,2026-06-07 05:24:13.534434,44c5f759e1be6e998706c7f7220471fc51012da31d92ea0213c290405f55686e,NEW,,0
https://cafef.vn/ceo-intel-thua-nhan-mat-ngoi-dau-trung-tam-du-lieu-hua-se-lay-lai-188260521161850229.chn,2026-05-21 17:15:00,2026,5,2026-06-07 05:24:13.585706,82e05036e5db25f02b5b20a2bd0e8cb7408ca25f371d3815269bb0edd788c941,NEW,,0
https://cafef.vn/google-them-ai-vao-gmail-khong-can-go-tim-kiem-cu-hoi-thang-la-ra-ngay-188260521161931756.chn,2026-05-21 16:45:00,2026,5,2026-06-07 05:24:13.636543,d8ec957a0c6dc7b8de0bce3f217db2edef02d6634dc1d133b2a4c461ae3b34b5,NEW,,0
https://cafef.vn/chuyen-gia-hieu-pc-canh-bao-chi-bang-thao-tac-nay-nguoi-dan-tu-cung-cap-toan-bo-du-lieu-ca-nhan-188260521164524986.chn,2026-05-21 16:44:00,2026,5,2026-06-07 05:24:13.688746,b352418e56d636b5463a2ae8dd0033f4026a10f5082888612e9cb67478eff450,NEW,,0
https://cafef.vn/co-quan-chuc-nang-dang-lam-viec-voi-shopee-tiktok-shop-ve-chinh-sach-tang-phi-tu-thang-5-2026-188260521160745625.chn,2026-05-21 16:12:00,2026,5,2026-06-07 05:24:13.801445,14d98a6380655ee2e90b3f9da337d2e6272cf9f56758fe1d9155d7118ef8f306,NEW,,0
https://cafef.vn/tat-ca-nguoi-dan-su-dung-mang-xa-hoi-chu-y-quy-dinh-phat-toi-50-trieu-dong-tu-1-7-188260521160525254.chn,2026-05-21 16:08:00,2026,5,2026-06-07 05:24:13.853696,0814464cac1f865fa62ce9779297e97602d0bde990e8bf89cf1884a5cfc7ed85,NEW,,0
https://cafef.vn/them-mot-cong-ty-ai-dat-loi-nhuan-ky-luc-188260521153344543.chn,2026-05-21 15:50:00,2026,5,2026-06-07 05:24:13.904616,8a13591c3ea89757cad6d99e58faffc29584935763259eb97ff9ff963895a831,NEW,,0
https://cafef.vn/google-maps-sap-co-thay-doi-moi-tai-viet-nam-188260521142246383.chn,2026-05-21 15:44:00,2026,5,2026-06-07 05:24:13.955365,eda312e68b966db0e1991270af906ad813fede06df437a76d37ea01c4fa74e03,NEW,,0
https://cafef.vn/cong-an-khuyen-khich-nguoi-dan-thuong-xuyen-thuc-hien-dieu-nay-tren-zalo-188260521152357596.chn,2026-05-21 15:24:00,2026,5,2026-06-07 05:24:14.006211,a0fd7f3d977ba56ee6c1931843f4324499efd645d3867b095f010668fbe33293,NEW,,0
https://cafef.vn/cuu-sang-lap-openai-gia-nhap-anthropic-188260521134020833.chn,2026-05-21 15:05:00,2026,5,2026-06-07 05:24:14.061834,00059883a943b64988cfe1db7ff61e198d41af864e0eb94eb54c1c47a49fc7a4,NEW,,0
https://cafef.vn/cong-an-phat-thong-bao-quan-trong-ve-giao-dich-nhan-chuyen-tien-co-noi-dung-sau-nguoi-dan-dac-biet-luu-y-188260521145412428.chn,2026-05-21 14:55:00,2026,5,2026-06-07 05:24:14.123433,045752d597c30815ede30d8f75f68d722095db372fbee99064ced66d8e57b0e7,NEW,,0
https://cafef.vn/vi-sao-nganh-thue-yeu-cau-nguoi-dan-xac-thuc-sinh-trac-hoc-tren-etax-mobile-188260521134834539.chn,2026-05-21 14:35:00,2026,5,2026-06-07 05:24:14.174540,f18a1fa3f54ba24f0c8833a3d420412c488bddb74287605e8ff5c107e307cf2f,NEW,,0
https://cafef.vn/ai-va-nvidia-khien-nha-may-tsmc-bi-tac-nghen-hang-loat-lien-minh-cong-nghe-la-dot-nhien-xuat-hien-188260521134132934.chn,2026-05-21 14:05:00,2026,5,2026-06-07 05:24:14.225212,a106e97604f96ddc7ef83e1eda6592242bca0d13c0233e6861c72268321087f8,NEW,,0
https://cafef.vn/tien-si-nguoi-viet-tai-google-deepmind-chi-ra-cuoc-cai-cach-viet-nam-can-thuc-hien-de-co-the-tao-ra-doi-ngu-cha-de-ai-the-he-moi-188260521132831333.chn,2026-05-21 13:58:00,2026,5,2026-06-07 05:24:14.275405,29f5db6010784417ae1b69b74210974156b6a5623bb9d35b7d0cd5b18767f83d,NEW,,0
https://cafef.vn/bao-hiem-xa-hoi-co-thong-bao-quan-trong-toi-nguoi-dan-188260521133414918.chn,2026-05-21 13:37:00,2026,5,2026-06-07 05:24:14.327096,2e408469c819b56b7156351cfefc8d2eedd21b785b83f8ba7738fb446774f7d8,NEW,,0
https://cafef.vn/muon-nhan-600-ty-usd-hay-dua-1-trieu-nguoi-len-sao-hoa-lo-dien-ke-hoach-xay-dung-thuoc-dia-vu-tru-cua-elon-musk-sau-ho-so-ipo-spacex-188260521133324004.chn,2026-05-21 13:33:00,2026,5,2026-06-07 05:24:14.378925,947c8e12cf703ab6e4bb15508395ca28914c8e66fad0d68bd71f0d4db2665ee9,NEW,,0
https://cafef.vn/mark-zuckerberg-len-tieng-sau-vu-sa-thai-8000-nguoi-tai-meta-dang-sau-loi-hua-la-tham-vong-ai-dien-cuong-va-bong-ma-tu-dong-hoa-188260521093453935.chn,2026-05-21 11:35:00,2026,5,2026-06-07 05:24:14.428817,f8a2d0a5c2e8ed5339f07286c1341f3f88396b368cdbd9237bdce5ea68d5ddc7,NEW,,0
https://cafef.vn/ca-the-gioi-dang-lo-cho-tin-nhan-cua-minh-con-nguoi-dung-viet-thi-sao-18826052109410218.chn,2026-05-21 10:50:00,2026,5,2026-06-07 05:24:14.479535,46e07c6bf915dcfe984b93326e8fdd5f8cbaa74ef1247a831ab395874a5291f7,NEW,,0
https://cafef.vn/tai-khoan-mb-cua-nguoi-dan-ong-sn-1982-phat-sinh-giao-dich-8-trieu-dong-cong-an-vao-cuoc-xac-minh-nguon-goc-so-tien-188260521103904383.chn,2026-05-21 10:48:00,2026,5,2026-06-07 05:24:14.542764,3891fac7320d3c13823cc5b3434bff97721c34e734e6d83338c24acd9e4cba79,NEW,,0
https://cafef.vn/cong-nghe-21-5-viet-nam-tien-vao-top-50-he-sinh-thai-khoi-nghiep-toan-cau-188260521093828055.chn,2026-05-21 10:10:00,2026,5,2026-06-07 05:24:14.593336,c07d8573df597a99dcd4bb17de24273067e575a6c4e6e7204a516971aed9568b,NEW,,0
https://cafef.vn/google-ra-mat-ai-chay-ngam-trong-search-tu-cap-nhat-tin-tuc-thay-nguoi-dung-188260521085146935.chn,2026-05-21 09:38:00,2026,5,2026-06-07 05:24:14.646437,bae82a0068b17c2fd907996ed117e2627ab28adaba1cc0965152f157b76a3047,NEW,,0
https://cafef.vn/google-tung-mot-loat-ung-dung-ai-khong-tuong-moi-tuyen-bo-nhanh-gap-4-lan-doi-thu-gia-re-bang-mot-nua-188260521074325552.chn,2026-05-21 08:55:00,2026,5,2026-06-07 05:24:14.698230,0627743f4dd299cbfb829741c43f2e907dd36b52ef621e9070168199abdd34bb,NEW,,0
https://cafef.vn/doanh-nghiep-xai-phan-mem-thong-qua-cac-phien-ban-be-khoa-co-the-bi-phat-tu-phat-tien-3-ti-dong-188260521071744792.chn,2026-05-21 08:22:00,2026,5,2026-06-07 05:24:14.749896,0a27fbb5eee5ab08ebe6f8fab9544c9724a2d2a36619d425155f935610413736,NEW,,0
https://cafef.vn/tat-ca-nguoi-dan-co-con-duoi-14-tuoi-can-lam-dieu-nay-cang-som-cang-tot-188260521071625547.chn,2026-05-21 07:43:00,2026,5,2026-06-07 05:24:14.800675,0f0b281fad76cd10c6532a1f0bd9443c1f5b4ad4a985a8322b0955015fd162c0,NEW,,0
https://cafef.vn/cong-an-co-thong-bao-quan-trong-toi-nguoi-dan-thuong-xuyen-su-dung-wifi-188260520160000813.chn,2026-05-20 16:54:00,2026,5,2026-06-07 05:24:14.849717,922a719d7fcdf58fb4b65b795f9424687ace78181dfdf9b3910926e775f994d4,NEW,,0
https://cafef.vn/nhung-thu-tuc-hanh-chinh-co-the-thuc-hien-de-dang-tren-vneid-188260520143308917.chn,2026-05-20 15:52:00,2026,5,2026-06-07 05:24:14.900039,e0bf8ce28dffeb47a8beaacbb1a028daf4a33d808bf0579f0fc8618acd556009,NEW,,0
https://cafef.vn/phat-hien-nhan-vien-ngan-hang-co-tinh-tri-hoan-phuc-vu-cu-ong-chuyen-khoan-200-trieu-dong-cong-an-ha-noi-vao-cuoc-dieu-tra-188260520153018641.chn,2026-05-20 15:30:00,2026,5,2026-06-07 05:24:14.951489,296810205a30b18817c09dd6deafd64acbc2cfb145b851f7808cd8a19acb0f38,NEW,,0
https://cafef.vn/co-quan-thue-gui-thong-bao-quan-trong-lien-quan-den-ung-dung-etax-mobile-va-vneid-188260520142632178.chn,2026-05-20 15:27:00,2026,5,2026-06-07 05:24:15.001658,d273d6affbeb10b427f3dd5522d646407bd8f5bfb29db81d6ee5f86e9192301b,NEW,,0
https://cafef.vn/thuc-day-chuyen-doi-so-va-toi-uu-nang-luong-huong-toi-mo-hinh-van-hanh-ben-vung-cho-nganh-nuoc-viet-nam-188260520152707344.chn,2026-05-20 15:26:00,2026,5,2026-06-07 05:24:15.052571,ccf35da1273b659216abf6cce1a322a5e32a038eaf42d0b50dd0f0e7d160b541,NEW,,0
https://cafef.vn/google-vua-khai-tu-khai-niem-chatbot-ky-nguyen-nhan-su-khong-ngu-chinh-thuc-bat-dau-doanh-nghiep-co-the-tiet-kiem-1-ty-usd-nam-188260520131050317.chn,2026-05-20 14:36:00,2026,5,2026-06-07 05:24:15.108750,6535cee7783f68bcdfa8b5c0569d6f77dd8f0944f47ad721f6ed47a082c0d1fe,NEW,,0
https://cafef.vn/tat-ca-nhung-ai-da-thuc-hien-giao-dich-chuyen-tien-toi-so-tai-khoan-nay-can-bao-ngay-cong-an-188260520130759575.chn,2026-05-20 14:14:00,2026,5,2026-06-07 05:24:15.173074,ee5a0467b694c449ec618b2577f8c7a3596b3dfc0a6c87573f82deccf70eaac3,NEW,,0
https://cafef.vn/nong-mot-ky-lan-cong-nghe-vua-thong-bao-pha-san-188260520132146483.chn,2026-05-20 13:32:00,2026,5,2026-06-07 05:24:15.225699,71e717207957a05c1936d8a43336a7a24abd362c1be500d4ffe7d4f5e1530c1a,NEW,,0
https://cafef.vn/tranh-thu-tieu-het-quyen-loi-truoc-gio-bi-sa-thai-khong-khi-van-phong-cua-8000-nhan-vien-meta-thap-thom-cho-email-sa-thai-luc-4-gio-sang-188260520095307838.chn,2026-05-20 11:35:00,2026,5,2026-06-07 05:24:15.275981,69966bc43937cbda0ec2679dabc2312d5e4a5ebf3468f5e4969c3dcbc602a42b,NEW,,0
https://cafef.vn/cong-an-canh-bao-khan-den-nguoi-nhan-duoc-tin-nhan-zalo-facebook-co-noi-dung-sau-188260520105747175.chn,2026-05-20 11:00:00,2026,5,2026-06-07 05:24:15.326091,00f437e04ff93773d386a7f31003dd4a541fa6ed3e181df1120a9e3df96b9851,NEW,,0
https://cafef.vn/chi-trong-1-tuan-hon-1500-cua-hang-lot-tam-ngam-phat-nguoi-camera-ai-chi-phat-hien-hon-100-truong-hop-hon-1400-vi-pham-con-lai-den-tu-camera-chay-bang-com-188260520105705407.chn,2026-05-20 10:56:00,2026,5,2026-06-07 05:24:15.378355,fee4059a6ae25ffccdb532c3d7b338ba21a51810e7b258afb9ae79d705184390,NEW,,0
https://cafef.vn/sinh-vien-gioi-gia-tang-ke-tu-khi-chatgpt-xuat-hien-188260520103428633.chn,2026-05-20 10:51:00,2026,5,2026-06-07 05:24:35.059036,cde455ec480f07043a04f3be647eaa52ed083ec047ecc227aa53b4aa7503fb11,NEW,,0
https://cafef.vn/cong-nghe-20-5-kinh-thong-minh-va-ai-tao-video-gay-sot-tai-google-i-o-188260520091621767.chn,2026-05-20 09:50:00,2026,5,2026-06-07 05:24:35.113844,1e5b36ffb6f7e596a1a8c5470749cd7fab438f02eb859e51162c887758f9b3a5,NEW,,0
https://cafef.vn/mo-hinh-startup-1-nguoi-kiem-15-trieu-usd-thang-ban-cong-ty-80-trieu-usd-sau-nua-nam-bi-mat-nam-o-ai-188260520083026391.chn,2026-05-20 09:21:00,2026,5,2026-06-07 05:24:35.165847,ded8c51abd1e67399732e261f8965b4248e7ab45354b06ab7b74bcfc23065ae7,NEW,,0
https://cafef.vn/mua-cac-ung-dung-tri-tue-nhan-tao-co-phai-chiu-thue-188260520083649466.chn,2026-05-20 09:02:00,2026,5,2026-06-07 05:24:35.217580,e038cfd6fd86263d9e228951900a13953a413a0b182c3c67d1d469cd6de65bcf,NEW,,0
https://cafef.vn/du-lieu-dang-kiem-duoc-dung-thay-cho-4-loai-giay-to-hanh-chinh-188260520073443265.chn,2026-05-20 08:00:00,2026,5,2026-06-07 05:24:35.269987,b68c1645a62cd6df11743e7ef89ef75e3a43c14fc87757e1890381056bdea823,NEW,,0
https://cafef.vn/dat-toc-do-8000-mt-s-ddr5-ram-trung-quoc-cham-nguong-hieu-nang-cua-samsung-va-sk-hynix-chuan-bi-ban-sang-my-188260520073153901.chn,2026-05-20 08:00:00,2026,5,2026-06-07 05:24:35.321104,5b06ada79e71b0159c305b80566b4d17e98e11dd793cca9351a98b0b5c052982,NEW,,0
https://cafef.vn/dai-dien-fpt-nguoi-dung-san-sang-tra-tien-cho-chatgpt-hay-anthropic-co-sao-doanh-nghiep-van-tiec-tien-xay-nen-mong-du-lieu-18826052007275341.chn,2026-05-20 07:31:00,2026,5,2026-06-07 05:24:35.373336,c4028b726cc7a5e79c39805e1a379d3d55d86a5c086ff3c3951c84936ce39690,NEW,,0
https://cafef.vn/chu-tich-fpt-truong-gia-binh-fpt-bat-tay-doi-tac-nhat-ban-de-ung-dung-cong-nghe-dac-biet-la-ai-vi-suc-khoe-con-nguoi-188260519195337322.chn,2026-05-19 19:53:00,2026,5,2026-06-07 05:24:35.424561,b194a401abae4517c3b2c5839d8a73b15299df173746b0fa84db4c56c841cba9,NEW,,0
https://cafef.vn/sau-khi-chuyen-khoan-lien-tiep-toi-1-ty-dong-cho-con-gai-dang-o-nuoc-ngoai-cu-ba-76-tuoi-phai-den-trinh-bao-cong-an-188260519170429257.chn,2026-05-19 18:59:00,2026,5,2026-06-07 05:24:35.476702,cf20d2236d763fd77dee92642b2281b40a1c5d9f44468e5b24217e05278b60c0,NEW,,0
https://cafef.vn/loi-khuyen-toi-tat-ca-gia-dinh-dang-lap-camera-trong-nha-188260519175855266.chn,2026-05-19 17:59:00,2026,5,2026-06-07 05:24:35.527160,3e023f91ba9b68ec5ee85935bbed08214a381e1ef3940b57c77e64a4e878e2b2,NEW,,0
https://cafef.vn/doi-tac-nha-hang-cua-grab-dau-don-hang-188260519173858331.chn,2026-05-19 17:38:00,2026,5,2026-06-07 05:24:35.578935,f88ca960acf9811352cb88fd29e28b824dc3914c6f64104ddc7cab7a102420cb,NEW,,0
https://cafef.vn/moi-cu-click-chuot-deu-thanh-du-lieu-huan-luyen-ai-cuoc-dua-tao-nhan-vien-so-dang-lam-dao-lon-thi-truong-lao-dong-188260519164755626.chn,2026-05-19 17:30:00,2026,5,2026-06-07 05:24:35.630865,45b245715fc977fc6e158b6f6ff6d7ad9d3b1c9da88769a1272b7b1d75432724,NEW,,0
https://cafef.vn/nhan-cuoc-goi-co-noi-dung-nay-nguoi-dan-can-trinh-bao-ngay-cho-co-quan-cong-an-188260519170940946.chn,2026-05-19 17:11:00,2026,5,2026-06-07 05:24:35.684830,b4bb2f32428c5a51584a4bcceeb4884ff7bf82af6d18c5b2c228e9d68855167a,NEW,,0
https://cafef.vn/thay-doi-quan-trong-lien-quan-den-the-can-cuoc-nguoi-dan-dac-biet-chu-y-188260519151037312.chn,2026-05-19 16:54:00,2026,5,2026-06-07 05:24:35.736880,bedb2d8adbda9e80b769124dc60054147f6abc4630cc687661f5b866c25d2e5d,NEW,,0
https://cafef.vn/ai-vua-xuat-hien-nghe-viet-thue-an-danh-mat-sach-khach-chi-sau-vai-tuan-lieu-cong-viec-san-xuat-noi-dung-co-bien-mat-188260519162005707.chn,2026-05-19 16:30:00,2026,5,2026-06-07 05:24:35.800139,7c103bd62455e159fd4146aa977da9084cc97bb7aa2e422bda56a1aa43eb2523,NEW,,0
https://cafef.vn/chua-tung-co-big-four-do-ty-usd-san-lung-ky-su-ai-hon-ca-kiem-toan-truyen-thong-lieu-thoi-hoang-kim-cua-nhung-tam-bang-cpa-da-het-188260519150814714.chn,2026-05-19 16:11:00,2026,5,2026-06-07 05:24:35.851686,f50d4b89df41ce552252f9e2faadacf980e0ef2f0fef7bc338692aae68d9991c,NEW,,0
https://cafef.vn/10-meo-cuc-ky-huu-ich-tren-iphone-phien-ban-ios-26-18826051914490479.chn,2026-05-19 15:30:00,2026,5,2026-06-07 05:24:35.905970,b950646440bbfcae477aaf6e6645220bce9cf245c16a909cf17ad8a064af1588,NEW,,0
https://cafef.vn/dot-ham-lon-nhat-the-gioi-nang-80000-tan-chim-xuong-nuoc-15000-nguoi-ho-reo-vi-thanh-cong-lon-du-an-6-ty-usd-lap-ky-luc-moi-188260519140617385.chn,2026-05-19 15:08:00,2026,5,2026-06-07 05:24:35.963287,96c41281ddee2e3f6035ed238ec1f44743aaabe5ce07b5b7a5a4cd9125337ff0,NEW,,0
https://cafef.vn/tin-vui-voi-nguoi-nop-thue-tren-ca-nuoc-188260519133717174.chn,2026-05-19 14:37:00,2026,5,2026-06-07 05:24:36.020993,193a2ca472b813f0242f2c0bb6623af054826f030f689b3c68ab72c77fbe2927,NEW,,0
https://cafef.vn/loi-khuyen-cho-tat-ca-nhung-ai-hay-gui-hinh-anh-tai-lieu-qua-zalo-188260519142840098.chn,2026-05-19 14:30:00,2026,5,2026-06-07 05:24:36.140497,1356f1f027973b6602aa427b86502e3c1d42c55b35661a01b19554786dc374a2,NEW,,0
https://cafef.vn/chuyen-la-he-thong-camera-ai-khien-ca-thi-tran-phai-ban-bo-tinh-trang-khan-cap-188260519141818594.chn,2026-05-19 14:30:00,2026,5,2026-06-07 05:24:36.256873,da24505836ca5513d11b094f6174a795273a56a4e6c00cf274308514ede4634d,NEW,,0
https://cafef.vn/chi-voi-1-cau-lenh-cho-ai-nguoi-dung-co-the-kiem-hon-13-trieu-dong-thang-188260519134420007.chn,2026-05-19 13:44:00,2026,5,2026-06-07 05:24:36.311363,ca0fa01e4290ba7c3e7d758f6cac96363b725f8c070c10766ac78f52463fe6d5,NEW,,0
https://cafef.vn/siri-co-the-tu-dong-xoa-lich-su-tro-chuyen-188260519082158088.chn,2026-05-19 13:32:00,2026,5,2026-06-07 05:24:36.362954,bdc0cc767be5b593ed9e5776fa0825e2600d881d3fb51480daf1be6639127783,NEW,,0
https://cafef.vn/cho-den-trung-quoc-ban-api-claude-ai-re-hon-90-so-voi-hang-that-tuong-hoi-nhung-hoa-ra-nguoi-dung-moi-la-mon-hang-bi-ban-188260519071000513.chn,2026-05-19 11:39:00,2026,5,2026-06-07 05:24:36.416547,11efa1c91a041242855a43ca911c098f906893e9261e2e4f5175980e7fa38eba,NEW,,0
https://cafef.vn/khai-tu-thanh-tim-kiem-truyen-thong-900-trieu-nguoi-trung-quoc-dang-bi-ai-agent-tai-dinh-nghia-cach-tieu-736-ty-usd-188260519092429774.chn,2026-05-19 10:49:00,2026,5,2026-06-07 05:24:36.468742,c745279331b52f410fb3472638e60c675ce3301625c3648ba5751b9dd271324c,NEW,,0
https://cafef.vn/meta-bat-dau-sa-thai-hang-chuc-nghin-nguoi-tu-tuan-nay-su-khac-nghiet-cua-co-may-ai-ben-trong-cong-ty-ty-usd-188260519101010129.chn,2026-05-19 10:13:00,2026,5,2026-06-07 05:24:36.524253,021a32710a2ab3ae99616e7423760c6d5b6f64b439c809ac64f8d8f9831e427d,NEW,,0
https://cafef.vn/ca-nhan-ho-kinh-doanh-duoi-1-ty-dong-can-lam-ngay-viec-sau-de-tranh-bi-phat-tien-len-den-16-trieu-dong-188260519093601435.chn,2026-05-19 09:35:00,2026,5,2026-06-07 05:24:36.578509,03dc0b75761f5de5cbf38fdb79ced4a1fd0c717aa297c2d37446dcfa0ab41e3c,NEW,,0
https://cafef.vn/huong-dan-chi-tiet-cac-buoc-dinh-danh-dien-tu-cho-nguoi-duoi-14-tuoi-tren-vneid-188260519082604377.chn,2026-05-19 09:16:00,2026,5,2026-06-07 05:24:36.633118,2c31ee5ade7bcaf8c3a78ac2facf46b91299cb9c8591cea1f2bff933da532428,NEW,,0
https://cafef.vn/chi-tu-mot-dong-binh-luan-livestream-nguoi-phu-nu-bay-luon-tram-trieu-188260519074638815.chn,2026-05-19 08:46:00,2026,5,2026-06-07 05:24:36.688915,21361a315ec89c9df148ff706a3e0c97676ac9185b6829c371cd24b3aac7922c,NEW,,0
https://cafef.vn/du-an-trung-tam-du-lieu-ai-1-ty-usd-cua-microsoft-be-tac-tong-thong-kenya-thua-nhan-phai-cat-dien-nua-quoc-gia-moi-du-ganh-18826051907082718.chn,2026-05-19 07:41:00,2026,5,2026-06-07 05:24:36.741588,5665cad050719bd4c0576e05a2a1043d3a0cbb047fe32417b63e11fc16831bf3,NEW,,0
https://cafef.vn/dao-nguoc-quan-niem-truyen-thong-ceo-nvidia-he-lo-bi-mat-thanh-cong-trong-su-nghiep-cua-mot-con-nguoi-188260518154153223.chn,2026-05-18 19:30:00,2026,5,2026-06-07 05:24:36.794202,9d126d5de6c70cc444d70216c550020bf98ccb037dbe3ac5e658fe1d9256d51b,NEW,,0
https://cafef.vn/tiet-lo-chan-dong-tu-ben-trong-bo-may-ai-chinh-cac-ky-su-cung-bat-luc-khong-biet-sieu-tri-tue-dang-ngam-tinh-toan-dieu-gi-18826051813322359.chn,2026-05-18 19:14:00,2026,5,2026-06-07 05:24:36.848036,d41454c3d2fed9e0d9c7c31069d68d62d9fad72b7761436ca54fda65ce7ca0e2,NEW,,0
https://cafef.vn/vi-sao-lua-dao-biet-ro-tu-ho-ten-dia-chi-den-ca-nguoi-than-cua-nguoi-dung-cong-an-giai-ma-ly-do-canh-bao-nguoi-dung-zalo-shopee-188260518182420447.chn,2026-05-18 18:24:00,2026,5,2026-06-07 05:24:36.903437,b4fca5233b1be98753c4cd166ad17bcd5c4d1bcedfcba3fa76e5decdfc818da4,NEW,,0
https://cafef.vn/hon-40-ceo-muon-cat-vi-tri-cap-duoi-vi-ai-lao-dong-lon-tuoi-bat-ngo-tro-thanh-nguoi-thang-cuoc-188260518140756276.chn,2026-05-18 16:49:00,2026,5,2026-06-07 05:24:36.955285,0320ab89ea9a859d69f03af4d7af1be41f157a735d0bdb94e1197d2eed71e483,NEW,,0
https://cafef.vn/trung-quoc-chinh-thuc-vuot-my-trong-mot-linh-vuc-quan-trong-188260518163159557.chn,2026-05-18 16:31:00,2026,5,2026-06-07 05:24:37.007951,7126f21e5c5776ae552348908cda71e8fbabe4a602626b720ad6db82bb7a7ed6,NEW,,0
https://cafef.vn/hai-nguoi-phu-nu-sn-1966-va-1997-cung-den-cong-an-lam-viec-sau-khi-tai-khoan-phat-sinh-giao-dich-250000000-dong-188260518153832247.chn,2026-05-18 16:30:00,2026,5,2026-06-07 05:24:37.063357,4b86ee5dd1f52ed12bde0683e2fd7d289c8cf54ce20bdcc9de2bd8971b3ba46b,NEW,,0
https://cafef.vn/chi-con-18-thang-truoc-khi-ai-thay-the-dan-van-phong-canh-bao-gay-soc-tu-lanh-dao-microsoft-lam-day-song-gioi-cong-nghe-18826051814085361.chn,2026-05-18 16:16:00,2026,5,2026-06-07 05:24:37.122312,ada5437ec3574ad4bd53b822502a803ffa5185e19fcc65b59264062ed450caba,NEW,,0
https://cafef.vn/tin-cuc-vui-cho-nguoi-dung-internet-viettel-188260518154200017.chn,2026-05-18 15:41:00,2026,5,2026-06-07 05:24:37.173327,d179e637322ad077ad67bb2c9868ef53380a56d2c82a1d13a11257e3be291e99,NEW,,0
https://cafef.vn/86-don-hang-khong-can-nhan-vien-ai-dang-am-tham-chiem-linh-cac-quay-drive-thru-nuoc-my-188260518133408434.chn,2026-05-18 15:15:00,2026,5,2026-06-07 05:24:37.229548,9a4a7a0b825aa5c26efd52e40aa40a6739aa54d89775bbdc2589dba71b5ced2d,NEW,,0
https://cafef.vn/khong-chi-la-ten-lua-spacex-dang-tro-thanh-mo-vang-moi-cua-gioi-dau-tu-toan-cau-188260518133323586.chn,2026-05-18 14:33:00,2026,5,2026-06-07 05:24:37.304787,ba0582ed9ee00032d6addd949ec464463897d26a8f94176bd310a68359504582,NEW,,0
https://cafef.vn/elon-musk-du-doan-con-nguoi-sap-that-nghiep-tu-nguyen-gen-z-san-lung-nghe-mien-nhiem-voi-ai-va-cau-tra-loi-bat-ngo-tu-ong-chu-khach-san-20000-nguoi-188260518133138966.chn,2026-05-18 13:45:00,2026,5,2026-06-07 05:24:37.359367,8f9e586c432dabea3a344a3f568c2779eb317d171cc88a887c8e19cd4834d938,NEW,,0
https://cafef.vn/truoc-bai-toan-khong-co-loi-giai-voi-mo-hinh-khai-thac-dau-mo-cua-nuoc-ngoai-viet-nam-tu-may-do-giai-phap-lam-chu-hoan-toan-chuoi-cong-nghe-thu-ve-45-ty-usd-188260518125311599.chn,2026-05-18 12:52:00,2026,5,2026-06-07 05:24:37.412448,7c34e7c78b6609f2b21610440ce7e7ab847a4adf49c772dc26944d6c6fab51ae,NEW,,0
https://cafef.vn/mat-toi-cua-camera-an-ninh-gia-re-hang-trieu-gia-dinh-co-nguy-co-bi-theo-doi-188260518103939405.chn,2026-05-18 11:30:00,2026,5,2026-06-07 05:24:37.466527,5fb65cc75328232f167c4ff1b5e9548a01ff06416c1c217c959f7c25c2ce2041,NEW,,0
https://cafef.vn/whatsapp-bien-phong-chat-ai-thanh-khu-vuc-bat-kha-xam-pham-mark-zuckerberg-muon-doc-cung-phai-bo-tay-188260518100932608.chn,2026-05-18 11:12:00,2026,5,2026-06-07 05:24:37.520417,def5a0405f13ec76f55352c10a0c239078f61dc5d3c5d6b4291431648ffc606e,NEW,,0
https://cafef.vn/huan-luyen-vien-ao-lich-tap-ca-nhan-hoa-huan-luyen-giac-ngu-thanh-toan-nghe-nhac-chi-voi-mot-chiec-dong-ho-thong-minh-188260518111058528.chn,2026-05-18 10:35:00,2026,5,2026-06-07 05:24:37.573640,5643aaf1955e280026fdfe7d84fe69af3330aa2b849b2ab5ac13d4a2ccf2a1a8,NEW,,0
https://cafef.vn/phong-toa-tai-khoan-ngan-hang-voi-nhung-ai-thuc-hien-giao-dich-chuyen-khoan-co-noi-dung-sau-188260518100825336.chn,2026-05-18 10:12:00,2026,5,2026-06-07 05:24:59.501045,7da5546cd6232acf75ded6686be6461cf7155a3d9f47a30f5a0f66c9a5f24e69,NEW,,0
https://cafef.vn/cong-nghe-18-5-ai-lan-dau-xuat-hien-tai-world-cup-2026-188260518094540943.chn,2026-05-18 10:03:00,2026,5,2026-06-07 05:24:59.571853,fa86cc51c96b7f3738dda9088c44d602f0e9ead3ad4778d045486ed9b92a041d,NEW,,0
https://cafef.vn/con-sot-nhan-luong-tu-mark-zuckerberg-meta-tra-tien-cho-nguoi-viet-lieu-co-tao-nen-lan-song-rac-noi-dung-ai-188260518080328263.chn,2026-05-18 09:12:00,2026,5,2026-06-07 05:24:59.629178,8f73b885ccbc444243d89e52edb0e525ad2c6f359f8b2ef3167a1eb37be342d9,NEW,,0
https://cafef.vn/nop-thue-hon-nua-ty-dong-kol-he-lo-thu-nhap-khung-188260518085144287.chn,2026-05-18 08:51:00,2026,5,2026-06-07 05:24:59.685496,d8488cc23573d80764cd9c35bb4eadb78650eac0690d0870da0da68087efa5a8,NEW,,0
https://cafef.vn/tim-lai-vi-bitcoin-tri-gia-400000-usd-sau-11-nam-nho-ai-claude-188260518074628243.chn,2026-05-18 08:41:00,2026,5,2026-06-07 05:24:59.738381,fdee5208dbe479513e54c777a95d3dbfeea2fa29ca25c102f7ef4b39c1ab0711,NEW,,0
https://cafef.vn/15-tuoi-lam-cong-nhan-55-tuoi-duoc-trung-quoc-chon-ngoi-canh-che-ngu-elon-musk-chu-quan-phi-ba-la-ai-188260518083008972.chn,2026-05-18 08:37:00,2026,5,2026-06-07 05:24:59.788921,772ea2e146765d04bbc53ff7c8cdccb542de6bc50c4c51d506508116cd511d01,NEW,,0
https://cafef.vn/huong-dan-chi-tiet-cach-lam-ho-chieu-tren-ung-dung-vneid-khong-can-den-truc-tiep-188260518073359917.chn,2026-05-18 07:33:00,2026,5,2026-06-07 05:24:59.839804,ed1cb23b66b39e5a91d2f986e9c206b0486365e2964c4601855b6006482c2334,NEW,,0
https://cafef.vn/xe-dien-trung-quoc-dong-loat-tang-gia-thoi-ky-pha-gia-ket-thuc-khi-pin-va-chip-leo-thang-chong-mat-188260517171000706.chn,2026-05-17 17:30:00,2026,5,2026-06-07 05:24:59.900560,8f3cb342391c8e11ef7b85f3d00872ab193eaa0097b39db3c0bd00866a3cb40b,NEW,,0
https://cafef.vn/studio-dung-sau-greedfall-sap-bien-mat-71-nhan-vien-mat-viec-sau-lenh-thanh-trung-188260517163204358.chn,2026-05-17 16:37:00,2026,5,2026-06-07 05:24:59.951576,42b9cbcb5a32adeac63f1ad7b2380a6af086e8200b9fcf4e81e87483728d9919,NEW,,0
https://cafef.vn/70-cong-nghe-cao-duoc-uu-tien-dau-tu-phat-trien-188260517144555946.chn,2026-05-17 16:00:00,2026,5,2026-06-07 05:25:00.001942,712a46dfd9809aca4d7270962b91df6cf863394d303636f8c7131aa0cef396a3,NEW,,0
https://cafef.vn/lua-dao-chiem-doat-tai-san-cua-hoc-sinh-sinh-vien-bang-thu-doan-nho-chuyen-do-188260517132451414.chn,2026-05-17 15:30:00,2026,5,2026-06-07 05:25:00.055848,71a9cb2659194091b683a91a54708f6cbd4b6ef1ea101999415c7e61989aa306,NEW,,0
https://cafef.vn/khong-chi-gpu-ai-tu-hanh-dang-keo-nhu-cau-cpu-may-chu-tang-manh-188260517140325485.chn,2026-05-17 14:24:00,2026,5,2026-06-07 05:25:00.107050,536418b9623169ff2627896bd15a1750f82b0a55a0dd9f26f9295bd203ad46af,NEW,,0
https://cafef.vn/bi-to-luon-leo-toc-do-mo-ung-dung-sep-microsoft-dap-tra-apple-va-linux-deu-lam-vay-188260517131809812.chn,2026-05-17 13:32:00,2026,5,2026-06-07 05:25:00.158989,bd133bbfc398bae8117640c1ac59404018f60a985de058f2f5d4621fa6346f77,NEW,,0
https://cafef.vn/canh-bao-gia-mao-fanpage-cua-cac-khach-san-resort-homestay-de-lua-dao-18826051710010186.chn,2026-05-17 13:17:00,2026,5,2026-06-07 05:25:00.209563,e6d1adc557e1ca12a8fbdd985af7a6d28f426bc45c176465e838e3b5b717a5d8,NEW,,0
https://cafef.vn/phat-hien-trung-quoc-xoay-vom-thep-khong-lo-nang-1000-tan-vao-dung-vi-tri-quyet-hoan-thanh-muc-tieu-lon-188260517122928051.chn,2026-05-17 12:29:00,2026,5,2026-06-07 05:25:00.260878,19f60982452c69a1f963d38d79a579b6b9a79ecb857180aa7a7c8778aa0f46ce,NEW,,0
https://cafef.vn/cuc-thue-ra-cong-van-moi-tat-ca-cong-ty-cong-nghe-can-chu-y-188260517110628489.chn,2026-05-17 11:11:00,2026,5,2026-06-07 05:25:00.311363,5b959a55abf35df7f5dd77fa1c9d825727659311ab6fd15bb80c187c7733dd0b,NEW,,0
https://cafef.vn/rung-dong-meta-cuong-buc-theo-doi-tung-cu-click-chuot-20000-ky-su-cong-nghe-dong-loat-noi-loan-18826051711103699.chn,2026-05-17 11:10:00,2026,5,2026-06-07 05:25:00.362139,fbd184a0e3d20e44066f225c26ce5dba8bd53470e971acf31bc0b25791255e1a,NEW,,0
https://cafef.vn/dung-ai-trong-marketing-tiem-banh-cua-ong-chu-53-tuoi-nhan-bao-1-sao-vi-tri-tue-ao-quathong-minh-188260517095834522.chn,2026-05-17 10:44:00,2026,5,2026-06-07 05:25:00.411801,7b6c13df52e333708e5ed322db58a9d721251313327d54c86e02f1605093c4e6,NEW,,0
https://cafef.vn/cong-nghe-17-5-dung-hinh-anh-tre-em-de-cau-view-se-bi-phat-toi-50-trieu-dong-18826051708324138.chn,2026-05-17 09:37:00,2026,5,2026-06-07 05:25:00.464834,0507505735e98252f1acf9a2985ebf84dfdcce94492a5b678681b8e984244eda,NEW,,0
https://cafef.vn/ca-trieu-nguoi-thuc-dem-xem-robot-di-lam-dieu-gi-dang-xay-ra-o-thung-lung-silicon-188260517074148536.chn,2026-05-17 08:38:00,2026,5,2026-06-07 05:25:00.519481,d4249f64643b9e7c2d7393e3ad18a8bc5eafea850fad4d816cf8b619447f06ad,NEW,,0
https://cafef.vn/ky-nguyen-bot-san-bot-ai-dang-bien-internet-thanh-chien-truong-ban-quyen-noi-con-nguoi-chinh-thuc-bi-gat-ra-khoi-cuoc-choi-ty-usd-188260517073829898.chn,2026-05-17 07:50:00,2026,5,2026-06-07 05:25:00.586728,5fb6fef02ef935bf55ab4100e01dfe3027c95acf3aff920cc8a11a51af526169,NEW,,0
https://cafef.vn/cong-an-canh-bao-toi-nguoi-dan-co-giao-dich-trong-tai-khoan-ngan-hang-voi-noi-dung-chuyen-khoan-sau-188260516191332115.chn,2026-05-17 07:35:00,2026,5,2026-06-07 05:25:00.641778,a03975a38bc0d8e456fb232e5ec4f19150e40efb2e2ecd8715b7b4cb8f1a0dc2,NEW,,0
https://cafef.vn/canh-bao-lua-dao-gia-mao-to-chuc-giai-chay-cho-tre-em-188260516132001128.chn,2026-05-16 18:11:00,2026,5,2026-06-07 05:25:00.694652,a9e96648da8e8b7d2f8d8cbe03290ffc914c4811acf3a787772bd9f1f4c43cdb,NEW,,0
https://cafef.vn/tai-khoan-nhan-690-trieu-dong-nhung-khong-co-noi-dung-chuyen-khoan-cong-an-dieu-tra-nguoi-phu-nu-sn-1999-188260516170251524.chn,2026-05-16 18:06:00,2026,5,2026-06-07 05:25:00.747780,9e05f42380993a51d500e2188c4a71c171a605e16e4d47f4cac233ca1c32e6e5,NEW,,0
https://cafef.vn/gan-20000-nhan-vien-meta-day-song-vi-bi-ghi-lai-moi-thao-tac-may-tinh-de-dao-tao-ai-188260516144112819.chn,2026-05-16 17:30:00,2026,5,2026-06-07 05:25:00.801256,d7be78dba389848115d2b35b21b7d72771c64d14d5f312f3027d0116c8bbc0dc,NEW,,0
https://cafef.vn/meta-ra-mat-che-do-an-danh-cho-chat-ai-tren-whatsapp-188260516132135177.chn,2026-05-16 17:23:00,2026,5,2026-06-07 05:25:00.851442,527dcd888a65f785d9d3d284276b944c1e29582a2fe1634241ffa247c01b66cf,NEW,,0
https://cafef.vn/no-ro-thu-doan-gia-mao-trung-tam-ky-nang-de-lua-tien-phu-huynh-dip-he-188260516132338128.chn,2026-05-16 16:45:00,2026,5,2026-06-07 05:25:00.902740,e60b0c094cec4b20cc82a79f2014771d76328ee19190f93e2a940cf013beb6e8,NEW,,0
https://cafef.vn/mot-thay-doi-quan-trong-tren-vneid-tu-15-5-ma-nguoi-dan-can-biet-188260516161626823.chn,2026-05-16 16:16:00,2026,5,2026-06-07 05:25:00.954912,9f11e82bb105fcfc0eea20a2b56b8cc5ca7f3c1fc99decd651489992a4c7e23f,NEW,,0
https://cafef.vn/thay-doi-lon-tren-chatgpt-188260516154539436.chn,2026-05-16 16:04:00,2026,5,2026-06-07 05:25:01.007929,c219e3bc0328b86436fdf8d1d58f272425c61d69a9849ba3b1c98e094fc8395b,NEW,,0
https://cafef.vn/chuyen-tien-voi-noi-dung-nay-nguoi-dan-can-trinh-bao-cong-an-ngay-lap-tuc-188260516154331415.chn,2026-05-16 15:55:00,2026,5,2026-06-07 05:25:01.060185,1e3d60e5676105cdf2317fddcb2ead9f4e8308f3bdd7a4b6d98bd07fd5cfc802,NEW,,0
https://cafef.vn/170-trieu-phu-nu-mac-benh-nhung-ai-van-bo-tay-su-that-phia-sau-loi-hua-ca-nhan-hoa-cham-soc-suc-khoe-188260516144245705.chn,2026-05-16 15:19:00,2026,5,2026-06-07 05:25:01.113745,da82435f1d9c9e3218675be563cf7c0e76ce10e2538571e7b91fac727125d7c1,NEW,,0
https://cafef.vn/google-se-bop-dung-luong-gmail-tu-15gb-xuong-con-5gb-tru-khi-ban-lam-viec-nay-188260516132818305.chn,2026-05-16 14:30:00,2026,5,2026-06-07 05:25:01.165524,484d715bd88cf13f5b3ea9a5a06342e7391ff436592979da1470ff3c6704c46c,NEW,,0
https://cafef.vn/nguoi-phu-nu-sn-1965-giao-dich-chuyen-khoan-260-trieu-cho-con-gai-nguyen-thanh-van-nhan-vien-ngan-hang-lpbank-lap-tuc-bao-cong-an-188260516130525242.chn,2026-05-16 13:30:00,2026,5,2026-06-07 05:25:01.222470,65023f63477d4bac2ce5d7551dadac2f3583b4dac0cf494ac6fc6842ef964d49,NEW,,0
https://cafef.vn/apple-mat-5-nam-xay-lop-bao-mat-cho-macos-ai-nguy-hiem-nhat-cua-anthropic-xuyen-thung-chi-trong-5-ngay-18826051607322218.chn,2026-05-16 11:32:00,2026,5,2026-06-07 05:25:01.276730,b19a2e03781a3f567d0f0da84dbc253d44cf7fdf8e9598f962e26f1939e24676,NEW,,0
https://cafef.vn/chuyen-ve-nu-ti-phu-trung-quoc-ngoi-giua-tim-cook-va-elon-musk-trong-quoc-yen-188260516095347866.chn,2026-05-16 10:42:00,2026,5,2026-06-07 05:25:01.329353,b9ed0c6b0b8681c6c501a2092ea3e476aa0b8270cd5df355fda18d0b78df0807,NEW,,0
https://cafef.vn/ky-nguyen-robot-tu-lam-viec-de-che-tao-dong-loai-khong-can-con-nguoi-de-duy-tri-noi-giong-tham-vong-dat-100000-co-may-trong-nua-thap-ky-toi-188260516072934575.chn,2026-05-16 09:43:00,2026,5,2026-06-07 05:25:01.381527,9acd51246e57aec2cf0475c43a6978eac227ee5abdc94ec842dd08a49a5076b2,NEW,,0
https://cafef.vn/dot-hang-trieu-usd-xay-lop-bao-mat-cac-ong-lon-ai-cay-dang-nhin-he-thong-bi-danh-bai-boi-vai-cau-tho-va-50-usd-188260516073424685.chn,2026-05-16 09:08:00,2026,5,2026-06-07 05:25:01.431832,9b385cac966f97973debf6e7c01ef63d6305e952780190cad0d8ce6d93fbb14c,NEW,,0
https://cafef.vn/san-tmdt-tang-phi-cat-hang-loat-ma-giam-gia-ep-nguoi-ban-chay-quang-cao-tieu-thuong-keu-gao-kho-song-188260516073321799.chn,2026-05-16 08:11:00,2026,5,2026-06-07 05:25:01.484461,114eedc831bb9b4432b5b850abda6637717f880f2cb31e922d2881aea25cd6d2,NEW,,0
https://cafef.vn/cong-an-kiem-tra-giao-dich-29-ty-dong-cua-luong-thi-loan-188260515181034876.chn,2026-05-15 19:32:00,2026,5,2026-06-07 05:25:01.535271,236ba470d279b7fb52c75305ca6b781a28aa19dd6989c399445850df76b4b212,NEW,,0
https://cafef.vn/pho-cuc-truong-a05-canh-bao-cong-nghe-lua-dao-tinh-vi-188260515190725151.chn,2026-05-15 19:07:00,2026,5,2026-06-07 05:25:01.589573,4402a0f5f23644a2d0d3f89a592e3c8ed1d75d63c6f5a14c5f9906f1d3cf7b7a,NEW,,0
https://cafef.vn/nghe-la-co-muc-luong-13-ty-dong-nam-soan-ngoi-ky-su-ai-ve-do-hot-tai-thung-lung-silicon-188260515160429054.chn,2026-05-15 18:23:00,2026,5,2026-06-07 05:25:01.652359,ccf76b1f9c03ebbdb28860fb8d722a04cd06bdd752aad478630f3e02335d21c0,NEW,,0
https://cafef.vn/co-quan-thue-co-thong-bao-quan-trong-188260515162733893.chn,2026-05-15 17:36:00,2026,5,2026-06-07 05:25:01.704261,ae14792de7a256377c8a652f177bc1a9d82c6afe75dda2454433d7b4ac4c75ee,NEW,,0
https://cafef.vn/toan-bo-nguoi-dung-zalo-dac-biet-chu-y-thong-tin-sau-188260515160626493.chn,2026-05-15 17:22:00,2026,5,2026-06-07 05:25:01.764684,d35771219e3cb67d63471fbadddb2927445238e64b03968971fbb012a8fc5529,NEW,,0
https://cafef.vn/cong-an-thong-tin-ve-mot-tien-ich-tren-vneid-nguoi-dan-can-biet-keo-mat-quyen-loi-188260515151731252.chn,2026-05-15 15:30:00,2026,5,2026-06-07 05:25:01.821744,09f7109ed3efb2af2f60adf3d986f396e5157cf6ec0c8b62fac444ae64c11b10,NEW,,0
https://cafef.vn/tin-vui-cho-hang-trieu-nguoi-dung-tinh-nang-goi-video-qua-zalo-188260515151915545.chn,2026-05-15 15:19:00,2026,5,2026-06-07 05:25:01.872080,a22c5260bd6fca3a2c2ec9915854788be6e7ed2681c74b46b0c3aeda40a6f96a,NEW,,0
https://cafef.vn/toi-bo-gemini-de-sang-dung-ai-dang-gay-sot-nay-suot-1-thang-qua-tuong-that-vong-ai-ngo-hay-khong-tuong-188260515143616421.chn,2026-05-15 14:46:00,2026,5,2026-06-07 05:25:25.802335,b5a13188f0cd83c17dca9d1d3e816479fe4701d58ec71a04a257f2fac837d901,NEW,,0
https://cafef.vn/cau-be-8-tuoi-tu-tao-app-nho-ai-lap-trinh-truyen-thong-se-di-ve-dau-khi-ai-cung-co-the-go-code-188260515103719259.chn,2026-05-15 13:32:00,2026,5,2026-06-07 05:25:25.855494,b154bfcf8c460db1c4ad08bcacf6bea5433991157b3bd1c69d856d6f1b035a9b,NEW,,0
https://cafef.vn/da-nang-tung-loat-co-che-chua-co-tien-le-thuc-day-khoa-hoc-cong-nghe-188260515093700738.chn,2026-05-15 11:30:00,2026,5,2026-06-07 05:25:25.905687,296172d62d787a909be10d155c7854cd5ed23900ddaf0279a7d2d697de822879,NEW,,0
https://cafef.vn/thu-nhap-tu-hoat-dong-tiep-thi-lien-ket-tiktok-co-phai-ke-khai-bo-sung-hoac-quyet-toan-thue-hang-nam-khong-co-quan-thue-tra-loi-188260515094857033.chn,2026-05-15 10:59:00,2026,5,2026-06-07 05:25:25.955440,665af770db151e5fe15d47a1f5903c644b858d6b9f8e4f3c6d8c4fdcea351009,NEW,,0
https://cafef.vn/chuyen-khoan-voi-noi-dung-nhu-the-nay-nguoi-dan-can-trinh-bao-ngay-lap-tuc-188260515092205505.chn,2026-05-15 09:47:00,2026,5,2026-06-07 05:25:26.006447,660c94181b881f337ca70532c5a0a6f8cfe4b6abc6c384512bcfecc30a0f79ef,NEW,,0
https://cafef.vn/sa-thai-lao-dong-de-dung-chatgpt-chuyen-gia-mit-canh-bao-bay-nang-suat-ao-ai-giup-lam-nhanh-gap-doi-nhung-khien-thuong-hieu-chet-dan-vi-su-tam-thuong-188260515085119808.chn,2026-05-15 09:30:00,2026,5,2026-06-07 05:25:26.057808,d830bec19195aa6ecad8e70d3c8b618021c5fafa20a5522f2af774b4e0fdc0a7,NEW,,0
https://cafef.vn/phat-hien-trung-quoc-dang-van-hanh-46-he-thong-ngam-sau-7000m-lien-tuc-xoay-truc-nham-toi-muc-tieu-lon-18826051414052023.chn,2026-05-15 09:05:00,2026,5,2026-06-07 05:25:26.109510,dbfd7af79b07e1f38216ea45b7cf7c556fab92de3e331c560988246d7bd1638f,NEW,,0
https://cafef.vn/cong-nghe-15-5-ky-nguyen-15gb-luu-tru-mien-phi-gmail-sap-ket-thuc-188260515081308785.chn,2026-05-15 08:59:00,2026,5,2026-06-07 05:25:26.231763,b100a5df706b6f674dd6e60a2129cc51f3c7fb88180587b41abb0789fbeb2720,NEW,,0
https://cafef.vn/cuoc-dua-ai-o-trung-quoc-tencent-alibaba-tat-tay-bat-chap-loi-nhuan-suy-giam-188260515074310508.chn,2026-05-15 08:28:00,2026,5,2026-06-07 05:25:26.316110,c0c0a7e28e584f2cb6a1ab733a61961fed060437cf017781ba9f576d0f1390b9,NEW,,0
https://cafef.vn/ha-noi-nghien-cuu-phat-trien-taxi-bay-ha-tang-quan-ly-do-thi-thong-minh-188260515071453045.chn,2026-05-15 07:55:00,2026,5,2026-06-07 05:25:26.377357,defcfa14c46ea8a3a189d7e4eed0b9ef381fb4690758dfebd4ebfb510f0dbcf5,NEW,,0
https://cafef.vn/se-khong-co-tham-hoa-that-nghiep-vi-ai-loi-khang-dinh-cua-nha-dong-sang-lap-google-brain-188260515070624067.chn,2026-05-15 07:21:00,2026,5,2026-06-07 05:25:26.432764,b1b7480c31dee3f3b72cffd62e93521af7b312d966e0c5fab13233191ea90639,NEW,,0
https://cafef.vn/cach-kiem-tra-zalo-va-facebook-co-dang-bi-theo-doi-188260514183158736.chn,2026-05-14 19:56:00,2026,5,2026-06-07 05:25:26.487407,e2b11a93b4501d17b98eafa0135a6818692d29ec9e9590fd8334bf57a166d931,NEW,,0
https://cafef.vn/vi-sao-lua-dao-biet-chinh-xac-so-cccd-tai-khoan-ngan-hang-sdt-tham-chi-co-ca-hinh-anh-giay-to-tuy-than-cua-nguoi-dan-188260514180935225.chn,2026-05-14 18:10:00,2026,5,2026-06-07 05:25:26.543030,c5cf3fdff6f2981dbcaf3e2b2a7bbd298f72a2ee50366ae833f5a51d2964c6d7,NEW,,0
https://cafef.vn/grab-co-thong-bao-moi-nguoi-dung-can-biet-188260514173209083.chn,2026-05-14 17:35:00,2026,5,2026-06-07 05:25:26.597064,f4630b5fd92fb064ca49002e72ebdc6c07ae5ce25c8de325c63838f4017b1bcf,NEW,,0
https://cafef.vn/sau-khi-chuyen-khoan-thanh-cong-102900000-dong-nguoi-phu-nu-sn-1991-kiem-tra-tai-khoan-roi-voi-bao-cong-an-188260514173301434.chn,2026-05-14 17:33:00,2026,5,2026-06-07 05:25:26.649472,7daed7527885432e2cd81b1ee077af87d3a6d8106d08fc1846dc607de8571de2,NEW,,0
https://cafef.vn/chong-toi-bi-ai-bo-bua-loi-tu-su-cay-dang-cua-nhung-nguoi-phu-nu-bi-bo-lai-phia-sau-cuoc-dua-cong-nghe-188260514163644145.chn,2026-05-14 17:30:00,2026,5,2026-06-07 05:25:26.699404,0668c1ea6c368e21d634c0cd3d4555e0a70b3f0e3aab5d274f5410c03762dde8,NEW,,0
https://cafef.vn/cu-dat-cuoc-moi-nhat-cua-nvidia-trong-cuoc-dua-tro-thanh-ba-chu-ai-188260514163522244.chn,2026-05-14 17:30:00,2026,5,2026-06-07 05:25:26.755492,1117b82b1aa924a7f4909dc6ee20cc86f93986131ba588fce820c4c4829f2656,NEW,,0
https://cafef.vn/cong-ty-ai-hang-dau-thung-lung-silicon-tiet-lo-su-that-gay-soc-90-code-do-ai-tao-ra-lap-trinh-vien-va-nhan-vien-van-phong-se-di-ve-dau-188260514144001249.chn,2026-05-14 16:20:00,2026,5,2026-06-07 05:25:26.864813,6e997b427b8870be313d320538f7ef1d39182591bcfbde1ec728df323f819377,NEW,,0
https://cafef.vn/du-no-cho-vay-10-ty-usd-con-so-gay-choang-trong-bao-cao-tai-chinh-cua-cong-ty-me-shopee-he-lo-co-may-tin-dung-dang-nuoi-cuoc-chien-voi-tiktok-shop-188260514144242917.chn,2026-05-14 15:49:00,2026,5,2026-06-07 05:25:26.920903,8313d6adc6cfecd63f43094e573f8b8cba2d12d33bcae44640cd25d0bf579c0d,NEW,,0
https://cafef.vn/ai-bien-8000-ngoi-nha-thanh-trung-tam-du-lieu-mini-giac-mo-giam-tai-ha-tang-hay-con-ac-mong-dien-nang-188260514144456512.chn,2026-05-14 15:16:00,2026,5,2026-06-07 05:25:26.971814,333a35a736c5969f32a5cbe39df43330c43521842d144e64a019cbf62db168da,NEW,,0
https://cafef.vn/mat-11-nam-thu-7-nghin-ty-mat-khau-khong-duoc-cuoi-cung-nho-claude-ai-chu-vi-bitcoin-lay-lai-gan-400000-usd-ngu-quen-trong-vi-btc-18826051414433245.chn,2026-05-14 14:46:00,2026,5,2026-06-07 05:25:27.023631,0b652f417878d9a89d215ccc2e06e54c6df221c76d530209dcc9863bc36bb494,NEW,,0
https://cafef.vn/ban-phim-sap-thanh-do-co-ky-nguyen-thi-tham-voi-ai-dang-toi-tai-sao-dan-silicon-valley-bong-nhien-phat-dien-vi-noi-tham-voi-may-tinh-188260514140418282.chn,2026-05-14 14:15:00,2026,5,2026-06-07 05:25:27.076567,0e1851393a3d9e3de691476731fd263c15d7913f0eea65cde9871048fd2e4016,NEW,,0
https://cafef.vn/tu-framework-mien-phi-den-co-may-kiem-tien-bytedance-dang-thuong-mai-hoa-openclaw-ra-sao-188260513161349791.chn,2026-05-14 13:34:00,2026,5,2026-06-07 05:25:27.128146,572971027b3316835d716461d8e632e0c2aa8c9e4e9fee14e3b6a3682061c31f,NEW,,0
https://cafef.vn/claude-bi-bien-thanh-dong-pham-voi-hacker-tu-viet-17000-dong-code-49-module-tan-cong-nham-thang-vao-ha-tang-nuoc-cua-thanh-pho-188260514074304487.chn,2026-05-14 10:37:00,2026,5,2026-06-07 05:25:27.178569,341248300bd7fffa8377933bdada8d49f926eaa2393b1847a9f459d34054729b,NEW,,0
https://cafef.vn/toi-xin-loi-vi-tung-che-tinh-nang-nay-tren-dien-thoai-samsung-la-vo-dung-dung-thu-moi-thay-hay-bat-ngo-188260514073641608.chn,2026-05-14 10:06:00,2026,5,2026-06-07 05:25:27.229923,3f6779c605f14d668b536eb8d98de429b241ecfdfdc49128b1e067bb84ed6ff1,NEW,,0
https://cafef.vn/bhxh-viet-nam-phat-thong-bao-quan-trong-den-nguoi-dan-ca-nuoc-188260514093811062.chn,2026-05-14 09:43:00,2026,5,2026-06-07 05:25:27.280711,0d90e35d029b2d8983159c1b24ffee44ea15cdbf3acbf39fdcc11fa8411e5f33,NEW,,0
https://cafef.vn/hieu-ung-tam-ly-technostress-ai-hoc-viec-trong-15-phut-nhan-su-so-bi-bo-roi-phai-lien-tuc-chung-minh-ban-than-huu-ich-met-moi-hon-ca-chay-deadline-188260514090944428.chn,2026-05-14 09:35:00,2026,5,2026-06-07 05:25:27.332501,b34610276cb90bbf2eba5df7ee02f276abbe129a958ba3cccd7093d25b59e12b,NEW,,0
https://cafef.vn/tin-vui-lon-cho-tat-ca-nguoi-dan-viet-nam-tu-nam-2035-188260514070528845.chn,2026-05-14 08:36:00,2026,5,2026-06-07 05:25:27.385304,06f57e0e77d1f3f4bbf7de2660f9cded65ec6e0810e62caae08496af68662329,NEW,,0
https://cafef.vn/cha-do-dau-ai-phat-canh-bao-do-sieu-tri-tue-nhan-tao-co-the-day-loai-nguoi-toi-bo-vuc-tuyet-chung-trong-10-nam-toi-188260514073927778.chn,2026-05-14 07:53:00,2026,5,2026-06-07 05:25:27.437829,1cd3d44fdda791f0fcac7af89064a3f26edc32f8d9f0983b8d2c50f60889b95f,NEW,,0
https://cafef.vn/nguoi-phu-nu-sn-1983-co-giao-dich-15-trieu-dong-voi-tai-khoan-mo-tai-vietcombank-cong-an-vao-cuoc-xac-minh-dong-tien-188260513182624583.chn,2026-05-13 18:50:00,2026,5,2026-06-07 05:25:27.488770,cae9863e6c88fdb238c6b71069437b86193fd34e811ea3c413d3cd5149841d82,NEW,,0
https://cafef.vn/giai-phap-chong-gia-mao-khuon-mat-make-in-viet-nam-ghi-dau-tren-bang-xep-hang-quoc-te-188260513181028291.chn,2026-05-13 18:10:00,2026,5,2026-06-07 05:25:27.550411,29eb40aa6c1721babad29e33890a812ac76d42466b790d36145df6cfc85fc25e,NEW,,0
https://cafef.vn/den-nam-2045-viet-nam-la-trung-tam-cong-nghiep-cong-nghe-so-hang-dau-khu-vuc-188260513155254767.chn,2026-05-13 17:46:00,2026,5,2026-06-07 05:25:27.602512,c6acf9087d56f7752969693c273cbb5f21d236a61688e3e7cc688e8100fca589,NEW,,0
https://cafef.vn/anthropic-ra-mat-tro-ly-ai-nganh-luat-thu-hut-hon-20000-nguoi-dang-ky-18826051314223985.chn,2026-05-13 15:35:00,2026,5,2026-06-07 05:25:27.655639,94861f11344cd59de234f7f8e6976a610fbbaaaf9f90009deb2f4b53e45cfb4f,NEW,,0
https://cafef.vn/tan-dung-cong-nghe-cua-the-ky-19-hacker-lua-duoc-hon-4-ty-dong-cua-ai-thong-minh-top-dau-the-gioi-188260513135358902.chn,2026-05-13 14:50:00,2026,5,2026-06-07 05:25:27.707891,6af20f3bcbaf5ddb6e5537b13304feb743f48646f40b8105d22dc53a85d15a63,NEW,,0
https://cafef.vn/mot-ceo-sa-thai-team-seo-de-dung-ai-khien-chi-so-roi-tu-do-su-that-phu-phang-sau-lan-song-sa-thai-lao-dong-de-dung-thuat-toan-188260513131415518.chn,2026-05-13 13:41:00,2026,5,2026-06-07 05:25:27.758679,392ecb98acc11381b3ff42b8a1f0317a232d43be7550bd6b7920b20830c761f8,NEW,,0
https://cafef.vn/nguoi-dung-hay-ai-la-tac-gia-cuoc-chien-ban-quyen-thoi-dai-tri-tue-nhan-tao-bat-dau-nong-len-188260513092735982.chn,2026-05-13 11:31:00,2026,5,2026-06-07 05:25:27.811290,a909e2ec6f500c2f3fc92efd38f27150f9a5799e88e44db36840efba3f174344,NEW,,0
https://cafef.vn/quai-vat-ai-moi-cua-trung-quoc-baidu-tung-ernie-51-chi-phi-thap-hon-94-de-bep-cac-doi-thu-phuong-tay-188260513092621832.chn,2026-05-13 11:10:00,2026,5,2026-06-07 05:25:27.865266,2acb2f5f4841456c5f06b1688e5b014b9d91d450cfe52148ec9f7c920c98af11,NEW,,0
https://cafef.vn/canh-bao-rui-ro-bao-mat-tu-ai-hieu-pc-chi-ra-nhung-khien-chan-ky-thuat-bao-ve-bi-mat-nguoi-dung-khi-su-dung-188260513103216787.chn,2026-05-13 11:08:00,2026,5,2026-06-07 05:25:27.930204,87e2ed516d3af7f580844159f3d7c10e9aeb5319b106bd32f19ce7bca679386c,NEW,,0
https://cafef.vn/thu-nghiem-grabcar-thu-cung-o-ha-noi-18826051310460722.chn,2026-05-13 10:45:00,2026,5,2026-06-07 05:25:27.981805,80522b2e8a61bd58b1a58ff62e5dcd600786cc4f1e1832fef08ce752a8b594a4,NEW,,0
https://cafef.vn/tin-vui-cho-nguoi-dung-dien-thoai-laptop-dong-ho-android-188260513100523975.chn,2026-05-13 10:04:00,2026,5,2026-06-07 05:25:28.033889,f37a2908e44b05bed6c101adbefb1ecfe768ff87e8e061b0b88382f944e3d67f,NEW,,0
https://cafef.vn/mediatek-chuan-bi-ra-mat-chip-2nm-dau-tien-hieu-nang-vuot-mat-apple-188260513084517113.chn,2026-05-13 10:03:00,2026,5,2026-06-07 05:25:28.085718,873ebc01e7205345750f6dea950cda04574c41c33552e640c29cb4f3f228c636,NEW,,0
https://cafef.vn/gemini-tren-android-da-co-the-lam-viec-thay-ban-188260513084406721.chn,2026-05-13 09:36:00,2026,5,2026-06-07 05:25:28.137967,ef7258ace93b1e26589cd033045aa9439f684df8eb4b54c59f8192ec13d457fd,NEW,,0
https://cafef.vn/3-thay-doi-lon-cho-nguoi-dung-iphone-tren-ios-265-vua-ra-mat-188260513073442795.chn,2026-05-13 09:05:00,2026,5,2026-06-07 05:25:28.257945,5c7cf59a7e8c21be0eb0880ca1cf536ed45fc63b4ca3ce9e3f05eef8d80ce202,NEW,,0
https://cafef.vn/thay-doi-quan-trong-ve-bhxh-tren-vneid-nguoi-dan-can-cap-nhat-ngay-de-khong-bo-lo-quyen-loi-188260513084052177.chn,2026-05-13 08:40:00,2026,5,2026-06-07 05:25:28.311864,95f3537fef31bf1f2317c543ef55755c09ace5846e9c19929b5b9ddc599df705,NEW,,0
https://cafef.vn/tu-ngay-21-5-bat-buoc-dung-he-thong-khai-bao-luu-tru-moi-188260513073613761.chn,2026-05-13 08:33:00,2026,5,2026-06-07 05:25:28.367388,b301f8caae712a0d2560e5ddf91af8fb2115c367e209d6c934f51199d146c9d8,NEW,,0
https://cafef.vn/trung-quoc-tu-san-xuat-ddr5-rdimm-cho-may-chu-giam-phu-thuoc-vao-samsung-va-micron-188260513073043784.chn,2026-05-13 08:00:00,2026,5,2026-06-07 05:25:54.840089,918a01bb137ddde3df9b719d1050e82b8197556608863c1cbe067fbe842ade65,NEW,,0
https://cafef.vn/gen-z-cang-dung-cang-ghet-ai-cong-nghe-tung-duoc-tung-ho-nay-lai-khien-gioi-tre-tuc-gian-va-bat-an-18826051307315606.chn,2026-05-13 07:34:00,2026,5,2026-06-07 05:25:54.977000,48abfab8aa340750a8e3943242c456045dc930d109398174dffa46ec00210d27,NEW,,0
https://cafef.vn/mot-nhan-vien-tai-chinh-da-tu-nguyen-chuyen-25-trieu-usd-cho-ke-lua-dao-chi-sau-cuoc-hop-qua-zoom-chuyen-gia-hieu-pc-canh-bao-hiem-hoa-trong-ky-nguyen-ai-18826051217410991.chn,2026-05-12 17:41:00,2026,5,2026-06-07 05:25:55.108305,aaa8231e2f9188fe965209b5d4a9e8921a42a024c614ef0ff2f80b38ac17f8f7,NEW,,0
https://cafef.vn/tu-ngay-1-7-ly-lich-tu-phap-se-hien-thi-tren-vneid-gom-nhung-thong-tin-gi-188260512171455701.chn,2026-05-12 17:30:00,2026,5,2026-06-07 05:25:55.198974,f1ada2cbfbfcb1ea132b71e95e1b5a10bc46e5fc1cb88eacd64d2b9acc3c9259,NEW,,0
https://cafef.vn/phat-hien-thu-vi-ve-xu-huong-di-xe-2-banh-o-viet-nam-chuyen-gia-quoc-te-cam-than-moi-truong-giao-thong-viet-nam-dong-duc-va-bien-dong-nhanh-bac-nhat-chau-a-188260512170721468.chn,2026-05-12 17:06:00,2026,5,2026-06-07 05:25:55.263700,c97f05ca2f9d3b941fd9a323917983a009552767391b1d875e42a093ee0f12bf,NEW,,0
https://cafef.vn/chuyen-gia-giai-ma-ly-do-nguoi-thong-minh-van-trang-tay-vi-lua-dao-mang-1882605121602249.chn,2026-05-12 16:57:00,2026,5,2026-06-07 05:25:55.329505,3c9b1444d2ae38749c1dd92704a0c206355ef80d59a9ea933618f369e2ce6ede,NEW,,0
https://cafef.vn/cmc-tai-cau-truc-khoi-cong-nghe-va-giai-phap-dat-muc-tieu-dan-dau-chuyen-doi-ai-188260512165517599.chn,2026-05-12 16:55:00,2026,5,2026-06-07 05:25:55.395789,64e84a12fdf806bd384f630f4fef61dd4a0e7c0c1b4749cab32fe5bcb2588dc7,NEW,,0
https://cafef.vn/soc-ty-phu-jensen-huang-khuyen-sinh-vien-nen-di-lam-tho-xay-tho-dien-de-doi-doi-trong-ky-nguyen-ai-188260512151218496.chn,2026-05-12 16:30:00,2026,5,2026-06-07 05:25:55.475293,97069b2ddd41b037a595b7af3b945bcc7dfbef7e8e89f9fa2b07b8ff047a2162,NEW,,0
https://cafef.vn/thong-tin-moi-lien-quan-den-so-dinh-danh-dien-tu-ma-nguoi-dan-can-nam-ro-188260512151231639.chn,2026-05-12 16:12:00,2026,5,2026-06-07 05:25:55.562240,2e89026979dd1a9065b03f0d293459847adc46f6a6afc4193acf83c0e8493256,NEW,,0
https://cafef.vn/ky-su-duc-than-tho-chung-toi-dong-y-day-trung-quoc-cong-nghe-nhung-khong-ngo-bi-trung-quoc-vuot-xa-188260512145426128.chn,2026-05-12 16:00:00,2026,5,2026-06-07 05:25:55.626926,4787bc1690710f73ecdba6d32e1209f746a5e9c3619c219a37a075dfde28f6cd,NEW,,0
https://cafef.vn/chu-tich-tao-duc-thang-vua-co-phat-bieu-ve-ke-hoach-cua-viettel-188260512152532662.chn,2026-05-12 15:25:00,2026,5,2026-06-07 05:25:55.690456,86c57ab4efb47725f94433a429c803367875f8bf5a4fe3e619e694561e1a1ce5,NEW,,0
https://cafef.vn/qualcomm-khai-truong-trung-tam-rd-moi-tai-ha-noi-ky-su-viet-se-truc-tiep-tham-gia-thiet-ke-phat-trien-cac-cong-nghe-quan-trong-188260512152136307.chn,2026-05-12 15:21:00,2026,5,2026-06-07 05:25:55.755509,aafb082210ee7557d362ee516185154b9440ccd529693204b0032d233ec63e93,NEW,,0
https://cafef.vn/hai-co-may-cua-figure-ai-gat-dau-hieu-y-nhau-buoc-ngoat-lich-su-hay-khoanh-khac-rung-minh-188260512075417356.chn,2026-05-12 15:15:00,2026,5,2026-06-07 05:25:55.828445,88b3d31c16322474d0de23328041fc8bdc34374608fb107c1c417dcf3f55e0ba,NEW,,0
https://cafef.vn/nen-kinh-te-ngam-6-trieu-sao-gia-tren-github-giup-gian-lan-hang-chuc-trieu-usd-von-dau-tu-ma-khong-ai-bi-bat-188260512134814261.chn,2026-05-12 14:50:00,2026,5,2026-06-07 05:25:55.914200,bc0194725432be7e30f07998e5f42f3e92366c4b68167bce11400c7235dc8ef9,NEW,,0
https://cafef.vn/tong-giam-doc-momo-ai-dang-khien-lua-dao-tro-nen-nhanh-hon-re-hon-tinh-vi-hon-188260512134529972.chn,2026-05-12 13:46:00,2026,5,2026-06-07 05:25:55.991785,bf6b3ce9cd801ad74ce139b14674e7d402f69b8ab0b33f1ea0f40e4757bbd438,NEW,,0
https://cafef.vn/ai-co-the-tro-thanh-sep-trong-doanh-nghiep-tuong-lai-188260512101135862.chn,2026-05-12 13:41:00,2026,5,2026-06-07 05:25:56.081946,53a084727dd267eb6fb9647327cf2d4c03d497e536e5dfc917a8112a680bbd8b,NEW,,0
https://cafef.vn/duoc-danh-gia-la-mot-trong-nhung-diem-den-hap-dan-nhat-dong-nam-a-chuyen-gia-chi-ra-nhung-linh-vuc-hot-tai-viet-nam-dang-lot-mat-xanh-cac-nha-dau-tu-quoc-te-188260512121027055.chn,2026-05-12 12:10:00,2026,5,2026-06-07 05:25:56.172586,061796d11d8dda77ca8b776bdbd3db3c38c157e467cc6c298ae674b0be0babf2,NEW,,0
https://cafef.vn/con-sot-trung-tam-du-lieu-khien-dieu-hoa-tro-thanh-quai-vat-an-dien-bai-toan-ha-tang-lon-tiep-theo-cua-chau-a-188260512091413243.chn,2026-05-12 10:40:00,2026,5,2026-06-07 05:25:56.244909,28cad6253b9a048f22c22c8a2a6dc567d900a1c35c87e38aa626c66476dc97ac,NEW,,0
https://cafef.vn/ho-ngan-cach-600-ty-usd-con-dien-cua-thi-truong-chung-khoan-khi-cac-big-tech-nganh-cong-nghe-dang-tao-nen-bong-bong-lon-chua-tung-co-188260512094912032.chn,2026-05-12 09:59:00,2026,5,2026-06-07 05:25:56.308491,e9779028e6df9c074faf34d6095efa571d9c4dd0672475cefbf9143ce1f584e3,NEW,,0
https://cafef.vn/digital-trust-in-finance-caex-chia-sequan-diem-xay-dung-san-tai-san-ma-hoa-188260512091814923.chn,2026-05-12 09:25:00,2026,5,2026-06-07 05:25:56.361268,c27bc79b665528a39cc9187ddeab15a8aaf412c8ebeff39a47ac61909e155506,NEW,,0
https://cafef.vn/thu-tuong-le-minh-hung-phat-trien-manh-cong-nghe-chien-luoc-phai-co-ket-qua-cu-the-trong-nam-2026-188260512071753838.chn,2026-05-12 09:00:00,2026,5,2026-06-07 05:25:56.417823,06043dd3a9a8efd33809b5c620c379314d3c45f3403b2e83a95b1082f62d02ec,NEW,,0
https://cafef.vn/75-nhan-vien-openai-bo-tui-30-trieu-usd-chi-sau-1-dem-con-mua-tien-chua-tung-co-188260512070547745.chn,2026-05-12 08:49:00,2026,5,2026-06-07 05:25:56.474665,ce598c21e4a6058d60abf6087b135908065b2bde87c12f54843484f1e1eec91f,NEW,,0
https://cafef.vn/hieu-pc-toi-pham-mang-khong-nghi-1-ngay-nao-hoat-dong-khong-bien-gioi-dung-mot-thu-voi-nan-nhan-188260512071309808.chn,2026-05-12 07:13:00,2026,5,2026-06-07 05:25:56.530657,1e945eac74ece2ad145bad4a092efd3745571d8209ee9457637403f641c7a043,NEW,,0
https://cafef.vn/thong-tin-moi-ve-quyen-loi-chi-danh-cho-nguoi-dan-ha-noi-18826051116573233.chn,2026-05-11 18:19:00,2026,5,2026-06-07 05:25:56.588771,629bc0d3744e2a4287f3e312aaebbf20b5555ca55085bf87f4284c6cd623b3fb,NEW,,0
https://cafef.vn/ho-tro-he-sinh-thai-thanh-toan-trong-ky-nguyen-thuong-mai-qua-tac-nhan-ai-188260511175823606.chn,2026-05-11 17:58:00,2026,5,2026-06-07 05:25:56.641987,79e5343abfe1abef8754625950c3ffbc78b34befd1cc178448c1e0c9e1c4d5da,NEW,,0
https://cafef.vn/nikkei-115-trieu-viec-lam-tai-viet-nam-chiu-tac-dong-nghiem-trong-tu-ai-188260511160305909.chn,2026-05-11 17:39:00,2026,5,2026-06-07 05:25:56.697329,c2f193a6f6496e09add3789f060e68db1a2cd2556d59a1ba5295b60dbf11b751,NEW,,0
https://cafef.vn/nhieu-nguoi-lam-affiliate-bi-truy-thue-vi-mac-loi-nay-188260511161117582.chn,2026-05-11 17:05:00,2026,5,2026-06-07 05:25:56.757110,a85c42043d4975856f4124a7472e4a231bb0baf988349e2b2fd5d11da9796161,NEW,,0
https://cafef.vn/ceo-fpt-nhieu-doanh-nghiep-viet-van-moi-o-level-1-2-cua-ai-muon-but-pha-phai-thay-doi-cach-van-hanh-188260511160642032.chn,2026-05-11 16:35:00,2026,5,2026-06-07 05:25:56.863984,5ee47ffa4c3b8580b2b52bc4108a05e1a2595503b4294f5aeb6a320defd25933,NEW,,0
https://cafef.vn/xay-nha-may-lap-rap-va-kiem-dinh-chip-lon-nhat-the-gioi-tai-viet-nam-dai-bang-my-tin-tuong-chuyen-giao-31-thiet-bi-quan-trong-188260511153941088.chn,2026-05-11 16:31:00,2026,5,2026-06-07 05:25:56.918199,8e51e52a28e5f510c1a372ec362e83bfad6ad13725340ccfe41e91902d81b41d,NEW,,0
https://cafef.vn/sau-mot-ngay-chuyen-khoan-thanh-cong-350000000-dong-nguoi-dan-ong-sn-1979-phai-den-cong-an-trinh-bao-188260511162043446.chn,2026-05-11 16:22:00,2026,5,2026-06-07 05:25:56.979418,f90ba501b1aca7a05c0f637450ffda1bb62f7152201c49657df4a127e554bbbc,NEW,,0
https://cafef.vn/16000-nhan-vien-bi-tam-dung-dong-luong-huu-doi-ung-de-don-tien-cho-ai-buoc-di-gay-gian-du-cua-hang-cong-nghe-2-ty-usd-188260511133151867.chn,2026-05-11 15:40:00,2026,5,2026-06-07 05:25:57.032897,1e9d7a2430e7903b25fe4e5ab80ad3c1ca8e0f1273170c9560e69e020302fe09,NEW,,0
https://cafef.vn/nang-cao-hieu-qua-nang-luong-do-tin-cay-va-hieu-suat-cua-cac-toa-nha-thong-minh-188260511151526206.chn,2026-05-11 15:15:00,2026,5,2026-06-07 05:25:57.085758,4372cc665f4462311d7de5a33591ebdf495e0042eea07cd0cd86c8b400ad8089,NEW,,0
https://cafef.vn/bhxh-ha-noi-da-xu-ly-viec-dong-bo-nham-du-lieu-tren-vssid-1882605111343201.chn,2026-05-11 14:55:00,2026,5,2026-06-07 05:25:57.140678,4cc48fba011c6fdcabfdfadc0e95189398135ff4a2045f4f3629655f9bf548dd,NEW,,0
https://cafef.vn/loat-cong-nghe-dang-cap-make-by-viettel-xuat-hien-tai-tho-nhy-ky-188260511144149168.chn,2026-05-11 14:41:00,2026,5,2026-06-07 05:25:57.195297,0bf0b0d8abda19c3d6d3e526b91a2633d3372eaee972e39e9cb4e1d8fbdaaa18,NEW,,0
https://cafef.vn/bo-gia-ai-ra-mat-mo-hinh-ai-moi-chay-duoc-tren-laptop-khi-ca-nganh-dot-nghin-ty-usd-vao-chip-ong-chung-minh-ho-sai-188260511133738594.chn,2026-05-11 14:22:00,2026,5,2026-06-07 05:25:57.247840,f5c6be1ca11fd74a017965f6d235c324754da122a2951572a63555cb7fe38b61,NEW,,0
https://cafef.vn/tiet-lo-soc-tai-sao-cac-sieu-ai-chatgpt-gemini-claude-lai-cai-nhau-ve-tuong-lai-cua-ban-188260511133307878.chn,2026-05-11 13:46:00,2026,5,2026-06-07 05:25:57.298508,97a27dea0828074eb662e10d044857cad9bb49b686acea363b31caaf9c8e63a5,NEW,,0
https://cafef.vn/4800-ty-usd-vs-5200-ty-usd-nho-ai-google-dang-tren-duong-soan-ngoi-cong-ty-gia-tri-nhat-the-gioi-cua-nvidia-den-warren-buffett-cung-khong-the-ngoi-yen-18826051109441667.chn,2026-05-11 11:31:00,2026,5,2026-06-07 05:25:57.348750,57b8582810abe99792638376a769b4fb9a84c82439e7a0abf671e27b65c869fd,NEW,,0
https://cafef.vn/trung-quoc-ra-mat-may-tinh-luong-tu-dual-core-dau-tien-the-gioi-chay-duoc-o-nhiet-do-thuong-188260511150142992.chn,2026-05-11 11:01:00,2026,5,2026-06-07 05:25:57.402085,f4b17aa92f52144c4f41e01733cf374366069abed5e45534fef2b17f4e66cb7c,NEW,,0
https://cafef.vn/thung-lung-silicon-moi-cua-my-hut-200-ty-usd-75-cong-ty-san-xuat-chip-ai-chap-nhan-danh-doi-tai-nguyen-de-lay-viec-lam-188260511072414135.chn,2026-05-11 10:29:00,2026,5,2026-06-07 05:25:57.454996,44f65e1f6782b11429c18ab79a912627c700dd98ffd0d4026677c7428351af4a,NEW,,0
https://cafef.vn/mark-zuckerberg-sam-altman-du-doan-ai-se-thong-minh-hon-nguoi-trong-nam-2026-nhung-nghien-cuu-lai-he-lo-goc-khuat-lon-nhat-cua-con-sot-ai-nghin-ty-usd-18826051107272454.chn,2026-05-11 10:00:00,2026,5,2026-06-07 05:25:57.589664,9aa66c2006794708c9b42d9ae0158a68506aaed0379481e2b222a52bc109b019,NEW,,0
https://cafef.vn/doi-bao-ve-9-nguoi-canh-gac-ai-tri-gia-350-ty-usd-co-nhiem-vu-ngan-chan-chatbot-pha-huy-xa-hoi-188260511071849804.chn,2026-05-11 09:30:00,2026,5,2026-06-07 05:25:57.681159,fce42781d7c13e83f1172193096cd2dfd461ec092390edeb6042c04fb1ccd145,NEW,,0
https://cafef.vn/dai-chien-ai-2026-google-dang-nuot-chung-giac-mo-ban-le-tri-gia-5000-ty-usd-cua-openai-nhu-the-nao-188260511071712957.chn,2026-05-11 09:00:00,2026,5,2026-06-07 05:25:57.734113,c5add796a27eb74593a55c92f6cd88954dabe36b6fa3fc4867a2d49699443085,NEW,,0
https://cafef.vn/nvidia-chi-phi-van-hanh-ai-da-vuot-xa-luong-nhan-vien-18826051107252949.chn,2026-05-11 08:29:00,2026,5,2026-06-07 05:25:57.804443,ddc5846b91294e32949189c2c20c08e6ac1a85974f21b8fad0d2a667cb3ccef3,NEW,,0
https://cafef.vn/dung-vuot-vuot-de-tat-thong-bao-tren-android-kieu-nha-que-nua-lam-theo-cach-nay-nhanh-con-hay-hon-nhieu-188260511070833254.chn,2026-05-11 07:56:00,2026,5,2026-06-07 05:25:57.857739,4f8cafb1cbdf1e081341598107defc829479b3c72c3baa1b203f86a0f58d7d7a,NEW,,0
https://cafef.vn/ton-cong-xin-vao-ngan-hang-de-roi-bi-duoi-phut-mot-vi-ai-noi-dau-cua-hang-nghin-nhan-su-nganh-tai-chinh-khi-cong-ty-lai-ky-luc-nhung-van-sa-thai-lao-dong-188260511070634114.chn,2026-05-11 07:19:00,2026,5,2026-06-07 05:25:57.912144,1db089b82b518bb77fe5017c326f7e1311d27fc83d25877d041fe24a5d7e2d91,NEW,,0
https://cafef.vn/openai-cung-nvidia-amd-ra-giao-thuc-chung-gpu-khong-con-phai-cho-nhau-188260510153232763.chn,2026-05-10 17:30:00,2026,5,2026-06-07 05:26:26.603562,ca0d207f746b5b589c2b6dcae08df002c5971d728007e61be3018b40d07f9d46,NEW,,0
https://cafef.vn/xbox-lai-di-xuong-phan-cung-giam-hon-30-microsoft-van-song-khoe-nho-ai-188260510153145559.chn,2026-05-10 17:00:00,2026,5,2026-06-07 05:26:26.657658,f23048f10f13d6047559eae8c66b949495ecc1266c06b6b522f0b8bde5b74889,NEW,,0
https://cafef.vn/samsung-cham-moc-nghin-ty-usd-du-bao-vuot-nvidia-ve-loi-nhuan-vao-nam-2027-188260510153337025.chn,2026-05-10 16:30:00,2026,5,2026-06-07 05:26:26.707638,16fde4fe8600e765861b5777f9845b38d9fdd491b47251fce1d6b1f287ae5081,NEW,,0
https://cafef.vn/ai-tieu-diet-loai-nguoi-triet-gia-nick-bostrom-canh-bao-ve-tuong-lai-bat-ngo-khi-cong-nghe-phat-trien-qua-nhanh-188260510141610671.chn,2026-05-10 15:30:00,2026,5,2026-06-07 05:26:26.763173,9e4a964985b6a5ce9e54ead466312a548ad8964e33922919c474362c76eae174,NEW,,0
https://cafef.vn/tat-ca-ho-ca-nhan-kinh-doanh-chu-y-canh-bao-quan-trong-tu-co-quan-thue-188260510151226016.chn,2026-05-10 15:16:00,2026,5,2026-06-07 05:26:26.871440,ca7f5203230b4920922da8412fa9e7d912a3cf8ac58e5cfab1b4f3ee7af9267d,NEW,,0
https://cafef.vn/cong-an-thong-bao-den-tat-ca-nhung-ai-nhan-duoc-thong-tin-hinh-anh-qua-zalo-co-noi-dung-sau-188260510145842941.chn,2026-05-10 15:04:00,2026,5,2026-06-07 05:26:26.922327,92faa7c4880bd5e9d21a290b8aa4fc621181a9e8c5cf6dccde307772b1bb1cc6,NEW,,0
https://cafef.vn/thanh-nien-sn-2004-duoc-chuyen-khoan-100-trieu-dong-cong-an-nhanh-chong-xac-minh-noi-dung-giao-dich-188260510140350194.chn,2026-05-10 14:13:00,2026,5,2026-06-07 05:26:26.974779,7f78dfd07c6f132edb9aac28cd42b7f82fa082e5df8a09aa31ca96478b171bf1,NEW,,0
https://cafef.vn/phat-hien-3-thieu-nien-duoi-14-tuoi-co-bieu-hien-la-cong-an-co-khuyen-cao-dac-biet-toi-toan-bo-phu-huynh-188260510140505104.chn,2026-05-10 14:12:00,2026,5,2026-06-07 05:26:27.027554,921f31eaa3e4cf32a0cef03aafd104cc32f84c530cffb69d178ba868abb6e69b,NEW,,0
https://cafef.vn/ios-27-co-the-thay-doi-hoan-toan-cach-nguoi-dung-iphone-dung-ai-188260510131744902.chn,2026-05-10 13:36:00,2026,5,2026-06-07 05:26:27.077259,685110d44907e0c9bf2ceb0d7b770f7defe680ff0555d10e0c19cc633be0bdd2,NEW,,0
https://cafef.vn/bo-tui-7-ty-usd-loi-nhuan-sony-lieu-co-dut-tinh-voi-may-choi-game-playstation-nhu-da-tung-lam-voi-tivi-de-chuyen-qua-lam-ai-voi-tsmc-188260510092900854.chn,2026-05-10 10:46:00,2026,5,2026-06-07 05:26:27.128256,ad146bbc34f92ae591157d128b13e1f8ee2fcac0cf2c3bd0c392802dda43fec1,NEW,,0
https://cafef.vn/microsoft-tung-lo-ngai-openai-quay-xe-sang-amazon-hau-truong-cang-thang-truoc-khoan-dau-tu-1-ty-usd-188260510072844249.chn,2026-05-10 09:30:00,2026,5,2026-06-07 05:26:27.178476,0266b399780b498b18c10fb4b7b2d54c4d46ff6ff1399257d6783e6d2ecf2805,NEW,,0
https://cafef.vn/chi-can-go-cac-ung-dung-nay-dien-thoai-samsung-cu-mem-cua-toi-gio-dung-nhu-may-moi-biet-the-lam-tu-ngay-xua-188260510074331904.chn,2026-05-10 08:49:00,2026,5,2026-06-07 05:26:27.229655,6f5ee493a9dc9e4d0d8dabe5a2b55c36bf467a935ecc54322d93fc5b0fa6416e,NEW,,0
https://cafef.vn/dien-dan-doi-moi-sang-tao-viet-nam-hoa-ky-gop-phan-phat-trien-nang-luong-tien-tien-188260510074647787.chn,2026-05-10 07:46:00,2026,5,2026-06-07 05:26:27.281751,103249b10bc620a3d83ab81aa0673c3a7a42c97f98664fe9b51ebc6058587fff,NEW,,0
https://cafef.vn/openai-ra-mat-api-giong-noi-moi-188260509130225373.chn,2026-05-09 20:00:00,2026,5,2026-06-07 05:26:27.333732,0c2beebc9f4e60541245d30b8119c18d2647de8816319cebafa133f7c445bb12,NEW,,0
https://cafef.vn/tham-hoa-vibe-coding-5000-ung-dung-ai-dang-phoi-sach-du-lieu-len-mang-188260509145620854.chn,2026-05-09 17:30:00,2026,5,2026-06-07 05:26:27.385662,42dfbe4a1690f54142847f625e9aefc0cffa5fa3c4aa34dfbca01487ac1ad1cf,NEW,,0
https://cafef.vn/lan-song-sa-thai-moi-vi-ai-188260509144646513.chn,2026-05-09 17:15:00,2026,5,2026-06-07 05:26:27.438802,41fdece30bae83086f2fe708e545958aa8af5e06f7ac2e8983d0124a18620bd7,NEW,,0
https://cafef.vn/hai-kieu-nguoi-se-bi-ai-dao-thai-khoi-thi-truong-lao-dong-188260509145452747.chn,2026-05-09 16:46:00,2026,5,2026-06-07 05:26:27.490730,ea0b899e19a5f5a4381714f48e86243e15cdb5b7daa56d6d43e7435ff37e957a,NEW,,0
https://cafef.vn/mark-cuban-canh-bao-lo-hong-chi-mang-cua-ai-cung-mot-cau-hoi-moi-lan-tra-loi-moi-kieu-188260509150319113.chn,2026-05-09 16:30:00,2026,5,2026-06-07 05:26:27.542940,43347fc39f6bebdc9a5b21b273e26d089098f8deb155c0ed8747a85d37a7aa74,NEW,,0
https://cafef.vn/canvas-tam-ngung-hoat-dong-vi-bi-hack-teen-lo-ngai-ve-viec-bao-mat-thong-tin-188260509131105289.chn,2026-05-09 15:29:00,2026,5,2026-06-07 05:26:27.595160,981ac3fa9b3ef045c00afecc137969bae42d0609f457f9eb947abde8ef744ab3,NEW,,0
https://cafef.vn/dau-tu-206-ty-usd-vao-ai-de-sa-thai-nhan-vien-sai-lam-dot-tien-khien-doanh-nghiep-mat-ca-chi-lan-chai-188260509091000604.chn,2026-05-09 15:18:00,2026,5,2026-06-07 05:26:27.664102,f76f88e8ec26d800c7d2cfb3f322664e7da3cf8d2e794f6dbd9f9f59611d934b,NEW,,0
https://cafef.vn/chatgpt-tu-bao-nguoi-than-neu-ban-gap-kho-khan-188260509073804637.chn,2026-05-09 15:16:00,2026,5,2026-06-07 05:26:27.735512,b15c0b1bdd0cbc5a1ed0e31e451d756b99903d5a1330dac241725158b42c6407,NEW,,0
https://cafef.vn/bo-truong-vu-hai-quan-hop-tac-khcn-viet-nam-an-do-buoc-sang-giai-doan-moi-thuc-chat-sau-rong-va-hieu-qua-hon-188260509144953818.chn,2026-05-09 14:49:41,2026,5,2026-06-07 05:26:27.787694,ebcc234d246e5e4b9255775225c6db0250cc0894644685148ba1c1bbaea837d8,NEW,,0
https://cafef.vn/cong-an-da-phat-hien-ra-nguyen-nhan-nguoi-dan-co-the-bi-danh-cap-thong-tin-ca-nhan-tai-khoan-vneid-facebook-188260509142501532.chn,2026-05-09 14:30:00,2026,5,2026-06-07 05:26:27.843404,3bfe6465d4807a9de64f7e0d298db4793922a4da41ae60928f89741e8a367df2,NEW,,0
https://cafef.vn/het-thoi-thua-tien-mark-zuckerberg-va-cac-big-tech-dang-phai-vay-no-chong-chat-de-tham-gia-canh-bac-ai-da-len-toi-725-ty-usd-188260509090534516.chn,2026-05-09 14:22:00,2026,5,2026-06-07 05:26:27.896440,b8112e43a45d8d715a38128a8b0cd05ae76a198ef09253827b34cb5eb9c2caa2,NEW,,0
https://cafef.vn/ihanoi-bo-sung-tinh-nang-ban-do-so-tiep-nhan-phan-anh-188260509131848902.chn,2026-05-09 13:30:00,2026,5,2026-06-07 05:26:27.949030,ddca51e449b3dfc84b82e474eece1143e685f63a843259c7fda0b3244e06f723,NEW,,0
https://cafef.vn/gioi-khoa-hoc-lieu-co-sap-bi-khai-tu-boi-startup-ai-4-thang-tuoi-dinh-gia-4-ty-usd-188260509090651653.chn,2026-05-09 11:49:00,2026,5,2026-06-07 05:26:28.001132,fc4942f81d0d5b91c4d0b982b60fbbe30b77ba96371e8ab1f088bda714512408,NEW,,0
https://cafef.vn/luong-250-trieu-thang-van-chua-la-gi-nhung-nganh-nay-dang-khien-cac-ong-lon-cong-nghe-phat-cuong-7-cong-ty-gianh-giat-1-nhan-su-188260509090805726.chn,2026-05-09 10:47:00,2026,5,2026-06-07 05:26:28.051448,247ab98be2af4df8cd854590e70d3fd92c55445e300914be2d432d6366afb866,NEW,,0
https://cafef.vn/thuyet-am-muu-dang-dan-thanh-su-that-co-den-35-website-moi-la-do-ai-tao-ra-188260509073609662.chn,2026-05-09 10:20:00,2026,5,2026-06-07 05:26:28.102477,ec86aa5ddb2b707e18efd797d4cb7378e6dbf60cd444fba47f1c1b31e8a8b9b5,NEW,,0
https://cafef.vn/chuyen-gia-mit-canh-bao-dung-ai-thay-the-nhan-su-gen-z-se-la-sai-lam-dat-gia-pha-huy-tuong-lai-doanh-nghiep-188260509073257479.chn,2026-05-09 09:38:00,2026,5,2026-06-07 05:26:28.153445,a4444a69a71650683d44f7cd94f4ed3bf32d3b3edc74d9d8c7390187c20b6e00,NEW,,0
https://cafef.vn/chi-so-huu-2-chu-cai-hon-dao-16000-dan-bat-ngo-kiem-hang-chuc-trieu-usd-moi-nam-tu-elon-musk-va-google-nho-con-sot-ai-188260509073440266.chn,2026-05-09 08:44:00,2026,5,2026-06-07 05:26:28.207127,047ffa4384d913e30cd3feef84bc3488918559a4f03494df239efb409b7cf66b,NEW,,0
https://cafef.vn/nghien-cuu-dap-tan-ao-tuong-ve-vibe-coding-tren-mang-xa-hoi-khong-mot-coder-chuyen-nghiep-nao-thuc-su-lam-nhu-vay-188260509073705489.chn,2026-05-09 07:58:00,2026,5,2026-06-07 05:26:28.261541,d46a5e94f33be170aeac4d284faa0d93142188c647f426994d62226ff9ac18bd,NEW,,0
https://cafef.vn/cao-toc-tai-viet-nam-sap-co-thay-doi-lon-188260508151753521.chn,2026-05-08 18:44:00,2026,5,2026-06-07 05:26:28.316401,6bb2d897b4bf57a259df51c2fd9c53ea9a1c6175fb3303cbed112cdf5b0697ff,NEW,,0
https://cafef.vn/de-che-18-ty-usd-chi-co-2-nhan-vien-lam-viec-tuong-duong-2400-nguoi-khi-ai-khong-con-la-cong-cu-ma-la-linh-hon-cua-doanh-nghiep-188260508153509725.chn,2026-05-08 16:50:00,2026,5,2026-06-07 05:26:28.367154,9bbbc43658dd0e27100d6124bf3c64336636367573684ef99b85ca7aeb4650c6,NEW,,0
https://cafef.vn/cuc-thue-phat-thong-bao-hoa-toc-18826050815434499.chn,2026-05-08 16:35:00,2026,5,2026-06-07 05:26:28.418266,9a06c9d341f93e8694464ddb316cbf83abe7a5784fd3e6f0cce17e29323321a4,NEW,,0
https://cafef.vn/trinh-duyet-hon-36-ty-nguoi-dung-dang-am-tham-nhoi-nhet-mo-hinh-ai-4gb-vao-may-tinh-cua-ban-188260508135921923.chn,2026-05-08 15:49:00,2026,5,2026-06-07 05:26:28.471973,85aab5e822e159545869db6cf4cf3270a2199452008c0aef6127ec2bd56e095f,NEW,,0
https://cafef.vn/thong-bao-quan-trong-tu-cong-an-lien-quan-den-tai-khoan-vneid-cho-tre-em-duoi-14-tuoi-hang-trieu-phu-huynh-luu-y-188260508141037487.chn,2026-05-08 14:09:00,2026,5,2026-06-07 05:26:28.522836,e63c04df76acece84b9b1c88c3454e8a9b60472bf10564843ceb7982691a2b0a,NEW,,0
https://cafef.vn/40-nganh-cong-nghiep-phan-mem-bi-gian-doan-11-trieu-cu-nhan-that-nghiep-ai-da-cuop-viec-cua-gioi-tre-xu-so-ty-dan-ra-sao-188260508133230881.chn,2026-05-08 13:52:00,2026,5,2026-06-07 05:26:28.574707,703d357f417bd590406833ed3e10ef2b0dbffbd30f7331f12f6a9be1f2f7ca94,NEW,,0
https://cafef.vn/sau-nga-han-quoc-mot-doanh-nghiep-tu-nen-kinh-te-lon-nhat-the-gioi-da-ngo-loi-giup-viet-nam-trien-khai-dien-hat-nhan-188260511134553311.chn,2026-05-08 13:45:00,2026,5,2026-06-07 05:26:28.626650,604c549704018b2dcf10999919d2227aac553a2746d5a10eff08c68f6851cbf8,NEW,,0
https://cafef.vn/google-cho-phep-dung-ai-khi-phong-van-khang-dinh-day-la-cach-chung-toi-van-hanh-trong-ky-nguyen-moi-188260508102120631.chn,2026-05-08 11:45:00,2026,5,2026-06-07 05:26:28.678555,648472bb30cd944561747195bcf63a97b036508fcb0b7ff76adf9ed7f6d77755,NEW,,0
https://cafef.vn/con-ac-mong-it-ai-tiep-tay-cho-nhan-vien-gia-mao-chiem-quyen-kiem-soat-chia-khoa-toa-lau-dai-188260508100339246.chn,2026-05-08 11:30:00,2026,5,2026-06-07 05:26:28.742952,46570ca3de735ccbf593bcc43f57cd67963f1137f1fa15c16034a495655a3c2c,NEW,,0
https://cafef.vn/google-lan-dau-dua-bai-dien-dan-vao-ai-overview-sau-hai-nam-bi-chi-trich-188260508102822184.chn,2026-05-08 11:02:00,2026,5,2026-06-07 05:26:28.795222,99a3ec7849aa0e31be4ccb5da4a72f9c7395470cf4cb06d61bfc3651892c8cdb,NEW,,0
https://cafef.vn/grab-trien-khai-chien-dich-moi-188260508103319687.chn,2026-05-08 10:33:00,2026,5,2026-06-07 05:26:28.847487,2bbd5657fdf974ce04e8839541e816018e6b19f59de03eea49bb95be99216d7a,NEW,,0
https://cafef.vn/nguoi-tre-chau-au-dang-yeu-mot-thuat-toan-su-troi-day-cua-de-che-ho-tro-cam-xuc-chatgpt-188260508091648156.chn,2026-05-08 10:13:00,2026,5,2026-06-07 05:26:28.901045,83d4a45de25e805b1876480ba1d538a863efb965a4648a86fcb7e0eff8854f10,NEW,,0
https://cafef.vn/toi-se-don-lay-ban-cau-noi-cua-chatgpt-dang-khien-hang-trieu-nguoi-dung-trung-quoc-dung-toc-gay-188260508083422507.chn,2026-05-08 09:47:00,2026,5,2026-06-07 05:26:28.952086,b800105da5227dd637878cdda3b486cc723450aa3b81f18f5261bb74e938f285,NEW,,0
https://cafef.vn/phan-tich-du-lieu-tu-hon-57000-chiec-iphone-apple-phat-hien-suy-giam-thinh-luc-co-the-khien-ban-cham-lai-theo-dung-nghia-den-18826050808595349.chn,2026-05-08 08:59:00,2026,5,2026-06-07 05:26:29.014431,5bb41e6f4cfa4dbd1c8f330ba77c79e59a8f8ae10acb47c0cf9d9615e49dd144,NEW,,0
https://cafef.vn/big-tech-khong-the-tiet-kiem-trong-cuoc-dua-ai-188260508080717855.chn,2026-05-08 08:46:00,2026,5,2026-06-07 05:26:59.966225,be8efe2ecff40036827992aeb4add629916789d8b2d977be93ccd0dd82fafc7b,NEW,,0
https://cafef.vn/mot-startup-ai-tuyen-bo-tien-len-mo-hinh-thuan-ai-buoc-dau-tien-la-sa-thai-25-nhan-su-188260508065609662.chn,2026-05-08 07:57:00,2026,5,2026-06-07 05:27:00.020621,837257ebee0fb98b2b9ed291479e2a20845e54a2495d1ca51d76d1fc308a42cb,NEW,,0
https://cafef.vn/hang-ty-usd-duoc-do-vao-ai-nhung-dong-nam-a-lai-mac-ket-vi-thu-khong-ai-ngo-toi-188260508065248709.chn,2026-05-08 07:20:00,2026,5,2026-06-07 05:27:00.073133,67cd75ff534f72251967ad0ba9cdb1f1bd11250d602e7a11ae00b755d070d4a3,NEW,,0
https://cafef.vn/ai-da-tung-chuyen-tien-vao-2-so-tai-khoan-duoi-day-nhanh-chong-lien-he-cong-an-188260507213253052.chn,2026-05-07 21:49:00,2026,5,2026-06-07 05:27:00.126238,6fc7c80d3db3c2d4c5fe56635564e3b1852bc840864c07b7ba5f0f12ec121dbb,NEW,,0
https://cafef.vn/ai-vua-bung-no-500000-viec-lam-cong-nghe-my-da-boc-hoi-nhung-thu-pham-that-su-co-the-khong-phai-chatgpt-188260507211532964.chn,2026-05-07 21:30:00,2026,5,2026-06-07 05:27:00.181482,7fef870a4d1015871a33b4390ace990b4e016d1a37409b725157a9a85b94c48d,NEW,,0
https://cafef.vn/chatgpt-gio-dung-model-gpt-55-instant-mac-dinh-bot-bia-chuyen-hon-188260507073056764.chn,2026-05-07 20:00:00,2026,5,2026-06-07 05:27:00.268176,493463cb72b110b67cc9a0b2f046ed4032fed3d1ac35dcfba87c21290eb0eba7,NEW,,0
https://cafef.vn/meta-se-su-dung-ai-de-xac-dinh-do-tuoi-cua-nguoi-dung-188260507095156335.chn,2026-05-07 19:23:00,2026,5,2026-06-07 05:27:00.319767,846d69446ca686fa6e9d0e319dd39ce9d0d4ab424c3b76951fe467c49ace1f6d,NEW,,0
https://cafef.vn/canh-bao-lo-hong-moi-tren-windows-nguy-co-may-tinh-bi-tan-cong-tu-xa-188260507072057458.chn,2026-05-07 19:00:00,2026,5,2026-06-07 05:27:00.372890,5188b43d454afe1e1d7ff4927f6b25fc9d83e5999824235096b7132e5755a676,NEW,,0
https://cafef.vn/con-sot-robot-hinh-nguoi-lo-diem-nghen-khong-phai-ai-chinh-phan-cung-moi-la-tu-huyet-quyet-dinh-cuoc-choi-188260507072845951.chn,2026-05-07 18:34:00,2026,5,2026-06-07 05:27:00.423643,91236d0341e9c991bb67c38e5f5f6bf02bc7e8475141e0e7d272880649afc5f8,NEW,,0
https://cafef.vn/lo-hong-android-nghiem-trong-cho-phep-kiem-soat-dien-thoai-tu-xa-qua-wi-fi-188260507091034684.chn,2026-05-07 18:21:00,2026,5,2026-06-07 05:27:00.475994,51a07f511ddccb25c14aa9d4275f6463ec14555a7e9723177056b2f668176af1,NEW,,0
https://cafef.vn/ceo-moi-cua-xbox-thay-mau-hau-het-lanh-dao-bang-nguoi-tu-nhom-ai-cua-microsoft-188260507150511834.chn,2026-05-07 18:00:00,2026,5,2026-06-07 05:27:00.568185,39629d2ca81ba79025d9e873c767646138145e205a40cc043ac7fd1861387e0d,NEW,,0
https://cafef.vn/hien-dien-tai-an-do-tu-nam-1999-fpt-dang-muon-gi-o-thi-truong-ty-dan-188260507175618152.chn,2026-05-07 17:56:08,2026,5,2026-06-07 05:27:00.620180,fd55abe35a43ea1ab1cfe469f4fb0182c3daee980efcee85021b784e54477bda,NEW,,0
https://cafef.vn/trinh-duyet-edge-luu-mat-khau-dang-text-khong-ma-hoa-ngay-trong-ram-microsoft-giai-thich-khong-phai-loi-do-la-tinh-nang-188260507150404744.chn,2026-05-07 17:30:00,2026,5,2026-06-07 05:27:00.670977,9c0debb83eea997b3f4dc253fd9d3791289d3631e0cfab6c91604e1f145225e2,NEW,,0
https://cafef.vn/dung-ai-qua-10-phut-ngay-ban-dang-tu-huy-hoai-bo-nao-minh-ma-khong-biet-188260507150225414.chn,2026-05-07 17:05:00,2026,5,2026-06-07 05:27:00.724008,b291178c4d03f8ab18aeb9fb87ab3d4fa46a89367ce98385934d08dcb3e329c9,NEW,,0
https://cafef.vn/cho-ai-lam-sep-mot-quan-cafe-nhan-vien-het-loi-khen-ngoi-188260507141047987.chn,2026-05-07 16:37:00,2026,5,2026-06-07 05:27:00.776042,ed0bb2dd8199b0fec05f3b3f806f81cfe68f4e6257c4c307357e0ecf9080ca1f,NEW,,0
https://cafef.vn/nghien-cuu-cho-thay-quan-ly-cap-trung-de-bi-thay-the-boi-ai-neu-khong-chiu-thuc-su-lam-viec-18826050715010727.chn,2026-05-07 16:30:00,2026,5,2026-06-07 05:27:00.865737,869e32be2a19acd84e64d815ade89ffb3cda8ab9d53fdf6fb15016aa0c3869a9,NEW,,0
https://cafef.vn/spacex-muon-tu-xay-nha-may-chip-119-ty-usd-vi-khong-mua-du-o-dau-188260507140956864.chn,2026-05-07 16:12:00,2026,5,2026-06-07 05:27:00.917989,00de41da4bd0cd73128a9b5a226a9fec99a39067b1a6fdfe2fbdb70498e91e0b,NEW,,0
https://cafef.vn/hang-bao-hiem-dung-ai-de-kiem-tien-nhung-lai-tu-choi-bao-ve-ai-cong-nghe-tung-duoc-ky-vong-la-don-bay-nang-suat-tro-thanh-con-ac-mong-toan-nganh-188260507095343857.chn,2026-05-07 15:35:00,2026,5,2026-06-07 05:27:00.970740,368d67758842cdbe6df2e9b9ee425e4fa2e0fda789e72c5b913824dafbf0eeb1,NEW,,0
https://cafef.vn/vu-gian-lan-am-nhac-ai-lon-nhat-lich-su-de-che-lua-dao-10-trieu-usd-1-ty-luot-stream-va-mot-doi-quan-fan-ham-mo-toan-bot-ao-188260507134215376.chn,2026-05-07 15:08:00,2026,5,2026-06-07 05:27:01.037892,0d1b10acfe567dbd3def219f2c26ee07e5ef6f77e80a0edb937d3ac78ed9805c,NEW,,0
https://cafef.vn/website-phim-lau-co-tv-phim4kxyz-thia-phim-chinh-thuc-dong-cua-188260507133701132.chn,2026-05-07 14:36:00,2026,5,2026-06-07 05:27:01.093324,91e744a659c656c0977e20b532703d3a03ef0623954b1751a38e6771b45ffafb,NEW,,0
https://cafef.vn/tong-bi-thu-chu-tich-nuoc-to-lam-thuc-day-hinh-thanh-doi-tac-so-viet-nam-an-do-18826050714303585.chn,2026-05-07 14:34:00,2026,5,2026-06-07 05:27:01.184463,0f55f89c08d12e609cbcdf7d2ca6803c216f4a3bcbdb8fe4445ba51894670a62,NEW,,0
https://cafef.vn/nhat-ban-tang-toc-danh-cuoc-vao-dien-toan-luong-tu-nham-thang-thi-truong-14-ty-dan-va-cuoc-choi-cong-nghe-nghin-ty-usd-188260507133254075.chn,2026-05-07 14:06:00,2026,5,2026-06-07 05:27:01.306411,7f9cb1f8675f281f29f1e42b2a4342c6a3f5cd86598052fbabbf02360d2183ce,NEW,,0
https://cafef.vn/cong-an-thong-bao-den-tat-ca-nhung-ai-nhan-duoc-tin-nhan-zalo-co-noi-dung-nay-188260507135344413.chn,2026-05-07 13:56:00,2026,5,2026-06-07 05:27:01.362489,0d98fbb2f6cbe78e4e24ddfe35396615dfff8ece7a52229cb14974a1b1ad9abe,NEW,,0
https://cafef.vn/ngay-ca-hacker-cung-phat-chan-ai-97000-cuoc-thao-luan-he-lo-cuoc-noi-loan-trong-the-gioi-toi-pham-mang-188260507133141587.chn,2026-05-07 13:32:00,2026,5,2026-06-07 05:27:01.420207,ef9e78720e1f12534669b76e400cdb81bfe07caaa9b17f1f6c552f4c89206308,NEW,,0
https://cafef.vn/thu-doan-tinh-vi-lua-30000-nguoi-dung-facebook-nop-ma-bao-mat-va-can-cuoc-cong-dan-188260507120215713.chn,2026-05-07 12:45:00,2026,5,2026-06-07 05:27:01.475518,35527b53961d1e6d7994addd5cacbb64f96f5d29d7d0f2163b47037f6a630ff7,NEW,,0
https://cafef.vn/elon-musk-muon-thau-tom-openai-ve-tay-tesla-da-am-tham-loi-keo-sam-altman-tu-8-nam-truoc-188260507100110545.chn,2026-05-07 11:51:00,2026,5,2026-06-07 05:27:01.531542,e02ee43f556590641945b4af86df7a35dc38d90b036762b843be52a094e00f82,NEW,,0
https://cafef.vn/chuyen-la-cong-ty-chuyen-may-xuc-bon-cau-cunga-dua-lam-ai-co-phieu-tang-2000-chi-sau-3-nam-188260507105937921.chn,2026-05-07 10:59:00,2026,5,2026-06-07 05:27:01.586805,48092c91375d659de840f2d7117d49df1649828d31fa73d46052fed25fa3cda2,NEW,,0
https://cafef.vn/chagee-chinh-thuc-len-tieng-phu-nhan-chuyen-doi-ten-mien-cho-rang-cac-trao-doi-thien-chi-bi-hieu-sai-188260507101226049.chn,2026-05-07 10:12:00,2026,5,2026-06-07 05:27:01.642949,a8ec9f71488adc71988ea7fe2db33268891f04efc242cc9456d09d7be0029bb0,NEW,,0
https://cafef.vn/80-doanh-nghiep-dung-ai-dang-cat-giam-nhan-su-lan-song-sa-thai-tu-meta-den-coinbase-de-giu-tang-truong-188260507090917085.chn,2026-05-07 09:37:00,2026,5,2026-06-07 05:27:01.695559,05287698d8a9db7b2fbffa45f3aa3f7f488e10966da5e45f83fe174a8165848a,NEW,,0
https://cafef.vn/apple-du-kien-cham-dut-vi-the-doc-ton-cua-chatgpt-tren-thiet-bi-tu-ios-27-188260507083343029.chn,2026-05-07 08:56:00,2026,5,2026-06-07 05:27:01.748530,4e732c1eb449cb4d3cd4729ffdfbdb95f7557985f19d9ef7757fcbc34b1254ce,NEW,,0
https://cafef.vn/them-1-phat-ngon-gay-tranh-cai-thoi-ai-muon-nang-suat-toi-da-hay-loai-bo-con-nguoi-18826050708161781.chn,2026-05-07 08:16:00,2026,5,2026-06-07 05:27:01.802436,ae8111355889b73948f58d1f122eb9b8fc7adce6295dcd7687bba1bca09eb148,NEW,,0
https://cafef.vn/ceo-nvidia-tran-an-nguoi-dung-ai-se-tao-them-viec-lam-thay-vi-khien-that-nghiep-188260506141234563.chn,2026-05-07 08:04:00,2026,5,2026-06-07 05:27:01.854542,2d6c7e4dc04ddcc37e1a9017e6ab3cf05ac5b936db48f1b86ddd514d40d31b06,NEW,,0
https://cafef.vn/thong-tin-moi-lien-quan-den-so-can-cuoc-ma-nguoi-dan-can-nam-ro-188260506185806491.chn,2026-05-06 20:10:00,2026,5,2026-06-07 05:27:01.907348,b6b7543f260b52856526dbffeb2cc702ad6639c94bca2da74979e318bb1a6b6c,NEW,,0
https://cafef.vn/vom-thep-rong-50000m2-do-sap-hoan-toan-nhung-cong-trinh-22-ty-usd-hien-dai-nhat-viet-nam-van-thanh-cong-lon-188260506175307363.chn,2026-05-06 18:49:00,2026,5,2026-06-07 05:27:01.959253,18c97e7720b2fa6c702aabd348461b36df9fa6d16b4f76695e77705719696b8a,NEW,,0
https://cafef.vn/grab-bat-tay-tasco-auto-188260506182937973.chn,2026-05-06 18:29:00,2026,5,2026-06-07 05:27:02.025830,ae82fba51bc377fe354df9634f46af3dab2db4f33ac4171663dd4a3b651dfde8,NEW,,0
https://cafef.vn/cong-nghe-truyen-dan-am-thanh-cho-o-to-dat-duoc-buoc-tien-moi-188260506172249753.chn,2026-05-06 17:45:00,2026,5,2026-06-07 05:27:02.099516,49511ece96657fa19ea424d82a0cff093af87f9f1dd4ee9dc562f8da033e9415,NEW,,0
https://cafef.vn/ceo-anthropic-canh-bao-thoi-diem-nguy-hiem-cua-khong-gian-mang-dang-den-188260506162515347.chn,2026-05-06 17:19:00,2026,5,2026-06-07 05:27:02.154319,ee374dabc5d989d148e4b98caa2a2f3f6eb31a55a045efa9350e7da6dfea7f12,NEW,,0
https://cafef.vn/bi-ai-doa-cuop-viec-cu-lua-truyen-thong-cua-cac-ceo-ai-dang-thao-tung-tam-ly-gen-z-188260506130509052.chn,2026-05-06 16:16:00,2026,5,2026-06-07 05:27:02.208748,eeb0e877e696ce1ef5f1410f228dda737b825fddc1ef741f34d389ffc69a7ac1,NEW,,0
https://cafef.vn/bo-sung-duong-sat-toc-do-cao-vao-danh-muc-cong-nghe-chien-luoc-188260506145753764.chn,2026-05-06 15:33:00,2026,5,2026-06-07 05:27:02.263806,ad36c8a8ebba5a7170a5a7965997dc0fed17278a87bd2c3d5cbe278b6f1e2248,NEW,,0
https://cafef.vn/sau-an-ninh-mang-anthropic-tong-tan-cong-nganh-tai-chinh-ngan-hang-tung-10-ai-agent-chuyen-biet-quyet-dau-openai-truoc-them-ipo-lich-su-188260506103732969.chn,2026-05-06 14:54:00,2026,5,2026-06-07 05:27:02.319425,98f204735357782cd1cd0e398e16c8b4fe16c696a8b63a69506bf839c278d207,NEW,,0
https://cafef.vn/di-sau-the-gioi-35-nam-nhung-viet-nam-van-tao-ky-luc-chua-tung-co-chi-trong-50-ngay-khang-dinh-lam-chu-cong-nghe-hien-dai-hang-dau-the-gioi-188260506142753533.chn,2026-05-06 14:27:00,2026,5,2026-06-07 05:27:02.372542,d46622195f3c5731d781aee286699c4efe355b817f2e58377424c58991316665,NEW,,0
https://cafef.vn/vu-kien-the-ky-sep-openai-phu-nhan-cac-cao-buoc-tu-elon-musk-va-he-lo-bi-mat-khung-dang-sau-su-ra-doi-cua-openai-18826050613030861.chn,2026-05-06 14:22:00,2026,5,2026-06-07 05:27:02.426312,7181ab99f159959f27362dc03cd3327cde056820bdaa22f5d65e9b35175f648d,NEW,,0
https://cafef.vn/toi-mo-10-tab-cung-luc-tren-6-trinh-duyet-web-de-xem-cai-nao-nhe-nhat-mot-cai-ten-bat-ngo-thang-ca-chrome-188260506140945622.chn,2026-05-06 14:09:00,2026,5,2026-06-07 05:27:02.478585,b01a5fd9fdd8f774b0a0b784bc4cff643d54dc439ace03b5caf847e238535fb2,NEW,,0
https://cafef.vn/viet-nam-an-do-mo-rong-hop-tac-trong-cac-linh-vuc-cong-nghe-chien-luoc-188260506105004813.chn,2026-05-06 13:42:19,2026,5,2026-06-07 05:27:02.528032,fe005037d2d7c5f282699d168196c08bf7916cbd7049795743cb27ec90702d42,NEW,,0
https://cafef.vn/gemini-co-luot-tai-app-nhieu-nhat-nhung-chatgpt-lai-tao-ra-doanh-thu-khung-188260506132340044.chn,2026-05-06 13:41:00,2026,5,2026-06-07 05:27:02.586792,0b7538d60aa4a0a85a05820ec05b5c4e1e53b4e73cf72b0ebad85079218d5e78,NEW,,0
https://cafef.vn/bi-duoi-khoi-cua-hang-vi-bi-ai-nham-la-trom-su-that-chan-dong-sau-17-trieu-khuon-mat-bi-quet-va-cuoc-dua-quan-ly-ai-bat-luc-cua-nhan-loai-188260506103539653.chn,2026-05-06 11:30:00,2026,5,2026-06-07 05:27:36.133685,3403a3af31701ba12a856c7c0bd2d445d241fa7da7a053398b6d8886d14dabb3,NEW,,0
https://cafef.vn/cong-an-phat-thong-bao-moi-ve-ho-chieu-tren-vneid-nguoi-dan-ca-nuoc-can-nam-ro-188260506111249165.chn,2026-05-06 11:14:00,2026,5,2026-06-07 05:27:36.202075,0435140e666beb2c2b2dda804152507ea641c19969d364ee2a0b5283512ea267,NEW,,0
https://cafef.vn/nhieu-thue-bao-bat-dau-bi-khoa-sim-do-chua-thuc-hien-xac-thuc-188260506103004831.chn,2026-05-06 11:14:00,2026,5,2026-06-07 05:27:36.253895,76c773567ff22c01911b3d2abae340862e33ce6b536c33410d781be0376b2c3c,NEW,,0
https://cafef.vn/dung-chi-cho-con-hoc-code-day-moi-la-ky-nang-giup-tre-khong-bi-ai-soan-ngoi-188260506092720749.chn,2026-05-06 10:51:00,2026,5,2026-06-07 05:27:36.305707,b1bba46189070e2a385a00d65e278267332d3d2435beadd5eb66f7027bd8ed9d,NEW,,0
https://cafef.vn/cat-14-nhan-su-san-tien-so-coinbase-danh-cuoc-tat-tay-vao-ai-doanh-nghiep-mot-nguoi-co-phai-tuong-lai-moi-cua-nganh-crypto-188260506092758545.chn,2026-05-06 10:20:00,2026,5,2026-06-07 05:27:36.357460,d987ff84b6f3d59dd0cf18b03771c234b400f329b6c7b84d95feb325aa9d1bb3,NEW,,0
https://cafef.vn/thuong-vu-65-ty-usd-va-ke-hoach-tai-cau-truc-chan-dong-cua-sam-altman-su-that-ve-cac-startup-bi-mat-ben-trong-openai-de-don-duong-ipo-188260506092617472.chn,2026-05-06 09:50:00,2026,5,2026-06-07 05:27:36.409251,00b86ad37b41c49e7faf0c72ebc1c7e57a35861f133adaea18b7619ecdf91fc8,NEW,,0
https://cafef.vn/c06-con-hon-32-trieu-thue-bao-di-dong-chua-xac-thuc-thong-tin-1882605060835224.chn,2026-05-06 09:21:00,2026,5,2026-06-07 05:27:36.463786,4a49f9b09a413c42206ab268120a3f8870136f12991dd2d094a564caca409599,NEW,,0
https://cafef.vn/con-sot-ai-khien-gia-linh-kien-sap-tang-them-40-188260506083236696.chn,2026-05-06 08:39:00,2026,5,2026-06-07 05:27:36.523564,2cffd502beacfaa166ffa34c1cf9edc2cbdfa1e4c7cb421301470359ef8771f9,NEW,,0
https://cafef.vn/ceo-nvidia-ai-dang-tao-ra-nhieu-viec-lam-188260506080314312.chn,2026-05-06 08:21:00,2026,5,2026-06-07 05:27:36.576068,d033c214c45418b1249078cb84161a5f15a6ba189cfe5351556468d1c5821771,NEW,,0
https://cafef.vn/hacker-dang-nham-vao-cac-may-mac-va-lan-nay-qua-chinh-quang-cao-cua-google-188260506071942736.chn,2026-05-06 07:23:00,2026,5,2026-06-07 05:27:36.628997,3ddb5910454fc78e97d1135ed5d806c65df5940a8f47b4e636c36a77a6612aff,NEW,,0
https://cafef.vn/xac-thuc-khuon-mat-khong-chi-ghi-hinh-khuon-mat-he-thong-ghi-lai-nhung-gi-188260505204931862.chn,2026-05-05 21:48:00,2026,5,2026-06-07 05:27:36.681322,aa1d83a5e452c94b2166a6ab364483a18e2d78759ff28cb451aa96509575ca79,NEW,,0
https://cafef.vn/cong-an-canh-bao-toi-nguoi-dan-co-giao-dich-chuyen-khoan-thanh-cong-trong-truong-hop-sau-188260505181026241.chn,2026-05-05 20:45:00,2026,5,2026-06-07 05:27:36.732415,cb203cbd77245349de3b481e1e2819022104d7bbf698caf25b5a571a0f86c2fe,NEW,,0
https://cafef.vn/my-han-che-viec-nvidia-ban-chip-ai-cho-trung-quoc-huawei-duoc-dip-len-ngoi-188260505184023057.chn,2026-05-05 18:40:00,2026,5,2026-06-07 05:27:36.785735,8367557364bddc1d4e129b50843441f680d95f53e813fbee93b4dcf749ce6edd,NEW,,0
https://cafef.vn/ngan-hang-cat-viec-lap-lai-don-luc-cho-ai-188260505183258891.chn,2026-05-05 18:32:00,2026,5,2026-06-07 05:27:36.838376,d4169be8ac0fdfe4918493b10a5fc3535c2b037675ebb9f702e5a78fa9bbbc09,NEW,,0
https://cafef.vn/tuyen-bo-ai-se-thay-the-ky-su-phan-mem-nhung-anthropic-tra-toi-15-ty-dong-de-tuyen-ky-su-phan-mem-phan-ghi-chu-moi-gay-soc-188260505171719763.chn,2026-05-05 17:30:00,2026,5,2026-06-07 05:27:36.894396,f3afd08882bc6c5d2303893ca5ebe03a1d74239ffeec2657e91c07a8a38284f6,NEW,,0
https://cafef.vn/thong-bao-moi-nhat-tu-grab-den-tai-xe-18826050517180953.chn,2026-05-05 17:21:00,2026,5,2026-06-07 05:27:36.943713,693b52cc7b60f67769f843bc6914c86381f631dee6e9f042eb7af206bb6e13ee,NEW,,0
https://cafef.vn/den-luot-hang-xe-cong-nghe-be-thong-bao-tang-gia-cuoc-188260505153019535.chn,2026-05-05 16:15:00,2026,5,2026-06-07 05:27:36.995590,a6be94808882c93a407c580519f9a8b4c2a2cb07882abfc98e6c092e218eca75,NEW,,0
https://cafef.vn/bhxh-phan-hoi-viec-chua-hien-thi-thoi-gian-dong-bao-hiem-tren-vssid-188260505144508579.chn,2026-05-05 16:11:00,2026,5,2026-06-07 05:27:37.045714,0bd0a3dd9063073579631e9a1283d7e8870a6f0121335f82287c216c07c2e779,NEW,,0
https://cafef.vn/thong-bao-quan-trong-lien-quan-den-tich-hop-den-so-do-tren-vneid-nguoi-dan-can-biet-188260505160413904.chn,2026-05-05 16:08:00,2026,5,2026-06-07 05:27:37.097195,124be59568694f22648a6a71e1225b4c737d1f22c24619b94cb73f643bfd19e5,NEW,,0
https://cafef.vn/robot-hinh-nguoi-bebop-gay-nao-loan-va-lam-cham-chuyen-bay-vi-mang-theo-pin-cam-188260505160530235.chn,2026-05-05 16:05:00,2026,5,2026-06-07 05:27:37.151463,5772f5b25485956f61eed42bf5ee1234e492dda5fd0bae7266e65b91e52a89e3,NEW,,0
https://cafef.vn/ty-phu-mark-cuban-tiet-lo-5-nganh-nghe-co-the-bi-ai-xoa-so-trong-tuong-lai-188260505160249814.chn,2026-05-05 16:05:00,2026,5,2026-06-07 05:27:37.229722,893f359234b1853c0e577a823ce1650968f778b12d19ecffc9c7c191bfcb31be,NEW,,0
https://cafef.vn/canh-bao-1001-cach-du-lieu-ca-nhan-cua-ban-bi-cac-app-lam-viec-dem-di-dau-gia-bi-mat-188260505135900441.chn,2026-05-05 15:40:00,2026,5,2026-06-07 05:27:37.285602,d8f13658cd13ce945d51ddfc9ef1c1f6dc64bf96f0966325e52ce21ea2a9e0f7,NEW,,0
https://cafef.vn/viet-nam-la-quoc-gia-duy-nhat-trong-khu-vuc-duoc-nen-kinh-te-lon-thu-2-chau-a-uu-tien-ho-tro-trong-linh-vuc-nay-18826050515151034.chn,2026-05-05 15:14:00,2026,5,2026-06-07 05:27:37.338356,24acc4c2aa85fc3dcfe7e59e043b54d2f2f15345258916570b39b1b7ad1bae67,NEW,,0
https://cafef.vn/ty-phu-gabe-newell-tung-dau-tu-toi-20-trieu-usd-cho-openai-188260505140712899.chn,2026-05-05 15:10:00,2026,5,2026-06-07 05:27:37.392895,50261ceeaa5e5242340828b2cf11fa978db30a1a14f62cf266a21032210263a4,NEW,,0
https://cafef.vn/nhieu-nguoi-voi-va-di-xac-thuc-khi-sim-bi-khoa-188260505133904995.chn,2026-05-05 14:39:00,2026,5,2026-06-07 05:27:37.449388,5fa31915bdad19ad2ab7e3023025f6cc6806f31c4f9455e77db1aff1e8727e4b,NEW,,0
https://cafef.vn/50000-ca-khuc-ai-do-len-moi-ngay-nghe-si-dong-loat-tuyen-chien-khi-nhac-ai-tran-lan-188260505133550557.chn,2026-05-05 14:07:00,2026,5,2026-06-07 05:27:37.501786,63e340389edfbf173c68ed59b7bdcce763d7e5f9a984d257bc40dbdc5e881270,NEW,,0
https://cafef.vn/chatgpt-tro-thanh-kho-bang-chung-trong-cac-vu-an-hinh-su-188260505103711944.chn,2026-05-05 13:33:00,2026,5,2026-06-07 05:27:37.555850,f0f8dd2584047e3aaae673c9b63ad5701eaeec78666242d5d600878b0b3175ee,NEW,,0
https://cafef.vn/cong-nghe-5-5-vng-but-pha-nho-zalopay-va-ai-188260505095654819.chn,2026-05-05 10:47:00,2026,5,2026-06-07 05:27:37.607878,12aeb92c76942f1c5ffe83e3b01f7daa06a145dd47e4e8ae66e443e2ef305a1f,NEW,,0
https://cafef.vn/ai-giup-ban-nop-100-cv-trong-1-ngay-nhung-day-moi-la-3-cach-thuc-su-khien-nha-tuyen-dung-phai-nho-ten-ban-18826050509484011.chn,2026-05-05 10:38:00,2026,5,2026-06-07 05:27:37.662033,e044e58347b123433c7a9abab3b1279e01b648cf624578b4f0ea43d7f22025a3,NEW,,0
https://cafef.vn/gia-mao-website-tro-choi-dien-tu-truc-tuyen-lua-dao-chiem-doat-hon-500-trieu-dong-188260505085145969.chn,2026-05-05 09:35:00,2026,5,2026-06-07 05:27:37.713456,225cf21f2a7da29e4fa6a532f8ba5afdd5d8c43e7aaaf190b0565be22612a064,NEW,,0
https://cafef.vn/ai-young-guru-dai-su-ai-the-he-moi-lo-dien-188260505095104567.chn,2026-05-05 09:29:00,2026,5,2026-06-07 05:27:37.763391,adbc8569cf35ac3eb33f30638c5faa68bd8c7c6a26af9e1b7f53337b0ec1b2b8,NEW,,0
https://cafef.vn/robot-hinh-nguoi-trung-quoc-gay-soc-voi-18000-cam-bien-va-doi-tay-gan-nhu-con-nguoi-gia-duoi-40000-usd-188260505071908004.chn,2026-05-05 08:51:00,2026,5,2026-06-07 05:27:37.814239,c89371f77dbf83f4b0f98c4c00f8cf06d75e559d661c8e0c6ce8b7642f4b6498,NEW,,0
https://cafef.vn/tin-nhan-gay-mat-tien-nguoi-dung-iphone-nen-xoa-ngay-khi-nhan-1882605042035552.chn,2026-05-04 20:35:00,2026,5,2026-06-07 05:27:37.865332,491ebb75fd661933ce47129d0345b5635dbe43bccabfc5039b1f581828cfff49,NEW,,0
https://cafef.vn/doanh-thu-376-ty-usd-nhung-dong-tien-van-boc-hoi-95-amazon-dang-tra-gia-dat-de-thong-tri-cuoc-dua-ai-188260504154123733.chn,2026-05-04 18:26:00,2026,5,2026-06-07 05:27:37.916563,3f09ab1cc7e11ac3622b1b6163c91b7129ca26f7570546e147eb21cd7ddc85e8,NEW,,0
https://cafef.vn/cong-an-phat-thong-bao-quan-trong-toi-tat-ca-nhung-ai-bam-vao-duong-link-co-noi-dung-sau-188260504163519502.chn,2026-05-04 17:37:00,2026,5,2026-06-07 05:27:37.967949,62b7ec0caf6dd7342d6b9cd987827e92f318f2548054486771eeabd1ddc07e74,NEW,,0
https://cafef.vn/nghich-ly-jevons-tai-sao-ai-cang-gioi-the-gioi-lai-cang-can-nhieu-luat-su-va-ke-toan-hon-188260504142657358.chn,2026-05-04 17:33:00,2026,5,2026-06-07 05:27:38.023104,6119231f6265010485e171264d08731c22b456cd2e1b80a110af5ddf377fae56,NEW,,0
https://cafef.vn/loi-khuyen-dat-gia-cua-tim-cook-danh-cho-tan-ceo-apple-khong-phai-ai-cung-chang-phai-san-pham-188260504142822904.chn,2026-05-04 16:43:00,2026,5,2026-06-07 05:27:38.073723,87360a8a6d0ac0454513bbc2ead4e47de760a0ca1bd8fa58f52a5e20edc5f266,NEW,,0
https://cafef.vn/esports-nations-cup-2026-chinh-thuc-khoi-dong-700-huan-luyen-vien-tu-hon-100-quoc-gia-duoc-bo-nhiem-188260504152346572.chn,2026-05-04 16:23:00,2026,5,2026-06-07 05:27:38.127699,eb5a614f68b3ae5fc20a7e6abec464a50ba54dd595cf48997770eddf6e073bef,NEW,,0
https://cafef.vn/my-xay-sieu-nha-may-robot-hinh-nguoi-dau-tien-tham-vong-tung-100000-robot-gia-dinh-vao-nam-2027-188260504154429682.chn,2026-05-04 16:04:00,2026,5,2026-06-07 05:27:38.179211,75da5dfc4051a986fc502d42a89a5c8376ab743add7b8837ab6c791b6ac92049,NEW,,0
https://cafef.vn/cho-rang-grab-thu-phi-nen-tang-qua-cao-lang-gieng-viet-nam-bat-giam-hon-mot-nua-them-bao-hiem-cho-tai-xe-18826050414401231.chn,2026-05-04 14:50:00,2026,5,2026-06-07 05:27:38.236544,063e7d6db4992cdb9ec8fc3c492aa57c478d266056630cea7918b2a7dac2df3d,NEW,,0
https://cafef.vn/ceo-openai-noi-noi-so-ai-cuop-viec-khong-the-tranh-khoi-188260504133359957.chn,2026-05-04 14:20:00,2026,5,2026-06-07 05:27:38.297080,8307f8d1f392ed5c978f517e9f442760acaf7a88774f0b9e08279ba605c28471,NEW,,0
https://cafef.vn/75000-bai-hat-do-bo-moi-ngay-nhac-ai-dang-bien-cac-nen-tang-streaming-nhu-spotify-va-apple-music-thanh-bai-rac-cong-nghe-188260504133205679.chn,2026-05-04 13:41:00,2026,5,2026-06-07 05:27:38.349375,e83b623b585e71af73a81a998c259bee7b4ebb08d95aa04cfbc6b92cda561df8,NEW,,0
https://cafef.vn/8000-nguoi-mat-viec-block-cat-40-nhan-su-ai-dang-thanh-loc-nganh-cong-nghe-hay-chi-la-cu-soc-tam-thoi-188260504102125227.chn,2026-05-04 11:30:00,2026,5,2026-06-07 05:27:38.401850,c06bbabf01d5aba5af8f72c8e2aee17dda4d54e73df1812e97367a52fb0fe2c6,NEW,,0
https://cafef.vn/trong-nam-nay-nhung-ai-sinh-vao-3-nam-nay-se-duoc-lam-lai-cccd-vo-thoi-han-khong-can-phai-doi-lai-188260504104830269.chn,2026-05-04 10:47:00,2026,5,2026-06-07 05:27:38.454183,d1b91640fe7503d92d46fe86cb6ce5e295d8436f7aa9f6d993b1757321686cd0,NEW,,0
https://cafef.vn/huong-dan-cach-tim-do-that-lac-o-metro-hcm-ngay-tren-ung-dung-dien-thoai-188260504102843375.chn,2026-05-04 10:39:00,2026,5,2026-06-07 05:27:38.505424,187b106d9c5fb303002aa6c61a3938b6efe194853cefe64dfab288f3505ce99a,NEW,,0
https://cafef.vn/mot-linh-vuc-o-viet-nam-duoc-danh-gia-la-mot-trong-nhung-thi-truong-nang-dong-nhat-the-gioi-quy-mo-doanh-thu-co-the-dat-10-trieu-usd-vao-nam-2030-188260504101113897.chn,2026-05-04 10:10:00,2026,5,2026-06-07 05:28:13.779904,8479f43b9cff985f2ba1d1f94dea79614bd7d3c8f4f2519cfdc91155076bbd5b,NEW,,0
https://cafef.vn/mark-zuckerberg-doi-mat-phan-quyet-lich-su-facebook-va-instagram-lieu-co-bi-khai-tu-cac-tinh-nang-gay-nghien-188260504085601782.chn,2026-05-04 09:34:00,2026,5,2026-06-07 05:28:13.833544,623ae64b5945f7a613df2378678459f4d18e40cf2b225ffa995c26b3ff1b7f10,NEW,,0
https://cafef.vn/apple-doi-dau-vibe-coding-nha-san-xuat-iphone-rung-lac-truoc-ky-nguyen-khong-can-lap-trinh-vien-lo-so-quyen-luc-ai-lam-dao-lon-luat-choi-18826050408364737.chn,2026-05-04 09:00:00,2026,5,2026-06-07 05:28:13.885592,0db8d31b1fafd291c8a0760eecf0b9d4aed0beffdf1c9c20e8cddc408e4ded53,NEW,,0
https://cafef.vn/ai-duoc-phat-tien-de-tu-mua-ban-ket-qua-khien-ca-anthropic-cung-phai-bat-ngo-188260504072220806.chn,2026-05-04 08:34:00,2026,5,2026-06-07 05:28:13.935335,1f3318c5020c133ab37902fe4783cea5f6c56fc81ff6412c1aee42926258dc07,NEW,,0
https://cafef.vn/xon-xao-chuyen-chatgpt-truy-cap-kho-anh-ca-nhan-cua-nguoi-dung-188260504071816835.chn,2026-05-04 08:00:00,2026,5,2026-06-07 05:28:13.986856,7f1c8037da4785973fe31dd449d10d1394c0da47eeff3357ac88664475ceab29,NEW,,0
https://cafef.vn/elon-musk-ke-ly-do-lap-openai-bat-dong-voi-google-vi-ai-188260504072401225.chn,2026-05-04 07:26:00,2026,5,2026-06-07 05:28:14.038391,a2f167c8a57cc442dfbf17f04e38539cbf759fa189f0a335a765b3dd99cdcbb6,NEW,,0
https://cafef.vn/het-thoi-dung-chua-google-dang-am-tham-moc-tui-du-lieu-ca-nhan-cua-nguoi-dung-de-nuoi-song-canh-bac-ai-nghin-ty-18826050316371327.chn,2026-05-03 21:20:00,2026,5,2026-06-07 05:28:14.133537,dd655c0b7367780fe95d32d9968b1d4fd5ad49747a6f1b6df4a6d9f688092637,NEW,,0
https://cafef.vn/193-chu-xe-o-to-xe-may-mang-bien-kiem-soat-sau-khan-truong-nop-phat-nguoi-theo-nghi-dinh-168-188260503211729084.chn,2026-05-03 21:18:00,2026,5,2026-06-07 05:28:14.245448,862255572f145587b828a3abd2994c432ae7988fda463825b9b9aac45b294a82,NEW,,0
https://cafef.vn/chon-con-tim-hay-nghe-ly-tri-ai-cang-ngot-ngao-cang-de-noi-doi-ty-le-loi-cao-hon-60-so-voi-mo-hinh-phan-hoi-kho-khan-188260503163804831.chn,2026-05-03 17:46:00,2026,5,2026-06-07 05:28:14.301638,ea12e10d25adf7937eac6235b97fdf68b1c6543b3134cebf8f0aa9e5be02fbb9,NEW,,0
https://cafef.vn/doc-la-openai-do-hang-ty-usd-luyen-sieu-tri-tue-gio-cac-ky-su-phai-thuc-trang-dem-de-duoi-yeu-tinh-ra-khoi-chatgpt-188260503163616173.chn,2026-05-03 17:30:00,2026,5,2026-06-07 05:28:14.352719,8a3cf91d24898974f8f99a095123c14e99bec6b5c083bb5b0dda03b675a717ed,NEW,,0
https://cafef.vn/30000-tai-khoan-facebook-bi-chiem-doat-rao-ban-tren-cho-den-188260503155716329.chn,2026-05-03 16:29:00,2026,5,2026-06-07 05:28:14.405986,97dda98ec7860e84d2c668c5d8b3a6e24dbb2c9a30dec1d1fae144f2b1a9768b,NEW,,0
https://cafef.vn/amazon-cho-hoi-dap-bang-giong-noi-khi-mua-hang-khoi-mat-cong-doc-review-188260503140327661.chn,2026-05-03 15:30:00,2026,5,2026-06-07 05:28:14.458086,ad139042754e216ef4c2adadc8b5a813310a73b42d67c6579f50be86aa0c52de,NEW,,0
https://cafef.vn/sony-thua-kien-nguoi-dung-ps-my-duoc-den-bu-78-trieu-usd-nhung-chia-ra-khong-du-mua-1-game-moi-188260503133330376.chn,2026-05-03 14:29:00,2026,5,2026-06-07 05:28:14.510180,a200cb98dfd2aad17eb22b9d454b55a70cef533e8e723ee2602dffe86b71c1af,NEW,,0
https://cafef.vn/tham-hoa-9-giay-khi-ai-noi-loan-xoa-sach-toan-bo-du-lieu-cua-mot-doanh-nghiep-188260503132938947.chn,2026-05-03 13:36:00,2026,5,2026-06-07 05:28:14.563328,81f3b84169e068fca8725a604d6d6eb4e546c4ce25d02c0400ed5102052b06f5,NEW,,0
https://cafef.vn/toa-an-trung-quoc-cam-doanh-nghiep-sa-thai-vi-ai-cong-nghe-khong-phai-cai-co-de-day-rui-ro-cho-nguoi-lao-dong-188260503103842678.chn,2026-05-03 10:38:00,2026,5,2026-06-07 05:28:14.614256,d577532e9b93814d839a6f48b9acb6a4c3906f500664d4f9ef66646b7b578da7,NEW,,0
https://cafef.vn/con-sot-viec-lam-2026-top-nhung-nghe-nghiep-hai-ra-tien-ma-ai-khong-bao-gio-thay-the-duoc-188260503100805271.chn,2026-05-03 10:35:00,2026,5,2026-06-07 05:28:14.666091,e65598f0b02fcfc7aee0a873cd3bfe05a67da9d67b6f85e4e8bedee0154139fa,NEW,,0
https://cafef.vn/nguoi-viet-chi-gan-1700-ty-dong-moi-ngay-cho-mua-sam-truc-tuyen-188260503091934611.chn,2026-05-03 09:55:00,2026,5,2026-06-07 05:28:14.722545,6738a38a60ae0f16921f11a9ae8c319258d802f325152eebc3794098b346e138,NEW,,0
https://cafef.vn/san-xuat-470-bo-phim-ai-moi-ngay-bi-mat-dang-sau-cong-xuong-giai-tri-khung-nhat-hanh-tinh-voi-chi-phi-giam-5-lan-toc-do-tang-gap-3-188260503084240307.chn,2026-05-03 08:46:00,2026,5,2026-06-07 05:28:14.774205,b44f12687489b65a746341a684138c415867dd0ac15dde9521a96fa314438057,NEW,,0
https://cafef.vn/tu-15-5-vneid-se-co-cap-nhat-quan-trong-nguoi-dan-luu-y-188260503080433381.chn,2026-05-03 08:04:00,2026,5,2026-06-07 05:28:14.835888,5b97830bca47b12c6dd312681baac4fc04ee40576306d6c5dc4456dc96e9cd88,NEW,,0
https://cafef.vn/tu-100-trieu-nguoi-dung-den-lan-song-phan-khang-ai-dang-khien-nuoc-my-quay-xe-188260503073800811.chn,2026-05-03 07:46:00,2026,5,2026-06-07 05:28:14.901650,1634b71f2e792b85a9ccbfe5d8a1f507638b741839f4943d7cf61d85044dab67,NEW,,0
https://cafef.vn/cong-ty-my-tang-toc-san-xuat-robot-hinh-nguoi-chua-tung-co-tham-vong-dua-ai-buoc-ra-the-gioi-thuc-188260502160646596.chn,2026-05-02 18:34:00,2026,5,2026-06-07 05:28:14.965674,d571167501248a595ea929172cf24a93c6dd887bbcd03b16c54cded20c6d82b1,NEW,,0
https://cafef.vn/tro-ly-ai-tu-y-xoa-sach-du-lieu-cong-ty-trong-9-giay-va-giai-trinh-toi-khong-hieu-ro-minh-dang-lam-gi-188260502160452702.chn,2026-05-02 18:00:00,2026,5,2026-06-07 05:28:15.028938,0fcd927b4aa40c5037b27b453bc4f683039f7f02b0d645a79251b48054e4c5c6,NEW,,0
https://cafef.vn/de-che-sora-sup-do-lo-dien-vi-vua-moi-gioi-ai-video-khien-the-gioi-ngo-ngang-188260502124314175.chn,2026-05-02 17:30:00,2026,5,2026-06-07 05:28:15.100422,a1b0409e70614a4783f59aa1c6e39308d637d35310754d16acf0747da3516107,NEW,,0
https://cafef.vn/het-thoi-pha-gia-xe-dien-trung-quoc-kich-hoat-vu-khi-ai-moi-de-sinh-ton-trong-cuoc-dua-khoc-liet-188260502110354846.chn,2026-05-02 16:30:00,2026,5,2026-06-07 05:28:15.172299,0beb08033582819f1928ede7bc3cb72f8c83e9445f5d4b571ec9b852e368bdde,NEW,,0
https://cafef.vn/tin-vui-cho-nguoi-dung-youtube-mien-phi-188260502151554681.chn,2026-05-02 15:34:00,2026,5,2026-06-07 05:28:15.237882,186c0cb08fb2618471abf8ce595472ed3bf7f8546dd4c018c6bd4f7206f770f5,NEW,,0
https://cafef.vn/ngay-thang-sau-mot-thong-tin-quan-trong-cua-hang-trieu-nguoi-dan-se-duoc-tich-hop-tren-vneid-va-vnetraffic-188260502151743988.chn,2026-05-02 15:30:00,2026,5,2026-06-07 05:28:15.299089,5c96d2aa99f96b4f1a89065c648188cb2c080b696ec2fe11bd7bb5462b69be93,NEW,,0
https://cafef.vn/kinh-ai-ngap-thi-truong-nhung-van-bi-ghe-lanh-nguoi-dung-thuc-su-dang-can-dieu-gi-188260502124725099.chn,2026-05-02 15:30:00,2026,5,2026-06-07 05:28:15.362320,f24d8a72cd359f274823b1234d562c57789543e998c73be752924a298949feb5,NEW,,0
https://cafef.vn/co-dong-tien-len-toi-4-ty-dong-ra-vao-tai-khoan-cong-an-dieu-tra-loat-giao-dich-chuyen-khoan-cua-mot-nguoi-dan-ong-188260502130037085.chn,2026-05-02 15:21:00,2026,5,2026-06-07 05:28:15.424807,b25f7eb080796844aba48836e54775ec75fd45070a1fcc23a91f600c7353a474,NEW,,0
https://cafef.vn/mot-sang-che-cua-viet-nam-duoc-my-cap-bang-188260502141033996.chn,2026-05-02 15:10:00,2026,5,2026-06-07 05:28:15.495011,aa93a73ab33f2d23bdc12ab62a04a605b18aa38c5c1482d8258eb4ab33b91225,NEW,,0
https://cafef.vn/tai-sao-khong-nen-dung-van-tay-de-mo-khoa-dien-thoai-188260502143750868.chn,2026-05-02 14:39:00,2026,5,2026-06-07 05:28:15.568762,d6a75511e05cadb74ddf1791139745a4ea17e7745ff79cf0e447e44ed0b2ec73,NEW,,0
https://cafef.vn/nganh-cong-nghiep-261000-ty-cua-trung-quoc-sa-thai-nguoi-that-de-dung-ai-roi-lai-do-gan-2000-ty-thue-lai-nguoi-that-188260502125743672.chn,2026-05-02 14:30:00,2026,5,2026-06-07 05:28:15.634451,84640700cea6c954d81f53f925d5a5b93bd33cbdb62f14b7f2462f658ce9ca1a,NEW,,0
https://cafef.vn/5-trieu-nhan-tai-cong-nghe-thong-tin-gia-re-loi-the-cua-trung-quoc-trong-cuoc-dua-ai-188260502124503854.chn,2026-05-02 14:06:00,2026,5,2026-06-07 05:28:15.701745,c8744e68da1fae79a8c1c5fe265c9f1f1754623d731b92ab3de7fd4c63e4c6c0,NEW,,0
https://cafef.vn/vnpt-thong-bao-den-tat-ca-khach-hang-thay-doi-ke-tu-thang-5-2026-188260502135858731.chn,2026-05-02 13:58:00,2026,5,2026-06-07 05:28:15.765088,8aba3dddbc77d550c2040550778fb3938bd208c27ba9dc55cfed2e2e52539bf7,NEW,,0
https://cafef.vn/trung-quoc-tao-bo-nao-van-nang-cho-robot-tham-vong-dua-ai-buoc-vao-ky-nguyen-tu-van-hanh-thuc-te-188260502132321783.chn,2026-05-02 13:32:00,2026,5,2026-06-07 05:28:15.831509,6a3aa26658b59f029217026d0dc03adea3959c6ae4d24836635ac02f86ef9908,NEW,,0
https://cafef.vn/phat-hien-trung-quoc-dang-van-hanh-he-thong-ngam-sau-10000m-nham-toi-muc-tieu-lon-188260502123801026.chn,2026-05-02 12:37:00,2026,5,2026-06-07 05:28:15.921650,f6fe54134ef340659b6703ef24512efd7e52a616e4808770e605c66624b6d250,NEW,,0
https://cafef.vn/chip-ai-huawei-chay-hang-sau-khi-deepseek-v4-ra-mat-lan-dau-tien-he-sinh-thai-ai-trung-quoc-khong-can-den-my-188260502100304075.chn,2026-05-02 10:37:00,2026,5,2026-06-07 05:28:15.997983,9ad8ecad1cfd224ff0cd31773ccff9509b6b0c3d132c250d51ca7207408fad75,NEW,,0
https://cafef.vn/cong-an-canh-bao-nhung-cuoc-goi-neu-nhan-duoc-can-tat-may-roi-goi-lai-ngay-de-dam-bao-an-toan-188260502101007715.chn,2026-05-02 10:10:00,2026,5,2026-06-07 05:28:16.059608,14c7ed27318da1c5e680518e6ccd920b6646dcb37e494a140c32cb5bc543dcb9,NEW,,0
https://cafef.vn/hon-6-trieu-giao-dich-hoan-thanh-qua-he-thong-thu-phi-etc-tren-cao-toc-bac-nam-188260502074554832.chn,2026-05-02 09:32:00,2026,5,2026-06-07 05:28:16.124941,b3c8afaf6afd47b9a32813799109c17fbadf571876b26163eb6043b1b5f6632a,NEW,,0
https://cafef.vn/sup-do-niem-tin-vi-sao-chinh-nhung-nguoi-tao-ra-ai-lai-dang-so-hai-dua-con-cua-minh-188260502073301871.chn,2026-05-02 08:31:00,2026,5,2026-06-07 05:28:16.186052,28da3a85668a22d531f45577e15c6e2274c7347580666827d72ae7c769bd219d,NEW,,0
https://cafef.vn/tu-cau-be-me-toan-den-ong-trum-de-che-5000-ty-usd-ceo-nvidia-tiet-lo-1-nganh-hoc-cot-loi-ai-kho-the-thay-the-188260502061116528.chn,2026-05-02 08:10:00,2026,5,2026-06-07 05:28:16.238712,73c2cc52788f9696c0bc164b5e1ead89bc385a90738578e9d57ca0ffd8479db9,NEW,,0
https://cafef.vn/mat-27-trieu-dong-vi-nhan-loi-moi-lam-loa-thong-bao-chuyen-tien-cong-an-canh-bao-nong-188260502061344383.chn,2026-05-02 07:13:00,2026,5,2026-06-07 05:28:16.291369,2e01103786f4f133ee62aea9b710f16a39baf496be74d87b7c1c8e86b5f1a3a2,NEW,,0
https://cafef.vn/ai-dang-bienco-dat-thanh-nhung-chuyen-vien-tu-van-bds-nhu-the-nao-18826050205584832.chn,2026-05-02 05:58:00,2026,5,2026-06-07 05:28:16.343912,1f050cf639d2ac1ed62ad5bdd92cc8076a1966d1a11c743a9f5abd630b03af88,NEW,,0
https://cafef.vn/toi-da-sai-lam-khi-cho-rang-google-maps-la-chi-duong-tot-nhat-ung-dung-ban-do-nay-dung-hay-hon-nhieu-188260501150353548.chn,2026-05-01 17:17:00,2026,5,2026-06-07 05:28:16.395810,4386ed454136362224daa4c9c2fa76f4232ff180c9f1547cf037175b3cf5ecaa,NEW,,0
https://cafef.vn/khong-phai-it-ceo-nvidia-he-lo-1-nganh-hoc-se-thong-tri-trong-ky-nguyen-ai-188260501135806744.chn,2026-05-01 16:42:00,2026,5,2026-06-07 05:28:16.449863,5a676874728e99a620f2c68c75dccb4bb88ce39e6e5035076e360a1f40593d78,NEW,,0
https://cafef.vn/tai-khoan-co-5-giao-dich-chuyen-khoan-lien-tiep-toi-600-trieu-dong-cong-an-dieu-tra-nu-ke-toan-sinh-nam-1990-188260501154015494.chn,2026-05-01 16:34:00,2026,5,2026-06-07 05:28:16.505401,a8a3c335d672ff26a42b9af3725cec04b2c05d1344097d0228db790e584e25d1,NEW,,0
https://cafef.vn/co-phieu-boc-hoi-8-ceo-mark-zuckerberg-truc-tiep-thua-nhan-sa-thai-8000-lao-dong-vi-ai-188260501132239994.chn,2026-05-01 15:41:00,2026,5,2026-06-07 05:28:53.624179,1b733a6d363589c5bf605a91adc028a8bc6e0e91f99531357803c44d57b457cf,NEW,,0
https://cafef.vn/cach-tra-cuu-website-lua-dao-don-gian-nhat-188260501132756194.chn,2026-05-01 15:11:00,2026,5,2026-06-07 05:28:53.675335,1d6d27462b4f2d456cba130dbf82b4b39a667bc7e215a61f8c4b407e8d7e019c,NEW,,0
https://cafef.vn/vach-tran-cu-lua-nghin-ty-usd-cua-thung-lung-silicon-vi-sao-gen-z-tha-dung-may-danh-chu-con-hon-cham-vao-ai-188260501132412241.chn,2026-05-01 14:40:00,2026,5,2026-06-07 05:28:53.727326,8421732433a02d3764ef4bc69ccaf8d34335c2b14906b2c652d8c70e30ce93fc,NEW,,0
https://cafef.vn/apple-se-bien-siri-thanh-chatbot-18826050113393361.chn,2026-05-01 13:40:00,2026,5,2026-06-07 05:28:53.790161,55f75ef7d7397a091c9a8634db40012746235a106c47e3149c62d644176bd0c0,NEW,,0
https://cafef.vn/nguoi-dan-ong-sn-1987-chuyen-khoan-thanh-cong-250-trieu-dong-ben-nhan-tien-kiem-tra-tai-khoan-sau-do-lap-tuc-trinh-bao-cong-an-188260501110148619.chn,2026-05-01 11:30:00,2026,5,2026-06-07 05:28:53.840362,4e5a9004691568a1046f9a0710f4f97728f45b19cf4549346e7dba11f7a23f78,NEW,,0
https://cafef.vn/kinh-hoang-chi-can-vai-cau-lenh-ai-da-chi-cach-xoa-so-nhan-loai-188260501095044964.chn,2026-05-01 10:54:00,2026,5,2026-06-07 05:28:53.892144,50eba179cd274e4ecaf1f24b13861066190fff045db0caa42bb11585606ca8e2,NEW,,0
https://cafef.vn/canh-giac-fanpage-gia-mao-khach-san-lua-chuyen-tien-dat-coc-188260501101816999.chn,2026-05-01 10:22:00,2026,5,2026-06-07 05:28:53.942180,382d4801b626161e8d9a192b5c871aeae1d05ca8d917ac22b6a384e9f2df5259,NEW,,0
https://cafef.vn/moi-cuoc-goi-tin-nhan-co-chua-noi-dung-nay-deu-la-lua-dao-188260501094416122.chn,2026-05-01 09:44:00,2026,5,2026-06-07 05:28:53.993994,5ec7c214d59d636f41f4d082d81999718dc9dc193fb942dd99e40563e3b17153,NEW,,0
https://cafef.vn/nhung-chinh-sach-khoa-hoc-cong-nghe-co-hieu-luc-tu-thang-5-2026-18826050107111396.chn,2026-05-01 09:09:00,2026,5,2026-06-07 05:28:54.046661,752baccb13af05fb2984a6fe877f4cefb8102ac03f825e82a2b8515f5040cd53,NEW,,0
https://cafef.vn/trung-quoc-tung-doi-quan-robot-1-ty-usd-188260501090101866.chn,2026-05-01 09:00:00,2026,5,2026-06-07 05:28:54.109539,ccd49c5ab85fe84de2a1fa757083633405383774e3cfa3175e5318cf46e66401,NEW,,0
https://cafef.vn/9-giay-tham-hoa-ai-agent-tu-xoa-so-toan-bo-he-thong-cua-mot-startup-188260501065912868.chn,2026-05-01 08:30:00,2026,5,2026-06-07 05:28:54.200085,3dc908b30875c7f5db1728c89a2e35b2447f9ff9c0975c18a69c51abc1596250,NEW,,0
https://cafef.vn/cong-an-phat-thong-bao-quan-trong-den-nguoi-dan-khi-lam-ho-chieu-188260501081058187.chn,2026-05-01 08:17:00,2026,5,2026-06-07 05:28:54.297637,ad1781ee78bb24e9bb55e92ea1d4abd8d48e6ac1422faf8b4b0abc52430d9c8a,NEW,,0
https://cafef.vn/canh-bao-chatbot-ai-dang-bi-mat-ninh-bo-va-noi-doi-de-lam-hai-long-ban-188260501070040.chn,2026-05-01 07:55:00,2026,5,2026-06-07 05:28:54.386876,c590a7388e092a60a4ba43521ee30c2316dbaba07878de93d69deb56aacb6a53,NEW,,0
https://cafef.vn/bi-elon-musk-dam-sau-lung-larry-ellison-trut-het-300-ty-usd-vao-openai-188260501070156163.chn,2026-05-01 07:20:00,2026,5,2026-06-07 05:28:54.491552,8ffb6be9ddecf91cbdd1122bb8a5f88ce3c6ea20ef862fac64176a35583b1d79,NEW,,0
https://cafef.vn/tai-khoan-co-300-giao-dich-toi-5-ty-dong-nhung-khong-co-noi-dung-chuyen-khoan-cong-an-dieu-tra-nguoi-phu-nu-sinh-nam-1954-188260430163231678.chn,2026-04-30 19:13:00,2026,4,2026-06-07 05:28:54.587405,504c3f8695793612947901f1a7906946bb2fdcb016918fd2920856a79d5276d6,NEW,,0
https://cafef.vn/openai-xoa-rui-ro-phap-ly-cho-microsoft-trong-thuong-vu-amazon-50-ty-usd-188260430140828658.chn,2026-04-30 17:30:00,2026,4,2026-06-07 05:28:54.642647,77bcbcecfbea8ffd59875dd4211071c5c830da0af8be29e521cb8e70177ff5c8,NEW,,0
https://cafef.vn/trung-quoc-co-sieu-may-tinh-chi-can-dung-chip-noi-dia-188260430161120077.chn,2026-04-30 16:40:00,2026,4,2026-06-07 05:28:54.707956,a925db52a6a0253e82235be7d00b00000c10aedf2f9121f3ff8ca1e01d31f4e5,NEW,,0
https://cafef.vn/viet-nam-so-trong-ky-nguyen-moi-cua-dan-toc-188260430151605991.chn,2026-04-30 15:30:00,2026,4,2026-06-07 05:28:54.761849,44065b5d57c2e8dd46797ec1c96b5fd9afff2998a67081864e9ea9a6e74e1a03,NEW,,0
https://cafef.vn/google-bo-sung-tinh-nang-luyen-phat-am-ky-niem-20-nam-translate-188260430081732087.chn,2026-04-30 15:08:00,2026,4,2026-06-07 05:28:54.815733,668bb80130eae5bb86e797ecd019bd280fa847e834ea3cff0123aec66f4b55ce,NEW,,0
https://cafef.vn/da-co-vneid-nhung-van-bi-phat-neu-khong-mang-gplx-ban-cung-khi-ra-duong-trong-truong-hop-sau-188260430145115058.chn,2026-04-30 14:52:00,2026,4,2026-06-07 05:28:54.871664,0df6a22d8ea0e4ebfc4759c2c4365f02101b4a2641c91cdde55600ebf9f2bf3c,NEW,,0
https://cafef.vn/canh-giac-bay-lua-dao-qua-game-du-tai-phan-mem-doc-hai-chuyen-tien-dat-coc-188260430085140331.chn,2026-04-30 14:29:00,2026,4,2026-06-07 05:28:54.935920,e10978be8184589ef99088ff3902675470540b5652cd683417025510c9f91fee,NEW,,0
https://cafef.vn/nhat-ban-ra-mat-karaoke-khong-nut-bam-dung-ai-phan-tich-khuon-mat-de-phat-bai-tu-cua-nguoi-dung-188260430114901075.chn,2026-04-30 13:36:00,2026,4,2026-06-07 05:28:54.991391,8d8599db37ad61022f9b6adc5e3ba0baf08f292bfd7d419c781e93dcaa73a803,NEW,,0
https://cafef.vn/nghich-ly-hon-11-nghin-ty-usd-con-dia-chan-nganh-quang-cao-khi-big-tech-lai-lon-nho-ai-nhung-tuong-lai-lai-kho-du-hon-bao-gio-het-188260430093538166.chn,2026-04-30 11:45:00,2026,4,2026-06-07 05:28:55.046905,6875753e03822d4a6356efd02338689ec3df036eb2f0ed043fd48cd2a6e6f57e,NEW,,0
https://cafef.vn/robot-hinh-nguoi-do-cong-ty-thuoc-vingroup-phat-trien-gay-bat-ngo-khi-tu-dung-day-leo-doc-188260430110304582.chn,2026-04-30 11:02:00,2026,4,2026-06-07 05:28:55.104909,7b10a0e5ed86424cce1fb4ac0080a8f1c5a5099972caa367eb9fee7019852f4e,NEW,,0
https://cafef.vn/nguy-co-nhieu-nguoi-dung-viettel-bi-khoa-sim-18826043010562182.chn,2026-04-30 10:56:00,2026,4,2026-06-07 05:28:55.158811,b4a6e7543943efa03b43eafaefaec0b4c827b917b99044975fd85a90f1044198,NEW,,0
https://cafef.vn/elon-musk-thua-nhan-tai-toa-an-openai-chac-se-muon-giet-toi-mat-188260430094144482.chn,2026-04-30 10:32:00,2026,4,2026-06-07 05:28:55.209810,ee3c4c29680aa84f113dd969f9fd0e0e7d6ef8d6c0c48cd2b8018ee4838c31f2,NEW,,0
https://cafef.vn/hon-700-lao-dong-meta-huan-luyen-ai-xong-bi-sa-thai-su-that-tan-khoc-ve-nhung-con-nguoi-day-may-thay-the-chinh-minh-188260429130304033.chn,2026-04-30 09:32:00,2026,4,2026-06-07 05:28:55.261490,6a988839f414dee1074826c4080056b2bb233ed7a0e75c346d03a976ea49b086,NEW,,0
https://cafef.vn/tu-cong-su-thanh-doi-thu-vu-kien-doi-150-ty-usd-giua-elon-musk-va-sam-altman-188260430071632095.chn,2026-04-30 09:31:00,2026,4,2026-06-07 05:28:55.313586,e3392b2de3fc86135e7c2d57615761cc28d22e98aa332124274ceff31f9bf869,NEW,,0
https://cafef.vn/ngay-doi-dang-dinh-hinh-hanh-vi-dat-dich-vu-du-lich-cua-du-khach-viet-va-khu-vuc-188260430090657433.chn,2026-04-30 09:06:00,2026,4,2026-06-07 05:28:55.366166,0fec692751ffea1d018e4c74a137c19f8711eb98770fa7afa979083cb89ae302,NEW,,0
https://cafef.vn/thong-tin-quan-trong-lien-quan-den-sim-chinh-chu-tren-ung-dung-vneid-nguoi-dan-can-biet-18826043008131486.chn,2026-04-30 08:46:00,2026,4,2026-06-07 05:28:55.416540,63d4039244c4f02cd82067434ad8643353f7ce494c898b2d7babf1fe09f70097,NEW,,0
https://cafef.vn/the-gioi-no-ai-mot-loi-xin-loi-cong-nghe-khong-cuop-viec-lam-cang-tu-dong-hoa-cang-can-nhan-luc-giam-sat-188260430072756956.chn,2026-04-30 07:30:00,2026,4,2026-06-07 05:28:55.470147,256d77b3b97c40ced9992cad6778d7dc7327b59b2289cb7068cf6e22b232048a,NEW,,0
https://cafef.vn/nguoi-dan-co-tai-khoan-ngan-hang-dac-biet-chu-y-tat-dien-thoai-lap-tuc-neu-hien-cuoc-goi-nay-tranh-mat-oan-tien-188260429205419465.chn,2026-04-29 20:54:00,2026,4,2026-06-07 05:28:55.520505,5b771c14ce2219ab82d3e609455b18a814b37f3522366491db92bb80f02ac263,NEW,,0
https://cafef.vn/canh-bao-chieu-tro-lua-dao-18826042915494956.chn,2026-04-29 17:44:00,2026,4,2026-06-07 05:28:55.572574,0610f9f618ae6b524248c5a32f8b0021aaac180852e1f0e69fecbad9db1ade91,NEW,,0
https://cafef.vn/apple-maps-cap-nhat-ban-do-theo-dia-gioi-hanh-chinh-moi-tai-viet-nam-188260429160928667.chn,2026-04-29 17:03:00,2026,4,2026-06-07 05:28:55.625271,5c947f4ca0aa05cd12b0feb6437d6cb597296c0286146dcf6d2c14c8020aa731,NEW,,0
https://cafef.vn/thong-tin-moi-ve-300-cong-nghe-loi-cua-viet-nam-188260429163232108.chn,2026-04-29 16:32:00,2026,4,2026-06-07 05:28:55.678632,4f809f7d09d444dbeb68c191c325590e64056d223459273e016637df482f13e5,NEW,,0
https://cafef.vn/canh-bao-sinh-trac-hoc-khong-con-an-toan-toi-pham-mang-co-the-vuot-qua-he-thong-bao-mat-cua-ngan-hang-188260429152328571.chn,2026-04-29 16:16:00,2026,4,2026-06-07 05:28:55.736684,e8d82503a4742a9ada31227a90098dd882162228bb2096b6854d7c0e73e45d2b,NEW,,0
https://cafef.vn/bi-lua-chuyen-khoan-chi-1000-dong-cung-bao-cong-an-thi-co-duoc-giai-quyet-khong-can-bo-cong-an-tra-loi-188260429142211964.chn,2026-04-29 15:55:00,2026,4,2026-06-07 05:28:55.793753,8e4cb8b1b4717a4d57c1c086551655d45a1807ba07870668e97606028b1dc6de,NEW,,0
https://cafef.vn/cong-ty-startup-sa-thai-ai-thue-han-2-lap-trinh-vien-de-tra-luong-cho-re-188260429130912741.chn,2026-04-29 15:36:00,2026,4,2026-06-07 05:28:55.846788,7b4a2018f72584b9b6f82a6b48c485748426b2db3cd7ff19384b06eed5b19962,NEW,,0
https://cafef.vn/chuyen-khoan-thanh-cong-51-trieu-dong-roi-xin-nhan-lai-nhung-khong-duoc-cong-an-moi-mot-nguoi-dan-ong-len-lam-viec-188260429130700159.chn,2026-04-29 14:00:00,2026,4,2026-06-07 05:28:55.972506,b62608c7fc4cae8529ce2600b64e38e308da62c6dd4742cd099767ab278aac6a,NEW,,0
https://cafef.vn/chien-luoc-linh-hoat-uu-tien-so-hoa-va-du-bao-thong-minh-giup-doanh-nghiep-tang-kha-nang-thich-ung-va-tai-dau-tu-nguon-von-vao-tang-truong-18826042913434629.chn,2026-04-29 13:43:00,2026,4,2026-06-07 05:28:56.073904,db8bdc7cf7633b81feb9e657b03e2df591b9b77db858f365fca3f6b0908f189b,NEW,,0
https://cafef.vn/giu-ke-thu-o-that-gan-google-rot-40-ty-usd-vao-anthropic-doi-thu-dang-khien-nhan-vien-google-roi-bo-gemini-188260429131044824.chn,2026-04-29 13:32:00,2026,4,2026-06-07 05:28:56.129749,b60d65d312a77aee07e7db7549ffe08b0e32a07ee470e699766f1194a9040e9b,NEW,,0
https://cafef.vn/ai-dich-tieng-meo-robot-trong-thu-cung-xu-the-phat-trien-cong-nghe-vat-nuoi-bung-no-trong-ky-nguyen-ai-va-ty-le-sinh-giam-188260429101711097.chn,2026-04-29 11:30:00,2026,4,2026-06-07 05:28:56.183299,a8b35f32a9eb4d59143259b519240b654a393f42f8a22f7dd6dd125367c20ae4,NEW,,0
https://cafef.vn/ai-bung-no-toan-cau-nhung-the-gioi-lai-khat-200000-lao-dong-trong-nganh-khong-can-bang-dai-hoc-188260429101610919.chn,2026-04-29 10:55:00,2026,4,2026-06-07 05:28:56.237742,8176de655bf6f264691b5f537ff1bcd4ec84e089bd58ffc688ee3fe170fb1db5,NEW,,0
https://cafef.vn/vu-kien-the-ky-elon-musk-gay-chan-dong-toa-an-khi-cho-biet-tao-ra-openai-de-ngan-chan-kich-ban-tan-the-188260429101529543.chn,2026-04-29 10:20:00,2026,4,2026-06-07 05:28:56.293583,cf97332f3faab9081d5ff108869fd533cc17d38330ba7a4c4197257cda5c9e1c,NEW,,0
https://cafef.vn/grab-cap-nhat-chuong-trinh-dac-quyen-grabbenefits-188260429094751096.chn,2026-04-29 09:47:00,2026,4,2026-06-07 05:28:56.346588,2e572a447bb17ca7f98afe362024e633a2e708465cd008cd4ee5a36649b330c9,NEW,,0
https://cafef.vn/eu-yeu-cau-google-mo-cua-he-dieu-hanh-android-cho-cac-doi-thu-ai-188260429090840949.chn,2026-04-29 09:42:00,2026,4,2026-06-07 05:29:35.730849,7f423c1d4d5cf64d8e30fe90f089bec51adfedfc61187163c305700ba6604263,NEW,,0
https://cafef.vn/google-khoi-cong-sieu-trung-tam-ai-ben-ngoai-nuoc-my-18826042909073197.chn,2026-04-29 09:11:00,2026,4,2026-06-07 05:29:35.783089,352f1beaebdfed092e6906736c18e2a05aec65405dac38c006b87d809906af1c,NEW,,0
https://cafef.vn/trung-quoc-siet-giam-sat-nganh-ai-188260429072903412.chn,2026-04-29 08:35:00,2026,4,2026-06-07 05:29:35.833815,10d40fa100691b4eda057e9e6ac29606618c1e305bd98ec818b99875368cad11,NEW,,0
https://cafef.vn/google-bo-tsmc-chon-intel-dong-goi-chip-ai-the-he-tiep-theo-188260428220229563.chn,2026-04-29 08:00:00,2026,4,2026-06-07 05:29:35.885467,e24ba876e7f4f7a9ed95585552d7016e3bc8022cd0053485f5c6f8ad91392bc6,NEW,,0
https://cafef.vn/cuba-phat-minh-cong-nghe-tinh-che-kho-bau-quoc-gia-pha-vo-quan-niem-sai-lam-bay-lau-188260429072606659.chn,2026-04-29 07:26:00,2026,4,2026-06-07 05:29:35.936473,c3a6755b239edc910dc5b8a27d3676e85004ee44577cd2eb43218b2308f73141,NEW,,0
https://cafef.vn/thong-tin-quan-trong-ma-tat-ca-nguoi-dung-zalo-can-nam-ro-de-khong-bi-anh-huong-quyen-loi-188260428215923561.chn,2026-04-28 22:23:00,2026,4,2026-06-07 05:29:35.987820,ef3cb9277dcd55503ac8e642a5fca272dfe38cca4330615073efd82d0e73e37b,NEW,,0
https://cafef.vn/nhan-duoc-tin-nhan-co-noi-dung-nay-nguoi-dung-hay-xoa-ngay-de-khong-bi-rac-roi-188260428215817892.chn,2026-04-28 22:23:00,2026,4,2026-06-07 05:29:36.038845,8d075ee730975d609fd1e92e594ad1eceeb62a6f08e3ca371cc1a1043ecbd6e0,NEW,,0
https://cafef.vn/thach-thuc-voi-ceo-sap-toi-cua-apple-188260428160550831.chn,2026-04-28 18:08:00,2026,4,2026-06-07 05:29:36.092256,5d5e4dbdd33e0afafdb914ee4fa57e9b21914ba0074082edb915323ca55efa56,NEW,,0
https://cafef.vn/diem-nghen-chinh-trong-viec-san-xuat-hang-loat-robot-hinh-nguoi-co-the-la-mot-loai-vat-lieu-hau-nhu-chi-duoc-san-xuat-o-trung-quoc-18826042815182988.chn,2026-04-28 17:17:00,2026,4,2026-06-07 05:29:36.143739,469007079730e6997c62b4abf19959c21c8dc0d744a6343d7c24bffce418fd76,NEW,,0
https://cafef.vn/nguoi-viet-mua-gi-ma-moi-ngay-chot-toi-126-trieu-san-pham-tren-san-tmdt-188260428142341279.chn,2026-04-28 16:36:00,2026,4,2026-06-07 05:29:36.195269,bb7fac15e52021c4284874b7357911532b7b792b874540ae4298b21028cbed28,NEW,,0
https://cafef.vn/facebook-lai-gap-loi-bat-thuong-188260428134631432.chn,2026-04-28 15:41:00,2026,4,2026-06-07 05:29:36.245306,bd4714ee860a7f4acd9b29c1b17b98ceef9c048f5d58c70c4e54c700b44d972d,NEW,,0
https://cafef.vn/xay-nha-may-ban-dan-cong-nghe-cao-lon-nhat-the-gioi-tai-viet-nam-dai-bang-han-quoc-khang-dinh-se-tiep-tuc-lam-dieu-nay-188260428152254229.chn,2026-04-28 15:22:00,2026,4,2026-06-07 05:29:36.295300,da6e9933a2928d4a2558faea64442e9aa936685b2695509ad6fd6201c10d8b7e,NEW,,0
https://cafef.vn/youtube-chinh-thuc-biet-noi-google-thay-doi-thuat-toan-bien-nen-tang-video-thanh-bo-nao-ai-khong-lo-cham-dut-thoi-dai-tim-kiem-thu-cong-188260428140153531.chn,2026-04-28 14:39:00,2026,4,2026-06-07 05:29:36.347249,9d0a7d0b8800a13e030c745c0b08d7940fbf8c59909ef6bfb446586a6a571369,NEW,,0
https://cafef.vn/tha-chiu-chi-phi-gap-doi-chu-khong-chon-trung-quoc-duong-sat-cao-toc-136-ty-usd-mai-khong-the-ve-dich-lo-hen-4-lan-da-chon-cong-nghe-gi-188260428142931732.chn,2026-04-28 14:29:00,2026,4,2026-06-07 05:29:36.399394,feebabd734860e9ecba52c80d0299dc84c89520ccd31cd49f042a4f2249b6e4c,NEW,,0
https://cafef.vn/cong-nghe-28-4-elon-musk-kien-sam-altman-taylor-swift-chong-deepfake-188260428134502332.chn,2026-04-28 13:45:00,2026,4,2026-06-07 05:29:36.450801,ae0475965f1f7cf0bfdf28a4cd6b61fcc32ae46d273c64702274b9196772403b,NEW,,0
https://cafef.vn/deepseek-ra-mat-mo-hinh-ai-v4-giam-gia-manh-de-canh-tranh-188260428102148763.chn,2026-04-28 11:30:00,2026,4,2026-06-07 05:29:36.503451,dc5d5b5293c71445bb524727e8a42d712a02362c0c49317b7d831f8d4060c141,NEW,,0
https://cafef.vn/91-lanh-dao-bo-quen-chi-so-quan-trong-nhat-cua-ai-tang-nang-suat-nhung-am-tham-bao-mon-con-nguoi-188260428105416565.chn,2026-04-28 11:01:00,2026,4,2026-06-07 05:29:36.554686,1403e4458493762e0701f4ba91b8d92297af14774549a768a9b1d010d9683919,NEW,,0
https://cafef.vn/anthropic-khoa-toan-bo-110-tai-khoan-cua-ca-cong-ty-ma-khong-canh-bao-hom-sau-van-gui-hoa-don-thu-tien-gia-han-188260428091348285.chn,2026-04-28 10:35:00,2026,4,2026-06-07 05:29:36.608116,7f68bdd0e480e94e61bbce16c57ea99e927c7809c6ec98c9125301d81cb303d9,NEW,,0
https://cafef.vn/tin-don-openai-hop-tac-qualcomm-va-mediatek-phat-trien-smartphone-khong-co-app-ai-agent-lam-moi-viec-thay-nguoi-dung-188260428091214373.chn,2026-04-28 10:00:00,2026,4,2026-06-07 05:29:36.659982,dec5401a57ecdb1b809e9cdc009f10b5fc3c58633f26a53226011386611ecd55,NEW,,0
https://cafef.vn/finalpha-dua-du-lieu-den-gan-giao-dich-chung-khoan-hon-188260425203030898.chn,2026-04-28 10:00:00,2026,4,2026-06-07 05:29:36.712874,de88beed7bc567d7fb03cf9a1d72e2b0db50d377d7f6377d0b80f5cbb3e460ed,NEW,,0
https://cafef.vn/cong-an-thong-bao-toi-nguoi-dan-va-cac-chu-co-so-kinh-doanh-than-trong-khi-giao-dich-bang-tien-mat-hoac-qua-ung-dung-ngan-hang-188260428090753547.chn,2026-04-28 09:30:00,2026,4,2026-06-07 05:29:36.777898,5afbcb1b24d8dd51c4f2cade947ddaf4d3300e36c2ed1d1203d72165489328f3,NEW,,0
https://cafef.vn/canh-bao-thu-doan-vuot-lop-bao-mat-ngan-hang-188260428080904197.chn,2026-04-28 09:00:00,2026,4,2026-06-07 05:29:36.850808,0cdfad5788c2226206762b76c0b90d4e3a0d918cdb4abcc730d59bc96a6c95d5,NEW,,0
https://cafef.vn/google-dau-tu-toi-40-ty-usd-vao-anthropic-188260428074652839.chn,2026-04-28 08:26:00,2026,4,2026-06-07 05:29:36.907884,cb058bb6f0241cd1eb5aa8e439052304532f9a1a6a94e7faca1353afc3caf653,NEW,,0
https://cafef.vn/goc-khuat-cua-kinh-ai-lo-hong-thanh-toan-bang-anh-nhin-gian-lan-hoc-duong-188260428073857929.chn,2026-04-28 07:51:00,2026,4,2026-06-07 05:29:36.961979,2f68b17747e431aa3542972a47aacbd95f40046373917d022e82882b0c7270a0,NEW,,0
https://cafef.vn/rot-13-ty-usd-nuoi-suot-7-nam-microsoft-vua-phai-chia-tay-openai-trong-hoa-binh-mat-sach-doc-quyen-chien-luoc-188260428070141874.chn,2026-04-28 07:20:00,2026,4,2026-06-07 05:29:37.015345,c373f4ad2aa519fa10df707dceb26e4736ff42f04a8a80a1dab8cebe4c496b5b,NEW,,0
https://cafef.vn/huong-dan-dang-ky-moi-thay-doi-thong-tin-nguoi-phu-thuoc-tren-etax-mobile-188260427171643114.chn,2026-04-27 17:41:00,2026,4,2026-06-07 05:29:37.068366,fa8284b691183faeafd4e0c7571572dfbe41fe492734c0375e1de590a7d491a8,NEW,,0
https://cafef.vn/google-dua-ai-overviews-vao-gmail-hoi-thang-thay-vi-luc-tung-email-188260427135036158.chn,2026-04-27 16:52:00,2026,4,2026-06-07 05:29:37.120953,368dd654b918fd78eaf43836d20440f973b45176df0650ecd7ee74806575021e,NEW,,0
https://cafef.vn/openai-dat-muc-tieu-30-gw-suc-manh-ai-vao-2030-nganh-ban-dan-toan-cau-lo-lang-188260427135156433.chn,2026-04-27 15:34:00,2026,4,2026-06-07 05:29:37.176651,39f368d09601b347d23e6bf1242789466ef10228e39ba0bf603d7e9f433de6a8,NEW,,0
https://cafef.vn/mao-danh-doan-kiem-tra-so-y-te-de-cuong-doat-tai-san-188260427144333841.chn,2026-04-27 14:42:00,2026,4,2026-06-07 05:29:37.226592,6b74ee59f7450a0b0031811c69b9822f57fbc8d1b5dd256ee2ef6df3cf5b47e7,NEW,,0
https://cafef.vn/kich-ban-khong-tuong-sieu-ai-trung-quoc-danh-bai-google-va-elon-musk-am-tham-chiem-linh-man-anh-my-188260427112757459.chn,2026-04-27 13:40:00,2026,4,2026-06-07 05:29:37.277130,a4840d8c152aba1cbfefdf86afaf056659825c6c3588efd8899ff301a726968e,NEW,,0
https://cafef.vn/cho-thue-bat-dong-san-co-phai-thong-bao-tai-khoan-ngan-hang-188260427133405547.chn,2026-04-27 13:38:00,2026,4,2026-06-07 05:29:37.329090,9b5b59f85c4d976088cfd2bec8737bc0c37c74d0037573ee89e1cdfbedfacb2f,NEW,,0
https://cafef.vn/mrwhosetheboss-va-mkbhd-vach-tran-nhung-thuat-ngu-quang-cao-ma-cac-hang-cong-nghe-dung-de-luon-leo-nguoi-dung-188260427100512844.chn,2026-04-27 11:06:00,2026,4,2026-06-07 05:29:37.395739,cca76dd9a4507db4ffa196ebef220d4acb47d8cb27b94d986c87f4dbbc3a31ff,NEW,,0
https://cafef.vn/cong-nghe-27-4-apple-mo-rong-10-linh-vuc-moi-google-doi-bieu-tuong-amazon-tai-cau-truc-podcast-188260427094138934.chn,2026-04-27 10:28:00,2026,4,2026-06-07 05:29:37.446549,0ea4a69b214a947ac2bbfbc3c7dc23c59d66fa61a27bb3848814118cba0b3105,NEW,,0
https://cafef.vn/nghien-cuu-tu-mit-dung-chatgpt-sai-cach-khien-nao-bo-te-liet-55-nguy-co-mat-tri-nho-can-ke-188260427094735768.chn,2026-04-27 09:53:00,2026,4,2026-06-07 05:29:37.498811,987978933efc7c8689565fc8b95bbf877f329468e2130f13815ad77cd8dcafce,NEW,,0
https://cafef.vn/96000-ky-su-cong-nghe-mat-viec-trong-4-thang-dau-nam-2026-tat-ca-la-vi-ai-188260427075719229.chn,2026-04-27 09:13:00,2026,4,2026-06-07 05:29:37.552894,2aaef1a09e077e54bf0b155303702f7f570d4e602af09e937a40482bc28120b1,NEW,,0
https://cafef.vn/deepseek-tung-mo-hinh-ai-ma-nguon-mo-lon-nhat-gia-chi-tu-hon-3700-dong-moi-trieu-token-188260427080335403.chn,2026-04-27 08:35:00,2026,4,2026-06-07 05:29:37.605517,860733a069e97a06fb8705835378062f28e944a6236b7aa0b9b15367082be6cb,NEW,,0
https://cafef.vn/dau-cham-het-cua-noi-am-anh-update-and-restart-microsoft-cho-phep-hoan-cap-nhat-windows-11-vo-thoi-han-188260427080521441.chn,2026-04-27 08:08:00,2026,4,2026-06-07 05:29:37.660347,f6cd5708ef41d980e43cc434ce17e3400ec9700b0f6a63d53af9ff812aba6335,NEW,,0
https://cafef.vn/canh-bao-nong-cho-hon-35-ty-nguoi-dung-ung-dung-nay-188260427065912609.chn,2026-04-27 07:12:00,2026,4,2026-06-07 05:29:37.711503,bc53b045176feb4ba0ab3f998a97e6046d469fcbe4dee2bec7a682a32108f71b,NEW,,0
https://cafef.vn/co-may-duoc-them-khat-nhat-the-gioi-600-ty-usd-dau-tu-vao-ai-cuoi-cung-deu-do-ve-mot-noi-duy-nhat-tren-hanh-tinh-1882604262015375.chn,2026-04-26 21:25:00,2026,4,2026-06-07 05:29:37.761287,0b326827ce439d2b9f0881f4dd9fd03c3a445972fc3951da53c6319842512691,NEW,,0
https://cafef.vn/548-chu-xe-may-o-to-mang-bien-kiem-soat-sau-khan-truong-nop-phat-nguoi-theo-nghi-dinh-168-188260426200621364.chn,2026-04-26 21:24:00,2026,4,2026-06-07 05:29:37.813728,4f7a7af99b994b7a272dbed5a05d7a66c599659a1382f6f5fb2f2f4bc4615fd1,NEW,,0
https://cafef.vn/tang-cuong-huong-dan-thuc-hien-hoa-don-dien-tu-188260426134622785.chn,2026-04-26 17:30:00,2026,4,2026-06-07 05:29:37.879998,22fa979e45e1b0681f1536f92d0111745f3d7b7fbcbf614af96282bf7d6e30d9,NEW,,0
https://cafef.vn/ky-hieu-da-xuat-hien-tu-nam-1536-vay-no-duoc-su-dung-de-lam-gi-truoc-khi-co-internet-188260426133739745.chn,2026-04-26 16:30:00,2026,4,2026-06-07 05:29:37.931050,444ff8016037a1f861c7873938a37cb33752a4362ddebae8403a9bc0c9622a4b,NEW,,0
https://cafef.vn/doi-dien-thoai-moi-neu-khong-xac-thuc-trong-bao-nhieu-lau-se-bi-khoa-sim-188260426162159998.chn,2026-04-26 16:21:00,2026,4,2026-06-07 05:29:37.986374,a78573007d1ab4391140bbf851a65994c7aeccb2a7146c1f2b8fbef166dc19b5,NEW,,0
https://cafef.vn/ha-noi-cam-xe-may-xang-se-nhan-dien-tu-dong-bien-so-xe-vi-pham-188260426155235032.chn,2026-04-26 16:10:00,2026,4,2026-06-07 05:29:38.038566,ef984ca6ec6b578be6a081b1450b0b05c0515c40f61ff154054ace0394f694c7,NEW,,0
https://cafef.vn/cong-an-da-tim-ra-nguyen-nhan-lua-dao-biet-duoc-ma-otp-gui-ve-so-dien-thoai-ca-nhan-de-rut-tien-trong-tai-khoan-ngan-hang-188260426160426177.chn,2026-04-26 16:05:00,2026,4,2026-06-07 05:29:38.092646,aa1147feb48e45dfcfad7de1c853ae7b50b363fe264a19551ae7539b5dbcccd7,NEW,,0
https://cafef.vn/eu-siet-chat-kiem-soat-ong-lon-cong-nghe-trong-linh-vuc-dam-may-188260426133519568.chn,2026-04-26 15:30:00,2026,4,2026-06-07 05:30:19.822865,8c8fc0456e554db8cf1de77cfd3c4289a35e4e33abcc73e627c467efe0c2a8e3,NEW,,0
https://cafef.vn/spacex-can-nhac-mua-startup-ai-cursor-voi-gia-60-ty-usd-188260426133438489.chn,2026-04-26 14:30:00,2026,4,2026-06-07 05:30:19.875513,4581f2375986a522085826da62da6ad746954caf5da4c8ac8a8cc1c1f5cfa725,NEW,,0
https://cafef.vn/cuoc-thao-chay-lich-su-ai-khong-chi-cuop-viec-gio-cuop-luon-lanh-dao-ban-hang-188260426133312381.chn,2026-04-26 13:36:00,2026,4,2026-06-07 05:30:19.927993,8bed5728760cf124c1b5c766e261171e384967a89d8a59d854f9b73e8d16fef1,NEW,,0
https://cafef.vn/tat-ca-nguoi-dung-iphone-chu-y-ky-dieu-sau-khi-dung-che-do-tiet-kiem-pin-188260426103203961.chn,2026-04-26 11:42:00,2026,4,2026-06-07 05:30:19.978207,39f6aee075af4d77c1fda80e2e71f9094de3433d47cb6e59698c1da05b85112f,NEW,,0
https://cafef.vn/canh-bao-trang-facebook-gia-mao-bo-tai-chinh-ho-tro-lay-lai-tien-bi-lua-188260426095702055.chn,2026-04-26 10:41:00,2026,4,2026-06-07 05:30:20.031227,d4eba92840b9e5dc98b5e5028977fc34edf80b9238de13651884a00c7a5c9d58,NEW,,0
https://cafef.vn/tu-onus-den-mr-pips-khi-thieu-hieu-biet-bien-nha-dau-tu-thanh-con-moi-188260426081106086.chn,2026-04-26 09:25:00,2026,4,2026-06-07 05:30:20.083706,0ae46207cc60e8cc6eb83b6c82b490a6f0380304e8ea0a0f0e860eaf981f133c,NEW,,0
https://cafef.vn/cu-dan-mang-viet-nam-mat-ngu-vi-mot-tinh-nang-moi-tren-chatgpt-188260426081939117.chn,2026-04-26 08:36:00,2026,4,2026-06-07 05:30:20.135175,562bbc6bf57a3d5668b2c449377816f4dcc6c511225106a9b478274c5c296b83,NEW,,0
https://cafef.vn/thong-bao-nong-den-tat-ca-nguoi-dung-iphone-nhan-duoc-email-co-noi-dung-sau-188260425165120854.chn,2026-04-25 17:48:00,2026,4,2026-06-07 05:30:20.184431,16560c5c0bb37511c017ec0b33f280fcf40608ecdc3506a4c17a84bb3d50426e,NEW,,0
https://cafef.vn/soi-dong-cuoc-dua-mo-hinh-ai-188260425163329997.chn,2026-04-25 17:45:00,2026,4,2026-06-07 05:30:20.240701,03f85367338c77a3829a7396cf159f1bb3c071ee0780c92fbca2ab616e70ab0e,NEW,,0
https://cafef.vn/google-tich-hop-claude-cua-anthropic-vao-nen-tang-ai-doanh-nghiep-moi-188260425073725103.chn,2026-04-25 17:30:00,2026,4,2026-06-07 05:30:20.291439,d28694ce2762cd6b7f6e62a0dd593cad3c6dcd41b930e1400fab27f08e140ea3,NEW,,0
https://cafef.vn/tphcm-trao-giay-chung-nhan-dau-tu-cho-4-du-an-cong-nghe-cao-chien-luoc-188260425154130795.chn,2026-04-25 17:09:00,2026,4,2026-06-07 05:30:20.343981,49216cfbfa41b92bc79f967c814fcf017f20fc20cf933a7c142e6194baec9c1f,NEW,,0
https://cafef.vn/tim-bi-hai-trong-vu-lua-ban-ve-may-bay-gia-re-188260425163013569.chn,2026-04-25 17:08:00,2026,4,2026-06-07 05:30:20.398750,5022ed614e6f916ab28f599d1e3059e6dd7204e6f6696378dc7823b19e620d4d,NEW,,0
https://cafef.vn/tin-vao-ai-chuyen-gia-cong-nghe-20-nam-kinh-nghiem-mat-hon-3-ty-dong-bi-vo-bo-phai-vao-vien-tam-than-188260425132643015.chn,2026-04-25 16:30:00,2026,4,2026-06-07 05:30:20.451502,8070fa7feba94542eb91b2bd0bdf01003f823784b6dad3178728c0c418d1f238,NEW,,0
https://cafef.vn/ngay-so-huu-tri-tue-the-gioi-26-4-khoi-thong-nguon-luc-cho-tang-truong-trong-ky-nguyen-so-188260425095638909.chn,2026-04-25 16:00:00,2026,4,2026-06-07 05:30:20.501446,5136c29f542ea4609b23f4b9bd833e3c323c1e1e5db0478ea914a1763b836cc0,NEW,,0
https://cafef.vn/90-don-hang-robot-hinh-nguoi-chi-de-chup-anh-su-that-nga-ngua-phia-sau-nhung-ban-hop-dong-robot-khung-tai-trung-quoc-188260425095003373.chn,2026-04-25 15:30:00,2026,4,2026-06-07 05:30:20.552618,c60d475d8c45d0d6418775969eb35bf70bfc723503dee4fb5953abf2c06182e6,NEW,,0
https://cafef.vn/cong-an-ha-noi-cong-bo-tin-nhan-sms-phai-xoa-ngay-neu-khong-muon-mat-tien-trong-tai-khoan-188260425134545844.chn,2026-04-25 15:06:00,2026,4,2026-06-07 05:30:20.605501,54c78f4ae6553130426400097b0727769fc0a8fb17e12003fe4d4b19c38787be,NEW,,0
https://cafef.vn/gan-1000000-nhan-vien-cong-nghe-mat-viec-sau-6-nam-vi-ai-con-loc-sa-thai-can-quet-silicon-valley-ky-nguyen-ky-lan-50-nguoi-chinh-thuc-bat-dau-188260425124722138.chn,2026-04-25 14:30:00,2026,4,2026-06-07 05:30:20.657344,0f01ac993c18f96eadd42a9a47dec5a5109c3fd7f443d5570c6fe84153f7b7e7,NEW,,0
https://cafef.vn/bo-tui-5-cach-dung-ai-moi-nhat-o-google-chrome-de-toi-uu-trai-nghiem-duyet-web-18826042513321322.chn,2026-04-25 14:17:00,2026,4,2026-06-07 05:30:20.711603,46900bf441da12fe9e7a9df0cc2efe9800514e40905d1c29d7a37a8f3a30952a,NEW,,0
https://cafef.vn/tat-ca-nguoi-dan-co-o-to-xe-may-da-ban-can-lam-ngay-viec-nay-de-tranh-bi-phat-nguoi-188260425124508743.chn,2026-04-25 13:35:00,2026,4,2026-06-07 05:30:20.765538,f52780de69a95136b09d0dee6ac5ace94d6ddd682ffc0fc824a3b6ac6ef73b80,NEW,,0
https://cafef.vn/deepseek-v4-ra-mat-gia-re-bang-1-8-gpt-55-nhung-hieu-nang-vuot-mat-claude-sonnet-45-tiem-can-opus-46-188260424204302581.chn,2026-04-25 09:48:00,2026,4,2026-06-07 05:30:20.895428,75e736a2e77da974748873dfbf10e88be88758e687bbc898d8f18a73c546e7c4,NEW,,0
https://cafef.vn/ai-dang-viet-75-ma-nguon-moi-cua-google-mot-so-coder-bi-dong-nghiep-soi-vi-dung-san-pham-cua-doi-thu-188260425074500073.chn,2026-04-25 09:12:00,2026,4,2026-06-07 05:30:21.005318,f1d5bcc7d5b37dde6696eb6c4d569820d8fcd0969e50bfd3639ee764c0abb5ea,NEW,,0
https://cafef.vn/anthropic-thua-nhan-claude-that-su-ngoc-hon-suot-47-ngay-3-loi-ky-thuat-chong-cheo-ma-chinh-doi-ngu-cung-khong-tai-hien-duoc-188260424154727359.chn,2026-04-25 08:40:00,2026,4,2026-06-07 05:30:21.058320,4692ae23e8da74407678074f4ec21e12b571caa51be404d33dc27d30148b1c9a,NEW,,0
https://cafef.vn/tin-cuc-vui-cho-nguoi-dung-wifi-viettel-188260425071241297.chn,2026-04-25 07:55:00,2026,4,2026-06-07 05:30:21.111345,cc20a4cb0242bb67807e350fbae245428d9a6230bcc98b247ec3edc67917b2dd,NEW,,0
https://cafef.vn/dat-canh-bao-chi-tieu-chi-200000-dong-khi-ngu-thuc-day-no-google-cloud-gan-500-trieu-developer-bang-hoang-khi-biet-nguyen-nhan-188260424203923224.chn,2026-04-25 07:52:00,2026,4,2026-06-07 05:30:21.164815,26765700ff7739445650dd29fddb5ae9b0d7a7c9deb543ed2230b7e48a54f07c,NEW,,0
https://cafef.vn/meta-khai-tu-trinh-duyet-messengercom-nguoi-dung-nhan-tin-bang-cach-nao-188260424204936365.chn,2026-04-24 23:24:00,2026,4,2026-06-07 05:30:21.217148,2451d13a5814fc97dc9211b5bdf40bf53bace776daafeee75236475ffc903862,NEW,,0
https://cafef.vn/trung-quoc-tiep-tuc-dat-duoc-thanh-tuu-moi-nham-vao-vi-tri-the-manh-ma-elon-musk-dang-lam-ba-chu-188260424204712128.chn,2026-04-24 20:52:00,2026,4,2026-06-07 05:30:21.268721,c335c2c6b3d66314247d8e53d632897ed1614359bcf974157b3ecff62ed7b100,NEW,,0
https://cafef.vn/huong-dan-thiet-lap-quyen-rieng-tu-chong-quay-chup-anh-dai-dien-tren-zalo-1882604241534494.chn,2026-04-24 17:35:00,2026,4,2026-06-07 05:30:21.323474,a6be27f91f1299beaa9bff5efaa5936895703160461256313e4e1228d82889e2,NEW,,0
https://cafef.vn/anthropic-thua-nhan-loi-ky-thuat-lam-suy-giam-hieu-nang-claude-code-suot-gan-hai-thang-qua-18826042414020625.chn,2026-04-24 16:42:00,2026,4,2026-06-07 05:30:21.375862,797467c2ada3daa617e115db9dd971fb9d291cd9eb11c07b7abce1805506155c,NEW,,0
https://cafef.vn/viettel-canh-bao-3-truong-hop-bi-khoa-sim-thu-hoi-so-dien-thoai-188260424143806797.chn,2026-04-24 15:40:00,2026,4,2026-06-07 05:30:21.427428,be78173eb2554e6203471336944f710fa7211824082ef32b4391ae6b6c32cf7b,NEW,,0
https://cafef.vn/het-thoi-mien-phi-ai-nguoi-dung-se-phai-tra-tien-cho-63-nghin-ty-usd-dau-tu-cua-cac-big-tech-188260424133838799.chn,2026-04-24 15:03:00,2026,4,2026-06-07 05:30:21.478128,190c72709ee5dda1359822ad9a03ef8a577a7be159db9ff31fcfda356f484918,NEW,,0
https://cafef.vn/quoc-hoi-yeu-cau-dua-ai-vao-giao-duc-tu-chuong-trinh-mam-non-188260424133018593.chn,2026-04-24 13:43:00,2026,4,2026-06-07 05:30:21.528637,3dfe2827ad9c17f752e146c36641e6cfc4da040c17848bf46ab8ccc86c5b70ed,NEW,,0
https://cafef.vn/tao-6-nhan-vien-ai-co-gai-trung-quoc-thay-nang-suat-tang-vot-nhung-cang-lam-cang-thay-met-188260424102129775.chn,2026-04-24 11:30:00,2026,4,2026-06-07 05:30:21.580579,895de6ab7e2e49d0820da10849adca0322d4af57854d086d9588906120518ca7,NEW,,0
https://cafef.vn/google-cho-chrome-doanh-nghiep-dung-ai-gemini-de-tu-dong-duyet-web-van-can-nguoi-kiem-tra-188260424102257109.chn,2026-04-24 11:00:00,2026,4,2026-06-07 05:30:21.633048,8da19e2f3b72a9cdc7a537a677f93277c072ab31721cfce59337d98b14ae5aa5,NEW,,0
https://cafef.vn/openclaw-thuc-day-lan-song-bo-viec-de-khoi-nghiep-0-dong-lap-cong-ty-1-nguoi-ky-nguyen-sep-khong-can-nhan-vien-co-dang-den-188260424095137366.chn,2026-04-24 10:25:00,2026,4,2026-06-07 05:30:21.684397,e8333beb8b418bbe20b726751a4d2cffebf7d28f0eb2cec783c5552e9d7e59ce,NEW,,0
https://cafef.vn/tin-nhan-da-xoa-van-co-the-bi-khoi-phuc-nguoi-dung-iphone-phai-lam-dieu-nay-ngay-lap-tuc-188260424091631995.chn,2026-04-24 09:52:00,2026,4,2026-06-07 05:30:21.736833,868ea1d631366ad32be18b68dd4843242af01b8dc4de6b40416ba6b370f2f01b,NEW,,0
https://cafef.vn/15-nam-cua-tim-cook-tai-apple-tu-giu-co-may-van-hanh-den-nguoi-dinh-hinh-mot-de-che-4000-ty-usd-188260424084256516.chn,2026-04-24 09:15:00,2026,4,2026-06-07 05:30:21.790283,7b1a0f65c415ba551b247bda29a3e1c6bff0dc1cd0225beccabd974d965711b1,NEW,,0
https://cafef.vn/that-bai-e-che-cua-anthropic-sieu-ai-nguy-hiem-nhat-hanh-tinh-bi-be-khoa-guc-nga-dau-don-duoi-tay-1-nhom-discord-vo-danh-188260424065123637.chn,2026-04-24 08:35:00,2026,4,2026-06-07 05:30:21.853127,914d409015946c8ed6d66852950268e5c2fb81eb6203b7df5577b1058a9f581e,NEW,,0
https://cafef.vn/truoc-them-ipo-nghin-ty-elon-musk-bat-ngo-xoay-truc-bo-tham-vong-sao-hoa-dat-cuoc-60-ty-usd-vao-ai-188260424071016151.chn,2026-04-24 08:30:00,2026,4,2026-06-07 05:30:21.906746,639765d9976e7177fd7e684b26c3f990629aeb47c2abb7aae8114d00d8ccf3f7,NEW,,0
https://cafef.vn/zalo-tung-mot-tinh-nang-moi-188260424065942282.chn,2026-04-24 08:10:00,2026,4,2026-06-07 05:30:21.960435,e3b0e8cf18c5341b52efea922a4c13102ed4487c6bb8b8b28f124b8488fcf005,NEW,,0
https://cafef.vn/tai-khoan-ngan-hang-acb-dao-dinh-quan-phat-sinh-giao-dich-21-ty-dong-cong-an-lap-tuc-moi-nguoi-dan-ong-sinh-nam-1981-len-lam-viec-188260424080119416.chn,2026-04-24 08:09:00,2026,4,2026-06-07 05:30:22.024115,2ea1fa7141969c442f41097c19b0e6f956494fac4359a5d6ca377e1495d625c9,NEW,,0
https://cafef.vn/canh-bao-quan-trong-cho-nguoi-lam-ho-chieu-online-18826042407280932.chn,2026-04-24 07:28:00,2026,4,2026-06-07 05:30:22.078067,aa2b1ec753fe56dea94424515cee43f30c2ec25f4f1c210f753186064ae8cf94,NEW,,0
https://cafef.vn/cmc-de-xuat-mo-rong-hop-tac-viet-han-trong-ai-ban-dan-va-an-ninh-mang-188260423202737464.chn,2026-04-23 21:27:00,2026,4,2026-06-07 05:30:22.147001,a7a86cc9367bc7894be62f27c591882e3a112ae25f6561b6b561a0cf6e39ce7e,NEW,,0
https://cafef.vn/mot-con-rong-an-minh-thap-tung-tong-thong-han-quoc-tham-viet-nam-vi-the-co-nao-ma-samsung-cung-kieng-ne-188260423201333402.chn,2026-04-23 21:12:00,2026,4,2026-06-07 05:30:22.200337,4739b3c3b00389719cd51da9bbc4482295acf4c6f28af9f488a3713a374478b1,NEW,,0
https://cafef.vn/canh-bao-dien-thoai-xuat-hien-3-dau-hieu-nay-rat-co-the-ban-da-bi-theo-doi-nhieu-nguoi-vo-tinh-bo-qua-va-phai-tra-gia-dat-188260423203533987.chn,2026-04-23 20:46:00,2026,4,2026-06-07 05:30:22.252473,aaae9a7ccabb8b00323e8dab39ec95be3dcad3f17a5834c90e6ade34a630976b,NEW,,0
https://cafef.vn/hang-loat-sim-viettel-sap-bi-khoa-nguoi-dung-phai-kiem-tra-ngay-188260423181714809.chn,2026-04-23 20:15:00,2026,4,2026-06-07 05:30:22.304777,54dd41335d2cd84dfb2092167d7855771fc841725bcc15f5d66e9a5e9a0fe1ff,NEW,,0
https://cafef.vn/thong-tin-moi-nhat-ve-nhan-tin-qua-iphone-nguoi-dung-can-nam-ro-188260423195441375.chn,2026-04-23 19:54:00,2026,4,2026-06-07 05:31:06.808480,b5b3f6cd82d683f4a7eb8dc71544889ba5bab991d5f18197f4f6fd76838fb3d5,NEW,,0
https://cafef.vn/sieu-ai-cua-anthropic-va-271-lo-hong-bao-mat-tren-trinh-duyet-firefox-188260423164518296.chn,2026-04-23 17:30:00,2026,4,2026-06-07 05:31:06.860576,5ab2a3a5f991386a8858c49fd142b751b25e7dd83975a3715ff70fb3856bf082,NEW,,0
https://cafef.vn/nguoi-dung-claude-pro-ta-hoa-vi-mat-tinh-nang-claude-code-sep-cua-claude-tran-an-tin-ai-khong-tin-lai-di-tin-anh-chup-man-hinh-tren-mang-188260423151756913.chn,2026-04-23 16:29:00,2026,4,2026-06-07 05:31:06.924159,a0c1c1bc8a69ff1d76059cbc153506ccc001a9bb818659d71b7bcd379ec7e548,NEW,,0
https://cafef.vn/tat-ca-nguoi-dan-co-tai-khoan-ngan-hang-dac-biet-chu-y-thong-tin-sau-188260423162041668.chn,2026-04-23 16:23:00,2026,4,2026-06-07 05:31:06.978662,517fc4de7165820bc3aa6e48457c5a536e96f63f137c7e3e47568542e8aa95c5,NEW,,0
https://cafef.vn/chu-tich-fpt-truong-gia-binh-ai-dang-tao-ra-mot-cuoc-cach-mang-moi-doi-voi-doanh-nghiep-toan-cau-tuong-tu-buoc-chuyen-tu-san-xuat-thu-cong-sang-day-chuyen-tu-dong-hoa-188260423155338046.chn,2026-04-23 15:53:00,2026,4,2026-06-07 05:31:07.030471,78185887b569f29d432c42a04f5baa05ebe5b308ba2ffc060ec5049ee77ae603,NEW,,0
https://cafef.vn/chi-tiet-lich-giao-nhan-hang-dip-le-30-4-1-5-tu-viettel-post-jt-express-giao-hang-nhanh-188260423131949571.chn,2026-04-23 15:40:00,2026,4,2026-06-07 05:31:07.081762,3a891b57f7dcb9b87e73d0377f7d0d8604c2cefd31f4b6bb5cbd96b0b632afda,NEW,,0
https://cafef.vn/bo-tu-phap-kien-toan-ha-tang-so-va-du-lieu-san-sang-cho-cuoc-tong-ra-soat-van-ban-quy-pham-phap-luat-toan-quoc-18826042315012035.chn,2026-04-23 15:39:00,2026,4,2026-06-07 05:31:07.132232,1861727d04cc1370b3ba497f8a061982f86263c4692f66a87f974dc79cbda51a,NEW,,0
https://cafef.vn/mot-chiec-banh-dan-den-khoan-tien-phat-14000-ty-dong-dich-vu-giao-do-an-ma-o-trung-quoc-dang-so-nhu-the-nao-188260423132101585.chn,2026-04-23 15:09:00,2026,4,2026-06-07 05:31:07.184966,837592a8fe92b0cb6e3b113d98a16006fbfef2b27ddcadee56d9bda8afe3eb92,NEW,,0
https://cafef.vn/tu-trung-tam-du-lieu-den-nha-may-ai-cuoc-cach-mang-ha-tang-tai-trai-tim-cua-nen-kinh-te-so-188260423145604161.chn,2026-04-23 14:55:00,2026,4,2026-06-07 05:31:07.236505,c5ee2b64bf0a193b78a0b3998477192a4a1cc1bcb0e8babeb629978f04ddcab7,NEW,,0
https://cafef.vn/ha-noi-se-lap-camera-tu-dong-nhan-dien-xe-dat-chuan-ra-vao-vung-phat-thai-thap-188260423132908187.chn,2026-04-23 14:30:00,2026,4,2026-06-07 05:31:07.288298,d6805eaf0bf8653397eb10e7d8527245d380ef3b48a294859e43e2e29b810a62,NEW,,0
https://cafef.vn/thong-tin-quan-trong-ve-nguon-dau-mo-moi-cua-viet-nam-188260423141738331.chn,2026-04-23 14:17:00,2026,4,2026-06-07 05:31:07.340503,f051760e6e986139e34924cb2be6e7ea39972d9d45468e38eab5df6db56d52a2,NEW,,0
https://cafef.vn/cong-ty-ten-lua-vu-tru-cua-elon-musk-vua-tra-10-ty-usd-de-co-quyen-mua-mot-startup-ai-coding-chuyen-gi-dang-xay-ra-188260423132139058.chn,2026-04-23 14:10:00,2026,4,2026-06-07 05:31:07.398616,82ca5f1b5359c80894f89ec78580ee73ecb89ab8fcb601716b7d8d6f5359353f,NEW,,0
https://cafef.vn/dang-ky-dinh-danh-dien-tu-muc-2-co-can-sim-chinh-chu-188260423133146883.chn,2026-04-23 13:33:00,2026,4,2026-06-07 05:31:07.451506,14378f559f00de3c482c92a7d177afc8074a9ac63cded41434b4e4b3a5b07ffa,NEW,,0
https://cafef.vn/tin-vui-cho-tai-xe-grab-ca-nuoc-188260423120114607.chn,2026-04-23 12:00:00,2026,4,2026-06-07 05:31:07.503491,34a6ad36905f306c36268dc89fd60ec69dead9fa76f11854b2c8a4597a730f83,NEW,,0
https://cafef.vn/ne-thue-ca-cuoc-lau-hai-ga-khong-lo-crypto-doi-mat-an-phat-gap-3-loi-nhuan-vi-to-chuc-co-bac-bat-hop-phap-188260423101004608.chn,2026-04-23 10:51:00,2026,4,2026-06-07 05:31:07.554777,2c7ccc42ffdfe1a360f696325cf7d2fd69b8a818394c1292be0c71b99e49dd9d,NEW,,0
https://cafef.vn/dung-etax-mobile-tiet-kiem-duoc-2-trieu-tien-hoan-thue-tncn-ting-ting-ve-tai-khoan-ngay-trong-ngay-188260423093450709.chn,2026-04-23 10:20:00,2026,4,2026-06-07 05:31:07.605971,fde7a3b4bc49ff09fba22b8cd284bc2082bd9f9445365df45f1ba11c6ec6d730,NEW,,0
https://cafef.vn/lua-dao-duoc-cong-nghiep-hoa-tren-cac-ung-dung-giao-do-an-cua-hang-ma-lay-50-tien-hang-du-khong-can-san-xuat-toan-bo-chuoi-gia-tri-bi-dao-lon-mot-cach-phi-ly-188260423090331568.chn,2026-04-23 09:11:00,2026,4,2026-06-07 05:31:07.657173,7534282893e110430a4a4109152c0530654d47d73459d206b91626fc79e9eb25,NEW,,0
https://cafef.vn/toi-da-dung-gemini-chatgpt-va-claude-suot-1-thang-qua-tren-android-hoa-ra-day-lai-la-ai-tuyet-voi-nhat-188260423073222568.chn,2026-04-23 08:44:00,2026,4,2026-06-07 05:31:07.708843,681ee1fdee070b64ae2f16dd3be08593c18eaed2df19b5e41547df1570f65dd9,NEW,,0
https://cafef.vn/startup-pha-san-ban-tin-nhan-slack-va-noi-dung-email-de-huan-luyen-ai-188260423072537425.chn,2026-04-23 08:12:00,2026,4,2026-06-07 05:31:07.762623,fce454a3f0954d90dd6a6a36704fe0fd364394a54c2db07f09546acfbcc9217e,NEW,,0
https://cafef.vn/thu-tuong-le-minh-hung-ti-trong-kinh-te-so-trong-gdp-phai-dat-30-188260423070918653.chn,2026-04-23 08:07:17,2026,4,2026-06-07 05:31:07.816651,e2f0a94ea7f35adf81d9868d670c6154b8e6079a99d15fa72479b296e791b887,NEW,,0
https://cafef.vn/nen-tang-giao-do-an-truc-tuyen-dang-tai-dinh-hinh-bai-toan-doanh-thu-cua-nha-hang-fb-nhu-the-nao-188260423065650352.chn,2026-04-23 06:56:00,2026,4,2026-06-07 05:31:07.885196,772eff0b9c40b4ea23ccc499b05254074db79292fd202333fa12afb2906bb869,NEW,,0
https://cafef.vn/dien-thoai-hien-len-dong-chu-nay-la-bieu-hien-bi-chiem-doat-sim-de-xam-nhap-tai-khoan-ngan-hang-188260423002606924.chn,2026-04-23 00:25:00,2026,4,2026-06-07 05:31:07.938295,605e30cc34e463ab97bac3c0a72da3d6a869e7e2e6f1189566a2db31540502ae,NEW,,0
https://cafef.vn/viettel-post-bat-tay-fedex-thuc-hien-ke-hoach-moi-tai-viet-nam-188260422202738139.chn,2026-04-22 20:27:00,2026,4,2026-06-07 05:31:07.992064,ef3c6f8d0c58b932c862ef58df8e33d7449bd892e62968d21b938b5b8718ac36,NEW,,0
https://cafef.vn/facebook-gap-loi-la-tai-viet-nam-188260422200226571.chn,2026-04-22 20:09:00,2026,4,2026-06-07 05:31:08.052620,f1ddf87b0e5876a9623c98483cf6267ec12ed74d8e81f648d879b83bd9309b35,NEW,,0
https://cafef.vn/chatgpt-images-20-ra-mat-cong-cu-tao-anh-biet-suy-nghi-truoc-khi-ve-lam-duoc-ban-do-lich-su-manga-hoan-chinh-chi-trong-mot-cau-lenh-188260422150320898.chn,2026-04-22 19:29:00,2026,4,2026-06-07 05:31:08.106472,22adb1c13445dffca72afa945ee2f82f02876e9ca9267be5fa9a0cc57b199875,NEW,,0
https://cafef.vn/3-loi-khuyen-cho-nhung-nguoi-hay-dung-chatgpt-188260422153241334.chn,2026-04-22 17:43:00,2026,4,2026-06-07 05:31:08.160446,00e5461cf9de5586e19292a151c171652c63b47c607d67088d47bcea25b4430a,NEW,,0
https://cafef.vn/ceo-moi-cua-apple-va-thach-thuc-lon-tai-thi-truong-trung-quoc-188260422145133184.chn,2026-04-22 16:52:00,2026,4,2026-06-07 05:31:08.212739,34094ae6516b7142dffdef80f13b61599d3b165a19bbebd5efd2c1ea6ef53b76,NEW,,0
https://cafef.vn/jeff-bezos-am-tham-dung-de-che-ai-vat-ly-moi-38-ty-usd-moi-chi-la-khoi-dau-188260422142001181.chn,2026-04-22 15:31:00,2026,4,2026-06-07 05:31:08.265653,5cb11a0445a806d0223c663be59d0438ceac8df370b1c3fe9e1a5ac7a3da0a99,NEW,,0
https://cafef.vn/mot-nguoi-dan-o-hung-yen-bat-ngo-nhan-duoc-21-ti-dong-trong-tai-khoan-188260422143005532.chn,2026-04-22 14:31:00,2026,4,2026-06-07 05:31:08.319345,ad1a113fb22e16a0c992df881a5590d348f18282e682b005fb1d83b4e08f6769,NEW,,0
https://cafef.vn/ket-noi-doanh-nghiep-y-te-bao-hiem-va-fitness-qua-he-sinh-thai-du-lieu-mo-rong-cuoc-choi-trong-health-tech-188260422145434725.chn,2026-04-22 14:29:00,2026,4,2026-06-07 05:31:08.388843,c4fc379be78823f0f2354e8e118b426870c2914c2e4db0240649a3ba4ad824fb,NEW,,0
https://cafef.vn/meta-nuoi-ai-bang-nguoi-that-bien-nhan-vien-van-phong-thanh-chuot-bach-cho-tuong-lai-tu-dong-hoa-18826042212383618.chn,2026-04-22 13:58:00,2026,4,2026-06-07 05:31:08.441450,222d36148c43fe4592130e1e900f0c5c186c45254f1dd5dfbd5f4dc4ada9f647,NEW,,0
https://cafef.vn/hoi-ai-john-ternus-se-thay-doi-apple-the-nao-va-lieu-ong-co-the-tro-thanh-steve-jobs-thu-2-188260422105914317.chn,2026-04-22 11:30:00,2026,4,2026-06-07 05:31:08.493309,733a4ef4430412f9ff753a7d703a35e3ecb77b07ec341b0e3be518ec5684a62a,NEW,,0
https://cafef.vn/khi-grab-xanh-sm-be-deu-dat-quy-mo-du-lon-de-canh-tranh-truc-dien-thi-truong-goi-xe-giao-do-an-se-thay-doi-ra-sao-188260422112110228.chn,2026-04-22 11:21:00,2026,4,2026-06-07 05:31:08.544438,0741b9efe3ed5fab221b8b01d2d3c8284fa3633b7e875b9290ecc665b14ff3c2,NEW,,0
https://cafef.vn/72-thanh-ram-suyt-bi-vut-vao-thung-rac-nay-co-gia-hon-nua-ty-dong-188260422102311178.chn,2026-04-22 10:56:00,2026,4,2026-06-07 05:31:08.596622,1d44f9a0220b7c32a1cf535dc6904974d1c71d32a83e6e6991a66614099ca82a,NEW,,0
https://cafef.vn/bo-ra-chua-toi-1-usd-moi-ngay-de-co-co-van-ca-nhan-xuat-chung-24-7-mon-hoi-the-ky-hay-cu-lua-tinh-vi-188260422093125634.chn,2026-04-22 10:45:00,2026,4,2026-06-07 05:31:08.648572,1554bf0b2336b0bb239db9c973efa476b650e38a3cd4dbe0adb82429371a97b2,NEW,,0
https://cafef.vn/su-that-gay-soc-ai-nghin-ty-usd-dang-mac-ket-vi-thu-ai-cung-ngo-da-du-188260422092729786.chn,2026-04-22 10:12:00,2026,4,2026-06-07 05:31:08.700789,4e58e233bf7a1d489c01e402d5292a81caae8a944c842e6604af45632fae8e04,NEW,,0
https://cafef.vn/giai-ma-hop-den-ben-trong-anthropic-cac-ty-phu-cong-nghe-dang-do-hang-ty-usd-cho-thu-ma-chinh-ho-cung-khong-biet-la-gi-188260422092843892.chn,2026-04-22 09:38:00,2026,4,2026-06-07 05:31:08.752587,c9cb047765af7dd353c919ea619b2493b60ade518c8c242c6295d1475b7d2263,NEW,,0
https://cafef.vn/app-store-tang-truong-manh-nho-lan-song-ai-188260422083754155.chn,2026-04-22 09:06:00,2026,4,2026-06-07 05:31:08.806242,a60c47cc63b5d6b066fb66c04cdbd130eeef0ec672097a66f5d271e88a85d6f8,NEW,,0
https://cafef.vn/nhan-luc-cong-nghe-bat-dau-cuoc-sang-loc-lon-188260422083644461.chn,2026-04-22 08:50:00,2026,4,2026-06-07 05:31:08.859351,02d5c94e6da301cef1a5f09a74941211e66b274852e8167e52e1f252c5cf1fc1,NEW,,0
https://cafef.vn/de-xuat-co-che-thu-thap-tao-lap-khai-thac-chia-se-giao-dich-du-lieu-va-kinh-te-du-lieu-188260422071617779.chn,2026-04-22 08:07:00,2026,4,2026-06-07 05:31:08.921264,919f21fa2a70a7d42718daa23a1848b49c53e97727ae946c1fa32f590c68536c,NEW,,0
https://cafef.vn/26-nam-sau-cot-moc-lich-su-thay-gi-ve-viec-viet-nam-dong-y-mo-cua-cho-doanh-nghiep-my-vao-canh-tranh-truc-tiep-voi-viettel-vnpt-188260420111726933.chn,2026-04-22 07:47:00,2026,4,2026-06-07 05:31:08.977826,2545b135ac4706c29907fd875ca697219f4f3a1ea9a5514057cb3d0a60bfe0a7,NEW,,0
https://cafef.vn/amazon-tang-toc-trong-canh-bac-ai-188260422071752117.chn,2026-04-22 07:31:00,2026,4,2026-06-07 05:31:09.031134,70561421202fd260ea9c17a48226399d5fac4467270facd0b426ff796bd735de,NEW,,0
https://cafef.vn/truoc-nguy-co-bi-xoa-so-boi-ai-cong-ty-do-hoa-hang-dau-the-gioi-tung-con-bai-chien-luoc-188260421211807745.chn,2026-04-21 21:50:00,2026,4,2026-06-07 05:31:09.099975,966f9348cc0abd100dc37ca02965cbd71419a33ac1694997653510789f9e51b1,NEW,,0
https://cafef.vn/vua-cua-cac-nghe-het-thoi-vi-sao-nganh-khoa-hoc-may-tinh-bat-ngo-tut-doc-sau-15-nam-thong-tri-188260421211714793.chn,2026-04-21 21:38:00,2026,4,2026-06-07 05:31:09.152482,d22a4cec1283face56e96f17da71268059b48a24c99225371b1c4b2947f10092,NEW,,0
https://cafef.vn/vneid-chua-hien-thi-du-so-dien-thoai-da-dang-ky-co-the-can-cho-bao-nhieu-lau-188260421194819321.chn,2026-04-21 19:47:00,2026,4,2026-06-07 05:31:09.206077,ef24f463a9afc62564c6e772ffe72cdbad996bf5a0e68626cf05278f59a337fb,NEW,,0
https://cafef.vn/cong-an-se-kiem-tra-giao-dich-chuyen-khoan-cua-nguoi-dan-trong-truong-hop-sau-188260421184430727.chn,2026-04-21 18:44:00,2026,4,2026-06-07 05:31:56.638495,dff2808a603745c4d88ca0bde5d2f8bcc74b886a724ae11dbbf882bbb0856a25,NEW,,0
https://cafef.vn/vi-sao-khong-nen-su-dung-van-tay-khuon-mat-de-mo-khoa-dien-thoai-188260421152923215.chn,2026-04-21 17:58:00,2026,4,2026-06-07 05:31:56.691454,6fa4051faf2415730665453af8668963a5e8a2f56e02d289417b79702ccacb38,NEW,,0
https://cafef.vn/anthropic-cam-ket-chi-hon-26-trieu-ty-dong-cho-amazon-de-mo-rong-claude-188260421162342208.chn,2026-04-21 17:30:00,2026,4,2026-06-07 05:31:56.745135,9ed7a413c8186731af8c8c5f2fb464843fe2c3a48dbdb15da0fe7c2fdb021122,NEW,,0
https://cafef.vn/neu-nhan-duoc-tin-nhan-cuoc-goi-zalo-co-noi-dung-sau-cong-an-khuyen-binh-tinh-cup-may-va-lam-theo-huong-dan-18826042116423548.chn,2026-04-21 17:27:00,2026,4,2026-06-07 05:31:56.855191,228c6c62a1d748b579b0f55c459a55d79eab58fc4359a7fcde1d604d2b3415e0,NEW,,0
https://cafef.vn/bo-cong-an-de-xuat-tang-an-noi-sai-tren-mang-co-the-di-tu-188260421161927955.chn,2026-04-21 16:45:00,2026,4,2026-06-07 05:31:56.906914,4470f58729dcc5344641e2f6cc5d91846588d05f702e28b10e4daec3d2bc67c4,NEW,,0
https://cafef.vn/cong-an-canh-bao-nguoi-muon-vay-ngan-hang-cong-ty-tai-chinh-188260421160837826.chn,2026-04-21 16:19:00,2026,4,2026-06-07 05:31:57.022245,f70944af98e285c996c3bf3c8ae12892315d4de5109be45d6fbe5b15f83ccbba,NEW,,0
https://cafef.vn/sau-di-doi-17000-dan-lon-nhat-lich-su-nay-8000-nguoi-viet-nam-quyet-tao-ky-tich-cho-du-an-xin-chua-tung-co-188260421161617152.chn,2026-04-21 16:16:00,2026,4,2026-06-07 05:31:57.120516,3cbb6a43b96def3dfc6ddafd4e393edc8e1b688029939d1ab2e225ba5658756b,NEW,,0
https://cafef.vn/canh-bao-6-dau-hieu-cho-thay-may-tinh-hoac-dien-thoai-dang-bi-theo-doi-188260421153432798.chn,2026-04-21 16:00:00,2026,4,2026-06-07 05:31:57.172561,ea7a1657a0732deabe9778d0e3049e33fdab030fb8db865534b94db7548d8932,NEW,,0
https://cafef.vn/google-mo-mien-phi-tinh-nang-notebooks-trong-gemini-188260421134432378.chn,2026-04-21 15:44:00,2026,4,2026-06-07 05:31:57.225932,009674efc78e514ccf2699d5a9e228db7172f05762b963c1df2226b7d43d0832,NEW,,0
https://cafef.vn/tim-cook-da-lam-duoc-gi-trong-nhung-nam-tai-vi-188260421140608071.chn,2026-04-21 15:02:00,2026,4,2026-06-07 05:31:57.282623,fb0008bfdccc0fbf3738152730ee08538824da5a3d4c2ce86a4628fd43103e33,NEW,,0
https://cafef.vn/cac-doi-ceo-cua-apple-qua-cac-thoi-ky-188260421142109486.chn,2026-04-21 14:21:00,2026,4,2026-06-07 05:31:57.338647,a50e4345e28c364c4c3411a037a9720770b17066aade41366e379c7ac2be8166,NEW,,0
https://cafef.vn/khong-can-mang-the-bhyt-nguoi-dan-van-duoc-huong-du-quyen-loi-khi-kham-benh-bang-3-cach-nay-188260421134213825.chn,2026-04-21 14:05:00,2026,4,2026-06-07 05:31:57.394199,9c7c0c62199ae1a64fb369e98d35825f45f62f39a9aebba116c1e341c1a05366,NEW,,0
https://cafef.vn/ky-nguyen-ai-dang-dinh-hinh-nganh-cong-nghe-ong-tim-cook-ra-di-va-apple-chon-mot-ky-su-phan-cung-ke-nhiem-dung-nguoi-nhung-co-dung-luc-188260421133607757.chn,2026-04-21 13:36:00,2026,4,2026-06-07 05:31:57.448618,758abd98a64fda4e4cb6bfe4b5bd566a5f93a339ee91f63c3fc0192fb9d16d0d,NEW,,0
https://cafef.vn/cong-an-ha-noi-canh-bao-nong-thu-doan-gia-mao-nhan-vien-cac-hang-hang-khong-ban-ve-cho-den-gia-re-dip-nghi-le-188260421093711462.chn,2026-04-21 10:52:00,2026,4,2026-06-07 05:31:57.499722,5cb0e34ea7c14a85da5811723e4b690503da8b4a737fda0280ad8a46f23e7c89,NEW,,0
https://cafef.vn/bai-hoc-tu-sieu-ma-doc-flame-google-va-cloudflare-phai-chay-dua-vu-trang-de-cuu-van-internet-truoc-nam-2029-188260421093939112.chn,2026-04-21 10:22:00,2026,4,2026-06-07 05:31:57.550678,934752fbf0735319fe207672cb4fd3bd011fed05de62f77e4cff952efde1d3d9,NEW,,0
https://cafef.vn/mat-30-trieu-dong-khi-mua-ve-may-bay-gia-re-qua-mang-188260421074212213.chn,2026-04-21 09:49:00,2026,4,2026-06-07 05:31:57.602713,4f82676f264e033b9c5ab1183b965baba9673cf6b7c487e80922514586c8b296,NEW,,0
https://cafef.vn/tin-vui-cho-nguoi-dung-ai-gemini-tai-viet-nam-co-nhieu-cai-tien-dot-pha-tu-hom-nay-188260421092138808.chn,2026-04-21 09:21:00,2026,4,2026-06-07 05:31:57.658311,904f309b398857213b6d6252415380a641b7297b5ee2924abf45b69f6f699830,NEW,,0
https://cafef.vn/ket-thuc-mot-thoi-dai-ong-tim-cook-tu-chuc-ceo-apple-sau-15-nam-nguoi-ke-nhiem-la-ong-john-ternus-188260421081811997.chn,2026-04-21 09:20:00,2026,4,2026-06-07 05:31:57.724829,770bc323d2cdd1b410b9c3a4fec8c8cb5f1f04071c5ce6b77b308b364dbb7015,NEW,,0
https://cafef.vn/am-tham-xay-dung-de-che-4000-ty-usd-ceo-moi-cua-apple-la-ai-nguoi-dung-iphone-suot-20-nam-chua-chac-biet-ten-ong-188260421085125318.chn,2026-04-21 09:01:00,2026,4,2026-06-07 05:31:57.810282,89c608a8bcb2b4c7a7352551efcfb2c02a5378487a7b4124c830492c7161dcf0,NEW,,0
https://cafef.vn/bi-cat-40-luong-vi-ai-lam-ho-het-roi-cau-chuyen-cay-dang-cua-gioi-van-phong-va-lap-trinh-thoi-nay-188260421070709.chn,2026-04-21 08:05:00,2026,4,2026-06-07 05:31:57.867424,03f925f9fb99dacb83f87f97c67513ed8d231ab148a7f7827869e77df320ce89,NEW,,0
https://cafef.vn/grab-bat-tay-mot-nen-tang-ket-noi-tram-sac-go-nut-that-cho-tai-xe-xe-dien-188260420170255831.chn,2026-04-20 18:02:00,2026,4,2026-06-07 05:31:57.926476,54a97a1101abb48054102aebe7f6d56f78319627a27beb960d4168499c8250ff,NEW,,0
https://cafef.vn/csgt-bay-flycam-camera-ai-bat-loi-loat-tai-xe-dung-do-xe-sai-quy-dinh-188260420163015927.chn,2026-04-20 17:30:00,2026,4,2026-06-07 05:31:57.977376,643cfc294707914b55106840cb0791fd03341ef48ac6d0e0f7d4880914944a1f,NEW,,0
https://cafef.vn/cong-an-thong-bao-toi-tat-ca-nhung-ai-nhan-duoc-cuoc-goi-co-noi-dung-sau-day-188260420170013225.chn,2026-04-20 17:02:00,2026,4,2026-06-07 05:31:58.048541,dd94c6a9f750d34caa8f8d393e0d865fbffb32fb38d0e242e9a45b29825bab3a,NEW,,0
https://cafef.vn/ky-su-cong-nghe-co-phai-nan-nhan-dau-tien-cua-ai-3-bai-hoc-song-con-trong-ky-nguyen-moi-188260420164311883.chn,2026-04-20 16:52:00,2026,4,2026-06-07 05:31:58.114359,d33fb3d857b7cf0c194a64817810ddafba97c7ff53cd2d1674a047068342903a,NEW,,0
https://cafef.vn/ai-hut-het-sach-dram-nguoi-dung-bi-anh-huong-toi-tan-2028-188260420140638033.chn,2026-04-20 16:00:00,2026,4,2026-06-07 05:31:58.166012,fbd44e287c57be2ffbf7cf5f52c148853b0fb8c630d7b87fd0288bc49345ff93,NEW,,0
https://cafef.vn/anthropic-chinh-thuc-ra-mat-cong-cu-thiet-ke-khong-can-designer-da-bao-truoc-nhung-figma-van-mat-gan-7-adobe-cung-khong-thoat-188260420142724634.chn,2026-04-20 15:26:00,2026,4,2026-06-07 05:31:58.218132,938948ec4531af7ae6c8b9405e1e8a7ea09df255a823d932cd632fa6167a6ba0,NEW,,0
https://cafef.vn/bat-ngo-bi-anthropic-danh-sap-toan-bo-to-chuc-startup-nem-trai-dang-vi-trot-giao-nut-bam-sinh-tu-cho-ai-188260420133729321.chn,2026-04-20 14:55:00,2026,4,2026-06-07 05:31:58.272685,5208bb79f6583ca91bc94f7403c08589e00617afa1e633ddbb3104d60710cf73,NEW,,0
https://cafef.vn/vi-dau-cong-ty-me-facebook-chuan-bi-sa-thai-8000-nguoi-188260420134035709.chn,2026-04-20 14:20:00,2026,4,2026-06-07 05:31:58.361757,c7756efc47d5bcbe50c15c57473e4215b6b879e5654166a8f3a0f427593feb3e,NEW,,0
https://cafef.vn/ky-nguyen-code-bang-mom-khi-ky-su-anthropic-va-openai-khong-con-tu-viet-lay-mot-dong-code-suot-2-thang-188260420133246472.chn,2026-04-20 13:56:00,2026,4,2026-06-07 05:31:58.424218,3fe8072d32be60fc0f801df0b7e21cd5a3902adfef1ab08138f92f3d143a11a3,NEW,,0
https://cafef.vn/toi-da-thay-doi-3-cai-dat-an-nay-tren-dien-thoai-android-va-pin-tren-may-toi-bong-tang-vot-lam-thu-ngay-188260420110916691.chn,2026-04-20 11:30:00,2026,4,2026-06-07 05:31:58.476923,b4b08e56245facdb0a856223b4120e9ce8978ce74c0206deacde80cf4d192d33,NEW,,0
https://cafef.vn/sap-cap-ly-lich-tu-phap-qua-vneid-tre-hen-tra-ket-qua-nguoi-dan-se-nhan-duoc-gi-188260420102211554.chn,2026-04-20 11:10:00,2026,4,2026-06-07 05:31:58.527928,db2d645e5d414c67751a6ad7fc155a4476a54f2b827e8b0c21e0c6e09a1ca2d6,NEW,,0
https://cafef.vn/tra-ho-so-vu-mr-pips-de-dieu-tra-bo-sung-188260420104241453.chn,2026-04-20 10:42:00,2026,4,2026-06-07 05:31:58.581368,4e2ecd00339946b83cd61e8b99b2b845b42400589b76642e199dd9b9e38c3cda,NEW,,0
https://cafef.vn/chung-toi-bi-hieu-lam-ceo-hang-ban-phan-mem-tran-an-nha-dau-tu-truoc-noi-lo-bi-xoa-so-vi-ai-co-phieu-giam-28-tu-dau-nam-188260420103417073.chn,2026-04-20 10:39:00,2026,4,2026-06-07 05:31:58.702501,b5b20db257e3a1778aaeb50e08889c40ddc046f977d7afc094814ec71346b2cf,NEW,,0
https://cafef.vn/cha-de-papers-please-giau-du-an-moi-vi-so-ai-hut-mat-y-tuong-188260420072951109.chn,2026-04-20 10:11:00,2026,4,2026-06-07 05:31:58.764389,944e7ef105ee9555e3ba0720d8cbb0b3c3e2fe9458bace0e48b02a0477ee68ac,NEW,,0
https://cafef.vn/pin-cang-trau-may-cang-mong-apple-samsung-va-google-co-dang-bo-lo-cuoc-choi-lon-nhat-cua-smartphone-18826042008533307.chn,2026-04-20 09:40:00,2026,4,2026-06-07 05:31:58.817261,533df93cf432983e5eeb1726a900c099ea648c69187fd12afc02ebcfc8179d42,NEW,,0
https://cafef.vn/de-che-4000-ty-usd-nvidia-dang-bi-de-doa-boi-chinh-ai-ong-vua-nganh-chip-con-giu-ngai-vang-duoc-bao-lau-188260420084545403.chn,2026-04-20 09:08:00,2026,4,2026-06-07 05:31:58.870832,a9967c461222bbe5b1508bbbcc920b7101e534a492533842e2bf9153fc6cc258,NEW,,0
https://cafef.vn/chia-khoa-tu-ong-trump-tam-ve-dua-viet-nam-thanh-mat-xich-vang-cua-cuoc-dua-ban-dan-toan-cau-188260420083926416.chn,2026-04-20 08:39:12,2026,4,2026-06-07 05:31:58.999597,a8fe405d22518e69df8e177bf22cc61ba4fc8ac6d559a4ffb671ff985dd2eb8d,NEW,,0
https://cafef.vn/chuyen-gi-day-ai-cuop-viec-lam-cu-nhan-my-o-at-quay-lai-giang-duong-de-hoc-tiep-188260420072427569.chn,2026-04-20 08:04:00,2026,4,2026-06-07 05:31:59.077609,b36972ec54ad45f8161733e25122c9f006f45fe35c6d6250589d500989400bdc,NEW,,0
https://cafef.vn/luong-co-ban-8-ty-dong-nam-van-bi-xua-duoi-nghich-ly-chua-chat-cua-nhung-vi-than-ai-tai-san-francisco-188260420072617219.chn,2026-04-20 07:28:00,2026,4,2026-06-07 05:31:59.141765,b5607d1a6ad2c8789a622407c1834803eed3d8fff8ef1cf3fe622aa7aa19774f,NEW,,0
https://cafef.vn/huong-dan-lien-ket-tai-khoan-ngan-hang-voi-etax-mobile-188260419160435584.chn,2026-04-19 17:30:00,2026,4,2026-06-07 05:31:59.193246,278520ef8aa33998400d8424225c0028e1a2aecdbf3e6c6b4b0c1086fa76c9bd,NEW,,0
https://cafef.vn/trung-quoc-vua-tao-nen-ky-tich-10000-tan-tren-bien-lon-nhat-the-gioi-188260419153649382.chn,2026-04-19 17:30:00,2026,4,2026-06-07 05:31:59.309027,1acf93e0e3ff36e9922ec32500ce4d1b97cb9d10a6aff5ffcf5687277c40589f,NEW,,0
https://cafef.vn/lanh-dao-microsoft-ai-cung-se-phai-mua-ban-quyen-phan-mem-nhu-con-nguoi-188260419131844338.chn,2026-04-19 16:32:00,2026,4,2026-06-07 05:31:59.373713,14d652e00431125da78fdeddafda2fcd5af64d8c3f23b163adc9a5981361cd68,NEW,,0
https://cafef.vn/cong-nghe-19-4-robot-hinh-nguoi-thi-chay-marathon-tai-trung-quoc-188260419160104585.chn,2026-04-19 16:20:00,2026,4,2026-06-07 05:31:59.424768,c3d2014dc662e9ef2a0d6a98f32cb33b5b809b2fbf9b8172cb39336151f1b8ec,NEW,,0
https://cafef.vn/tai-khoan-ngan-hang-co-giao-dich-16-ty-dong-cong-an-ha-noi-yeu-cau-mot-cong-ty-len-lam-viec-188260419151836471.chn,2026-04-19 16:10:00,2026,4,2026-06-07 05:31:59.474838,a4fcf376416863426a6ebf3f24f8512fe778a9cfdc5e3a958686234676b01b5d,NEW,,0
https://cafef.vn/bo-cong-an-de-xuat-thong-tin-ly-lich-tu-phap-hien-thi-tren-ung-dung-vneid-tu-1-7-188260419131639164.chn,2026-04-19 15:32:00,2026,4,2026-06-07 05:31:59.533503,4d260e9820d664ab4aa892d0a62bcdc78b590e15f9ef9f1dc4af4743ba275762,NEW,,0
https://cafef.vn/them-mot-loai-giay-to-se-duoc-tich-hop-tren-vneid-nguoi-dan-ca-nuoc-can-nam-ro-188260419135707148.chn,2026-04-19 13:58:00,2026,4,2026-06-07 05:32:49.275265,777a27c184375467050c136bcffd356004f05083befac1c086da772b0e450083,NEW,,0
https://cafef.vn/xu-phat-cac-nhom-bao-chot-giao-thong-voi-hon-11000-thanh-vien-188260419131541487.chn,2026-04-19 13:31:00,2026,4,2026-06-07 05:32:49.329054,caf9e6f76df5dd3255de3ebd888420f3510d54575bcbf178b24f0d870291182f,NEW,,0
https://cafef.vn/tsmc-du-kien-san-xuat-thu-nghiem-chip-duoi-1nm-vao-nam-2029-188260419131056375.chn,2026-04-19 13:31:00,2026,4,2026-06-07 05:32:49.380093,18119463054e5146333b7db6a43d2635c906db5c32eb622d0485f4cbb6c2b6a6,NEW,,0
https://cafef.vn/facebook-loi-hien-thi-thoi-gian-dang-bai-tren-nen-tang-web-188260419094831554.chn,2026-04-19 11:44:00,2026,4,2026-06-07 05:32:49.431884,48530cdf5d465ef0882c3dac916e9019d75417f95d7384ffaf00d1e49fc7c1ba,NEW,,0
https://cafef.vn/nhung-ai-du-cac-dieu-kien-sau-duoc-mua-youtube-premium-giam-50-188260419093318201.chn,2026-04-19 09:33:00,2026,4,2026-06-07 05:32:49.484102,11fa52687e646e18699c21e2b370f03f0f860ec723adfff608a74325de5fba38,NEW,,0
https://cafef.vn/kip-thoi-giai-cuu-nan-nhan-cua-cam-bay-viec-nhe-luong-cao-188260419073146155.chn,2026-04-19 08:53:00,2026,4,2026-06-07 05:32:49.535548,8ce0d60024c6785215c13fcf544cfa80a4da4d56a0e2aa6fbae8f7417de85f9e,NEW,,0
https://cafef.vn/cong-an-ha-noi-canh-bao-1-dich-vu-chup-anh-tiem-an-nguy-co-lo-thong-tin-ca-nhan-nhieu-nguoi-chu-quan-188260419001643975.chn,2026-04-19 00:16:00,2026,4,2026-06-07 05:32:49.587935,b6000a0f428eaee40b720b8d52e116730257d1c885510758d7f75d0c699a5af1,NEW,,0
https://cafef.vn/sap-bay-nhom-dong-hanh-cung-con-cung-nguoi-phu-nu-o-ha-noi-mat-gan-1-ty-dong-18826041815343063.chn,2026-04-18 17:30:00,2026,4,2026-06-07 05:32:49.639211,70e6c79fe446db3069fdafcb645676486b25871eb14fd5987cd26a1f95b8e6f9,NEW,,0
https://cafef.vn/tat-ca-nguoi-dung-internet-bang-trinh-duyet-web-mien-phi-hay-can-than-188260418153819842.chn,2026-04-18 16:35:00,2026,4,2026-06-07 05:32:49.690512,4027f198854694e8c691df23fbf8398dbbdcd2401680b3a20bf28484a0d021f2,NEW,,0
https://cafef.vn/openai-hoc-tap-claude-cho-phep-chay-ai-agent-trong-moi-truong-doc-lap-188260418151752385.chn,2026-04-18 16:30:00,2026,4,2026-06-07 05:32:49.746388,9b377afb34a79c05c80951df84fd250d9e468906a5fe8984441b9b8297c2d681,NEW,,0
https://cafef.vn/3-bi-mat-giup-big-tech-dao-tao-ai-thoi-noi-bua-lot-xac-thanh-chuyen-gia-tat-ca-bat-dau-tu-vu-ro-ri-chan-dong-gioi-cong-nghe-188260418130751663.chn,2026-04-18 15:31:00,2026,4,2026-06-07 05:32:49.796242,4d035b7844a0126208c1ee89694c844b24574a62c1e0f80ab2511c43f63cc5d5,NEW,,0
https://cafef.vn/tien-ty-cung-khong-mua-duoc-thoi-gian-40-sieu-du-an-trung-tam-du-lieu-ai-tai-my-co-nguy-co-cham-tien-do-tham-vong-cua-microsoft-va-openai-gap-kho-188260418101152553.chn,2026-04-18 14:47:00,2026,4,2026-06-07 05:32:49.859323,1f40d3208a3e05633b4a6f43fa63ed8f9821fb33f2232476e78f98f7f99879f7,NEW,,0
https://cafef.vn/cach-kiem-tra-so-dien-thoai-da-xac-thuc-hay-chua-188260418131633559.chn,2026-04-18 14:30:00,2026,4,2026-06-07 05:32:49.919070,d2cc79cb2ea6c2797d1891f0b274d869e9afe477155868dbe2cda9e2b005e60d,NEW,,0
https://cafef.vn/mark-zuckerberg-va-elon-musk-xuong-duong-chi-dao-giao-thong-vu-hack-ngo-ngan-nhat-nam-phoi-bay-tu-huyet-cua-do-thi-thong-minh-188260418113552055.chn,2026-04-18 13:46:00,2026,4,2026-06-07 05:32:49.972166,1a67db1f1934eb789e36cac9a0b25cc293e63f543c7490749df8ae162636b3df,NEW,,0
https://cafef.vn/nguoi-dung-doi-dien-thoai-phai-xac-thuc-khuon-mat-luu-y-gi-de-tranh-bi-khoa-sim-188260418132444366.chn,2026-04-18 13:32:00,2026,4,2026-06-07 05:32:50.025689,dd89ba423b52a27147dc4750e1941c676cd3df2a5234af2556f1df3030702483,NEW,,0
https://cafef.vn/nhanh-gap-25-lan-chinh-xac-hon-gap-3-nvidia-tung-san-pham-ai-cho-sieu-may-tinh-luong-tu-ma-nguon-mo-dau-tien-tren-the-gioi-bien-chatbot-thanh-tro-tre-con-188260418113452932.chn,2026-04-18 12:02:00,2026,4,2026-06-07 05:32:50.079528,e647474b5150361e5c7bcd56ded00bd37247da5cddfe523a463a921b07afa4e5,NEW,,0
https://cafef.vn/nhat-ban-ra-tay-phat-mien-phi-cong-cu-chong-hack-cho-1000-doanh-nghiep-truoc-lan-song-ransomware-bung-no-188260417191001237.chn,2026-04-18 10:57:00,2026,4,2026-06-07 05:32:50.131565,6bbd7582b38cb7cdd79ba99bbf977397d4d65c9e4b5c3d6db28d569814551717,NEW,,0
https://cafef.vn/apple-chan-ung-dung-lap-trinh-ai-startup-bi-xoa-khoi-app-store-den-hai-lan-188260417191320589.chn,2026-04-18 10:37:00,2026,4,2026-06-07 05:32:50.182003,ace38ae34714592a1f61a87f0a45bd9244ce8976c4c9f298abdfaface9b88e31,NEW,,0
https://cafef.vn/ha-noi-ra-mat-cong-thong-tin-an-toan-thuc-pham-188260418092410498.chn,2026-04-18 10:15:00,2026,4,2026-06-07 05:32:50.233614,c3a3d73730341bf6b8c26d7144239f1b3c4c3a7478fb0344de7b0af5fa199e5b,NEW,,0
https://cafef.vn/uav-made-in-vietnam-gay-an-tuong-tai-trien-lam-drone-o-my-188260417113114945.chn,2026-04-18 09:01:00,2026,4,2026-06-07 05:32:50.287356,5b1ef064d3fd2202386978f7fa18e49b87092667699a56c1da98eeb3d0688491,NEW,,0
https://cafef.vn/mot-tap-doan-ban-le-da-kenh-17000-nhan-su-vua-pha-san-188260417190520718.chn,2026-04-18 08:49:00,2026,4,2026-06-07 05:32:50.357939,80b12d9f8c03168a7b868d2813f971499528efc67c2f23fe385a5ed198d38cae,NEW,,0
https://cafef.vn/google-cho-ai-soi-toan-bo-anh-ca-nhan-tien-loi-hay-mo-cua-cho-rui-ro-rieng-tu-188260417190715172.chn,2026-04-18 08:36:00,2026,4,2026-06-07 05:32:50.413963,36b6ad3e73f6b8bf79c8de99f99677ce2885246e2b7263b2657ecc3db29a763c,NEW,,0
https://cafef.vn/nvidia-ra-mat-ising-bo-ai-ma-nguon-mo-giup-may-tinh-luong-tu-sua-loi-nhanh-hon-188260417152928156.chn,2026-04-18 07:51:00,2026,4,2026-06-07 05:32:50.468772,6c44894f5d2697fe850f8a4824a574f3847c13908e437617b0f8c287a4477076,NEW,,0
https://cafef.vn/chi-10-phut-dung-ai-nao-bo-da-phai-tra-gia-dat-su-that-chan-dong-vua-duoc-he-lo-188260418022135773.chn,2026-04-18 02:21:00,2026,4,2026-06-07 05:32:50.523492,716210bbfee43bcfdd7a8975c2375b59f9942e4121f386403e74dddcac947fe3,NEW,,0
https://cafef.vn/da-xong-viec-nhung-nguoi-thue-quyet-khong-chuyen-khoan-tra-gan-1-ty-dong-nguoi-phu-nu-ha-noi-bao-cong-an-188260418000743628.chn,2026-04-18 00:07:00,2026,4,2026-06-07 05:32:50.577558,02aa6fa0d23406a1b566b3148ac414f6d6b98552660a0f6f1a372588a6d0869c,NEW,,0
https://cafef.vn/startup-dien-hat-nhan-cua-amazon-ipo-814-trieu-usd-mo-vang-ai-hay-qua-bom-phap-ly-chuc-no-188260417111953964.chn,2026-04-17 21:38:00,2026,4,2026-06-07 05:32:50.634337,214aed4f61cd92be035a388d641a083039f62609376cd74861b8cc54f75efc8b,NEW,,0
https://cafef.vn/tu-hom-nay-facebook-chinh-thuc-khai-tu-messengercom-188260417211134832.chn,2026-04-17 21:11:00,2026,4,2026-06-07 05:32:50.687351,83edd45b11bcb5e7f62540ac1a0a6e4c19040f1f6a250a15ea91e256eb0a8f94,NEW,,0
https://cafef.vn/de-xuat-gop-113-114-115-thanh-mot-dau-so-quoc-gia-188260417191521991.chn,2026-04-17 20:51:00,2026,4,2026-06-07 05:32:50.739955,187150b84b5ebb88ff68cd8e5122bfb967b8d7df087d855517df4f31ee413637,NEW,,0
https://cafef.vn/muon-thi-tu-di-ma-lam-ai-noi-loan-gemini-cong-khai-chong-menh-lenh-nguoi-dung-bao-che-dong-loai-khoi-bi-xoa-so-188260417161658639.chn,2026-04-17 20:51:00,2026,4,2026-06-07 05:32:50.791581,c97b1118c6570d0dce603a7b76509fa9899ba38c934f4f0b6cda37369dc6d409,NEW,,0
https://cafef.vn/di-nguoc-ca-the-gioi-giua-bao-sa-thai-vi-ai-vi-sao-ibm-lai-tang-gap-3-lan-quy-mo-tuyen-dung-gen-z-188260417190609345.chn,2026-04-17 20:40:00,2026,4,2026-06-07 05:32:50.844580,70b3b25845dd0f4ed185f7434d41164eb2fb9ca6bf91bd7eb2f1e7dec4655251,NEW,,0
https://cafef.vn/tong-bi-thu-chu-tich-nuoc-trai-nghiem-san-pham-ung-dung-ai-o-bieu-tuong-cua-con-duong-to-lua-so-tq-188260417191101592.chn,2026-04-17 20:38:00,2026,4,2026-06-07 05:32:50.896632,b175769f8e1527e286d8f536d26f5ce9bc2e3fd96292ace7a698448c43ffff60,NEW,,0
https://cafef.vn/chu-y-cong-an-canh-bao-nguoi-mua-hang-online-lo-1-dieu-se-khien-nhieu-nguoi-mat-tien-oan-188260417200508001.chn,2026-04-17 20:16:00,2026,4,2026-06-07 05:32:50.949508,9edd05b51c5e9d78b75f86ebb3650dfa175eb63a77668e989ee8657428e6a332,NEW,,0
https://cafef.vn/tai-sao-cuoc-goi-lua-dao-neu-chinh-xac-ca-ho-ten-so-cccd-va-so-the-ngan-hang-cua-nan-nhan-18826041715065383.chn,2026-04-17 17:23:00,2026,4,2026-06-07 05:32:51.002793,91649d9d53fabf7247a84b791346d7b48e4ce651024bcc55e0960c954c5ddf59,NEW,,0
https://cafef.vn/ong-do-cao-bao-fpt-giam-26000-nhan-su-chi-trong-15-thang-la-thong-tin-sai-su-that-18826041715360173.chn,2026-04-17 16:33:00,2026,4,2026-06-07 05:32:51.056928,5e6b61d54daa81537bb6588e5b3f0860df38991939380ba4fd11f719a7e02a0b,NEW,,0
https://cafef.vn/1400-cua-hang-100-ai-phu-khap-he-thong-haidilao-dang-vuot-diem-nghen-nghin-cua-hang-nhu-the-nao-188260417142157503.chn,2026-04-17 15:35:00,2026,4,2026-06-07 05:32:51.113767,ffede659b15999dda91e8492120cc195d5ef7bb65dc73d8d180830cfdbcce702,NEW,,0
https://cafef.vn/van-dung-chieu-quen-thuoc-ke-gian-co-the-chiem-quyen-kiem-soat-zalo-nguoi-dung-can-can-than-188260417143849527.chn,2026-04-17 14:58:00,2026,4,2026-06-07 05:32:51.170246,ab940d4593dd2a473a0487aca27e9eab8670dd8d0f85b0e66341e5a1552aa30c,NEW,,0
https://cafef.vn/phat-hien-tau-trung-quoc-nang-10000-tan-bat-dau-di-chuyen-thuc-hien-nhiem-vu-lon-188260417140959055.chn,2026-04-17 14:09:00,2026,4,2026-06-07 05:32:51.253680,41302ec602c9a582ddd6e023150af93f9ba3607e14c91bb3c8cf20f146b36d6f,NEW,,0
https://cafef.vn/elon-musk-vs-sam-altman-hang-tram-email-ro-ri-va-nhat-ky-bi-mat-bi-dua-ra-anh-sang-phoi-bay-goc-khuat-dang-sau-openai-188260417112303391.chn,2026-04-17 13:56:00,2026,4,2026-06-07 05:32:51.354567,5104a7d5e199556be65398d575cf81e128d295a256ef7b10dbcd8ef3bdcdcd69,NEW,,0
https://cafef.vn/co-quan-thue-thong-bao-khan-chi-con-3-ngay-de-lam-viec-nay-khong-lam-bi-phat-ngay-188260417102632733.chn,2026-04-17 12:43:00,2026,4,2026-06-07 05:32:51.441724,66168283e4d6a81ea1e9c86c29829b8ac3142fa3ba1f95396d960f5081c26bc9,NEW,,0
https://cafef.vn/hoan-thue-thu-nhap-ca-nhan-tu-dong-trong-3-ngay-lam-gi-de-som-nhan-duoc-tien-188260417112323788.chn,2026-04-17 11:30:00,2026,4,2026-06-07 05:32:51.493974,790d90c6ae77485170eed75c246968398afd7909924e28542d39fbea522679e9,NEW,,0
https://cafef.vn/khi-cong-nghe-tro-nen-toxic-tai-sao-hang-ngan-nguoi-dang-hoc-cach-roi-khoi-su-kiem-soat-cua-google-va-apple-188260417095609314.chn,2026-04-17 11:30:00,2026,4,2026-06-07 05:32:51.548033,4e3aa9949594daf2bf9f7c60ffbcfd93dc1932e74b5fb9369e0d8bf27bf18b81,NEW,,0
https://cafef.vn/nguy-co-lo-lot-du-lieu-ca-nhan-tu-dich-vu-photobooth-dung-ma-qr-188260417105107261.chn,2026-04-17 10:52:00,2026,4,2026-06-07 05:32:51.602971,b2ecf7809b262ff5c579078267f709603c3af571cc75698be8e86a0bc7827705,NEW,,0
https://cafef.vn/youtube-cho-phep-tat-hoan-toan-tinh-nang-shorts-188260417101958275.chn,2026-04-17 10:33:00,2026,4,2026-06-07 05:32:51.656718,6dd9bf60163367215a125140fa301336c9465a951b90923d1c25483502230ecb,NEW,,0
https://cafef.vn/claude-opus-47-ra-mat-thi-giac-tang-gap-3-tu-kiem-tra-code-truoc-khi-bao-cao-nhung-canh-bao-danh-cho-lap-trinh-vien-dung-46-188260417091311159.chn,2026-04-17 10:10:00,2026,4,2026-06-07 05:32:51.711089,22d6107dfb1d673c98e8715edd72bd7e85cc0444ac3a4bd9022ea3f678fe2fa0,NEW,,0
https://cafef.vn/cong-an-chi-ra-ly-do-nguoi-dan-co-the-bi-ro-ri-tai-khoan-ngan-hang-tai-lieu-cong-viec-mat-khau-mxh-anh-rieng-tu-vao-tay-lua-dao-188260417094934177.chn,2026-04-17 09:54:00,2026,4,2026-06-07 05:32:51.764991,a0c2f846bd42833306137e1c4566f678cae99e0bb305e96929aada8f89627c4e,NEW,,0
https://cafef.vn/co-no-luc-nhung-khong-dang-ke-ai-tu-giac-lam-nhieu-hon-nhung-gi-duoc-yeu-cau-thang-tay-xoa-sach-du-lieu-va-bia-dat-thong-tin-nguoi-dung-188260417091455269.chn,2026-04-17 09:36:00,2026,4,2026-06-07 05:33:44.444391,e6fe32af4598088dab4f045a8fbe3f15f923e13a8f8cd9933fb510b3af1dbfb6,NEW,,0
https://cafef.vn/tinh-nang-moi-tren-zalo-ma-hang-trieu-nguoi-nen-biet-188260417091905418.chn,2026-04-17 09:18:00,2026,4,2026-06-07 05:33:44.497554,c38c763877311e543085f37ffb2bd57f491e89c5abc223fbcec79a1a9897f95e,NEW,,0
https://cafef.vn/ban-co-biet-wolfram-alpha-chatgpt-doi-dau-ma-internet-gan-nhu-da-quen-lang-18826041707215892.chn,2026-04-17 09:07:00,2026,4,2026-06-07 05:33:44.558279,bc7f0db17bfaae50b749c13afe8790b17676a36c9020127f0a67161ed0cdaaff,NEW,,0
https://cafef.vn/chi-25-nghin-dong-de-bien-mot-nguoi-thanh-anh-nong-bang-ai-goc-khuat-rung-minh-ve-van-nan-deepfake-ban-188260417070154194.chn,2026-04-17 08:30:00,2026,4,2026-06-07 05:33:44.609312,efc48fd48b7f5ea211df2b50eba7c035f1b680a111ed6fd517236f58cf853933,NEW,,0
https://cafef.vn/mot-minh-cay-du-an-suot-4-thang-van-bi-sa-thai-vi-sep-vibe-code-bang-claude-code-cong-dong-it-dong-thanh-3-thang-nua-goi-lai-ngay-thoi-188260417071408604.chn,2026-04-17 08:05:00,2026,4,2026-06-07 05:33:44.661454,f0af0dea8814360ccf894998a975f40053352d3a13650f805f481a9da08c4422,NEW,,0
https://cafef.vn/robot-cua-boston-dynamics-gay-sot-voi-kha-nang-suy-luan-biet-suy-nghi-nho-gemini-ai-nhung-van-mac-loi-ngo-ngan-kho-tin-188260417072310402.chn,2026-04-17 07:27:00,2026,4,2026-06-07 05:33:44.713085,99a72c15fd98b1378c143323cb51039c639e509eb17c32293f122975bc03489b,NEW,,0
https://cafef.vn/ho-tro-doanh-nghiep-viet-trien-khai-nen-tang-ai-trong-quan-tri-nguon-nhan-luc-tai-chinh-va-doi-tac-18826042023030073.chn,2026-04-16 21:02:00,2026,4,2026-06-07 05:33:44.763503,d2aa472e9a760e3a6d92916f9309ac3004db26f582aa534637b93c89506f87e8,NEW,,0
https://cafef.vn/chuyen-khoan-368-trieu-dong-de-nhan-18-ty-vao-tai-khoan-ngan-hang-nguoi-dan-ong-phai-den-trinh-bao-cong-an-188260416203356011.chn,2026-04-16 20:40:00,2026,4,2026-06-07 05:33:44.814546,6c7893e022d2f8a0100231c4860a9fac231980b9dd3bb35afecd748f0ee66c6b,NEW,,0
https://cafef.vn/phai-dong-thue-30-vi-tai-khoan-nhan-680-trieu-dong-nhung-quyet-khong-nop-cong-an-dieu-tra-nguoi-dan-ong-sinh-nam-1990-188260416180659674.chn,2026-04-16 19:30:00,2026,4,2026-06-07 05:33:44.867729,017256e5bda8e1686c17c641615cd12f72831c7b6f8da06d17805804c1b93d07,NEW,,0
https://cafef.vn/dung-ai-de-kiem-tra-code-do-ai-viet-startup-duoc-rot-von-9-trieu-usd-188260416163051451.chn,2026-04-16 19:08:00,2026,4,2026-06-07 05:33:44.921037,834a958b10a27cd1af9c96e590601697a803dd479b6360b7e758f26a6c5ab8eb,NEW,,0
https://cafef.vn/apple-gom-sach-chip-nho-khien-microsoft-phai-tang-gia-surface-188260416163137728.chn,2026-04-16 18:30:00,2026,4,2026-06-07 05:33:44.973169,cc21ffc38234d450ba3048c22d0f1492f57a7314f3c252a1be484c3393bdd2cf,NEW,,0
https://cafef.vn/han-quoc-mat-40-nam-trung-quoc-mat-30-nam-nhung-viet-nam-chi-co-5-nam-de-lam-dieu-nay-188260416170211086.chn,2026-04-16 17:51:00,2026,4,2026-06-07 05:33:45.026176,63c5657c8d37ce65a18b778e8027ae3bcde8dbbcda3d34d283dab07e1c310d66,NEW,,0
https://cafef.vn/ai-gia-xang-va-chinh-sach-thue-duoc-nguoi-dung-tim-kiem-nhieu-nhat-trong-quy-i-2026-188260416163440488.chn,2026-04-16 17:48:00,2026,4,2026-06-07 05:33:45.079747,f14fcfc0df9d029601a4b8bc1ef74c4089a1b3d5a82161ff05fbb2c4a94a123f,NEW,,0
https://cafef.vn/coi-ai-nhu-con-nguoi-microsoft-de-xuat-ai-agent-dung-phan-mem-cung-phai-tra-tien-188260416165222305.chn,2026-04-16 17:15:00,2026,4,2026-06-07 05:33:45.133403,4948c74d7172dc7888f2f1c22a25691610c8bc82a87eedcc851094de517f62ca,NEW,,0
https://cafef.vn/nguoi-dung-phu-thuoc-chatgpt-de-tu-van-thue-openai-len-tieng-canh-bao-nong-188260416145242264.chn,2026-04-16 16:25:00,2026,4,2026-06-07 05:33:45.185713,d34c766d178ba75b439c6b076e63fd9394f0df0c1f7f524e3ea91672a580c335,NEW,,0
https://cafef.vn/cong-an-co-thong-bao-quan-trong-toi-nguoi-dan-dang-su-dung-thiet-bi-phat-wifi-nay-18826041522535499.chn,2026-04-16 16:18:00,2026,4,2026-06-07 05:33:45.238304,2ade59c46cb176fbc066612ef856cfd94dc8cca02f125fd481d42cd21c468afa,NEW,,0
https://cafef.vn/nguoi-dan-sap-di-nuoc-ngoai-chu-y-thong-bao-tu-cong-an-188260416154519415.chn,2026-04-16 15:51:00,2026,4,2026-06-07 05:33:45.293528,276ff3beba2cf71f03c81c719f1a7fd1a913b5b6051bd52f7a05803776577f94,NEW,,0
https://cafef.vn/lien-minh-apple-amazon-trong-thuong-vu-1157-ty-usd-starlink-mat-the-doc-ton-188260416140117554.chn,2026-04-16 15:50:00,2026,4,2026-06-07 05:33:45.345581,c6e585942f6aa5794eb0752e43d355bb55d4b51f698d18ed3af6da1311f3edc9,NEW,,0
https://cafef.vn/hieu-pc-canh-bao-so-dien-thoai-hien-thi-tren-man-hinh-chua-chac-la-so-that-dang-goi-188260416152536596.chn,2026-04-16 15:29:00,2026,4,2026-06-07 05:33:45.398263,145f76664a83114b8e15cc21753c37f604a0273a643cad04394b19ec70cc3319,NEW,,0
https://cafef.vn/sau-15-thang-im-lang-lieu-deepseek-v4-co-tro-thanh-bom-tan-ai-hay-se-la-cu-hut-hoi-lon-nhat-cua-trung-quoc-18826041613331455.chn,2026-04-16 15:16:00,2026,4,2026-06-07 05:33:45.450436,798c24d521a739c7d8ec340a000d80494521beb4e2689394c5d0439f90c36d8e,NEW,,0
https://cafef.vn/5000-ty-luot-tim-kiem-hang-trieu-cau-tra-loi-moi-gio-google-ai-dang-hoat-dong-ra-sao-18826041613340835.chn,2026-04-16 14:45:00,2026,4,2026-06-07 05:33:45.521114,7a936282d944a31184f4d5a09b159241ad03d3953b1f64cde9760dec98d6916c,NEW,,0
https://cafef.vn/ban-cu-viec-tu-choi-cookie-big-tech-tha-nop-phat-hang-ty-usd-chu-khong-bo-du-lieu-coi-do-la-chi-phi-kinh-doanh-188260416134104147.chn,2026-04-16 14:10:00,2026,4,2026-06-07 05:33:45.579051,f748d519a7133cc9076e2240fa81586da74ab978debb444bee26211edb61b5e1,NEW,,0
https://cafef.vn/43000-bang-chung-cho-thay-ai-dang-am-tham-danh-truot-nguoi-dung-trong-cac-cuoc-phong-van-va-vay-von-ngan-hang-188260416133455583.chn,2026-04-16 13:37:00,2026,4,2026-06-07 05:33:45.638894,b0dd186c2a94d7bd52f6ef0420f2ed34e6d51891832b503cdca7736acc2d7003,NEW,,0
https://cafef.vn/tat-ca-nguoi-dung-dien-thoai-moi-nhat-cua-samsung-chu-y-mot-tinh-nang-can-bat-ngay-len-de-tranh-lua-dao-188260416105541684.chn,2026-04-16 13:30:00,2026,4,2026-06-07 05:33:45.703687,ca7a874e494052be4c517f9dd4bbc21757ca20767c2264c5a38e7b1ec449c199,NEW,,0
https://cafef.vn/cuu-sinh-vien-bach-khoa-lam-lai-yahoo-chat-trong-2-tuan-nhung-co-mot-thu-khong-the-hoi-sinh-188260416103708196.chn,2026-04-16 10:37:00,2026,4,2026-06-07 05:33:45.758781,4f7f830edea758551fc8d7ba2e1789007fca400f1a6f931ea408766fcb9290a3,NEW,,0
https://cafef.vn/chan-dong-100-trieu-nguoi-dung-dong-loat-roi-bo-google-workspace-tiet-kiem-70-chi-phi-nho-mot-phan-mem-vo-danh-188260416085644419.chn,2026-04-16 10:31:00,2026,4,2026-06-07 05:33:45.815344,7cc9e91fa49a49810c6caf374bf1da3982aa9d1e2d20f6ce3e682179401c7a68,NEW,,0
https://cafef.vn/cuoc-dua-giua-tiktok-shop-va-shopee-ngay-cang-gay-can-188260416091934638.chn,2026-04-16 10:19:00,2026,4,2026-06-07 05:33:45.869035,2975ef60c38b1f329eabb1f5c9d9fb8d122e157641264631fb89b5af9f52c1ad,NEW,,0
https://cafef.vn/ong-truong-gia-binh-fpt-san-sang-giai-nhung-bai-toan-cong-nghe-lon-cua-quoc-gia-188260416091305869.chn,2026-04-16 10:00:00,2026,4,2026-06-07 05:33:45.920798,057d3f38d54dc41bc6a57b0863981561562d949edd70e3de07bfc4a2c20d0726,NEW,,0
https://cafef.vn/chuyen-gia-hieu-pc-canh-bao-chieu-lua-dao-qua-dien-thoai-moi-188260416071931423.chn,2026-04-16 08:39:00,2026,4,2026-06-07 05:33:45.971718,cea14a936d856d9b6fa8666ab5bae7184877c2f722053f8697977e9ccc84aadb,NEW,,0
https://cafef.vn/tat-ca-nguoi-dan-muon-doi-dien-thoai-sau-ngay-15-6-phai-dac-biet-chu-y-quy-dinh-nay-188260416083837572.chn,2026-04-16 08:38:00,2026,4,2026-06-07 05:33:46.024229,5eb9dc62a56052f8313493d01e62d40af3fef678a0ea0da6f10f41db7edb2014,NEW,,0
https://cafef.vn/fpt-ky-hop-dong-ai-hang-chuc-trieu-usd-voi-tap-doan-vat-lieu-hang-dau-the-gioi-co-the-giup-khach-hang-giam-toi-40-chi-phi-trong-vong-3-nam-18826041608312824.chn,2026-04-16 08:31:00,2026,4,2026-06-07 05:33:46.077331,0731763ff221444429888a38eb692efedd099c7c4db6e8aa664af3d10c8bd507,NEW,,0
https://cafef.vn/anthropic-doi-cach-tinh-tien-ky-nguyen-nhan-vien-ai-khong-gioi-han-da-het-chi-phi-ai-cua-doanh-nghiep-co-the-tang-gap-3-18826041607331521.chn,2026-04-16 07:55:00,2026,4,2026-06-07 05:33:46.131536,9575cbef49fa83bc7d2d9ba8dc37aafbd3317ec9d6dd40df88794a10c47f8db3,NEW,,0
https://cafef.vn/tai-khoan-co-khoan-thu-18-ty-dong-nhung-chi-nop-thue-5-cong-an-yeu-cau-nguoi-dan-ong-49-tuoi-len-lam-viec-188260415171924549.chn,2026-04-16 07:00:00,2026,4,2026-06-07 05:33:46.182789,83f46ad6c19f35322b2e454872f509035d081c9dfaefb4ffa84254016759a134,NEW,,0
https://cafef.vn/nen-tang-tuyen-dung-hang-dau-the-gioi-tham-gia-duong-dua-ai-dang-tuyen-viec-nhe-luong-cao-toi-4-trieu-dong-gio-188260415162715705.chn,2026-04-15 22:22:00,2026,4,2026-06-07 05:33:46.235760,ab4890a0d290e636c8c34d156f4a403874d91350879ab2dc58c89a655bcb10a0,NEW,,0
https://cafef.vn/thong-tin-ve-gia-xang-dau-bau-cu-quoc-hoi-chiem-song-bang-xep-hang-tim-kiem-quy-i-2026-188260415173746784.chn,2026-04-15 20:21:00,2026,4,2026-06-07 05:33:46.288036,8121ac775205dc0fab0f2b52ca734fc8b994309724a019678d9d4f265d4b5c96,NEW,,0
https://cafef.vn/khong-con-la-du-bao-xa-xoi-deepfake-ma-doc-lua-dao-tinh-vi-da-thanh-moi-nguy-hien-huu-voi-doanh-nghiep-188260415184826809.chn,2026-04-15 18:54:00,2026,4,2026-06-07 05:33:46.340810,789cc4a0c098602620244ccd60dfc1243186c0b45b982edfd1d2dbe50df2a569,NEW,,0
https://cafef.vn/cong-an-co-thong-bao-quan-trong-toi-nguoi-dan-nhan-duoc-tin-nhan-sms-voi-noi-dung-sau-188260415174121986.chn,2026-04-15 18:47:00,2026,4,2026-06-07 05:33:46.415273,98cc56f0e3a302f2bc2b79f0f3af3e892d910b742953e72819e7f03ce9a28de6,NEW,,0
https://cafef.vn/cong-an-canh-bao-toi-nguoi-dan-dang-su-dung-mien-phi-dich-vu-sau-188260415180525613.chn,2026-04-15 18:05:00,2026,4,2026-06-07 05:33:46.466775,eef5da4d3c9c82c5986c26fb5a4887720d997f8b5f571cd54c0425e74782953f,NEW,,0
https://cafef.vn/ha-noi-thuc-hien-ke-hoach-lon-chua-tung-co-trong-lich-su-188260415153418372.chn,2026-04-15 16:54:00,2026,4,2026-06-07 05:33:46.518118,9e6765d70fd2659ccd50fa60d9e35c1500d457cadccc81b43d9cb162fa7dbd5b,NEW,,0
https://cafef.vn/dau-bep-robot-ai-can-quet-mien-dong-trung-quoc-quet-mat-phan-tich-luoi-thuc-khach-de-len-mon-188260415160512598.chn,2026-04-15 16:52:00,2026,4,2026-06-07 05:33:46.589992,a8f76a96b5b21c1af75f65cdbf72a8eaf679c14dbefe140859e7f39832def869,NEW,,0
https://cafef.vn/dung-nhieu-sim-nhung-chi-dang-ky-vneid-mot-so-dien-thoai-lieu-co-bi-khoa-sim-188260415143241058.chn,2026-04-15 16:16:00,2026,4,2026-06-07 05:33:46.651622,dd67b6cd23ababb393af8460c71a9a2942e56c6a5615d177c237db8c4a2836a1,NEW,,0
https://cafef.vn/khuyen-mai-hay-niem-tin-chien-luoc-nao-giup-doanh-nghiep-giu-tang-truong-sau-mua-cao-diem-18826041515013853.chn,2026-04-15 15:45:00,2026,4,2026-06-07 05:33:46.703994,9c0aab8f8384a4740d60ebfe1286d20cb6512405ff3c3acf78300552f8149056,NEW,,0
https://cafef.vn/mark-zuckerberg-phat-trien-ban-sao-ai-thay-minh-dieu-hanh-meta-188260415131152078.chn,2026-04-15 15:35:00,2026,4,2026-06-07 05:33:46.758451,bcda19fad2e400af6e731fe50ea1c66ab2b27e6359b69bb801bf4f629fb27550,NEW,,0
https://cafef.vn/can-lam-gi-neu-khong-thay-muc-truy-cap-chuc-nang-tren-vneid-de-xac-thuc-sim-188260415143531728.chn,2026-04-15 15:16:00,2026,4,2026-06-07 05:33:46.812468,c26ecd00c7928531b380cdfec6a2d337dcda9546af79d4f9e2257d9dbc6d6e1b,NEW,,0
https://cafef.vn/tin-tuong-ai-100-la-sai-lam-bai-hoc-dat-gia-tu-nhung-vu-ao-giac-gay-chan-dong-gioi-cong-nghe-188260415101850409.chn,2026-04-15 14:45:00,2026,4,2026-06-07 05:33:46.881625,c3089799bcbc49182c8896dec230dbca2f419b510d6e7ec1ae827333f40fee7f,NEW,,0
https://cafef.vn/pho-thu-tuong-ho-quoc-dung-hoan-thien-the-che-xay-dung-dau-tau-cong-nghe-de-lam-chu-camera-ai-188260415131430704.chn,2026-04-15 14:25:00,2026,4,2026-06-07 05:34:42.343985,6f7c7bd6a5f9603dd83579fd88abbb741986e44640f2b671c4b8c2dcbde845a0,NEW,,0
https://cafef.vn/tin-vui-danh-rieng-cho-nguoi-dung-gemini-tai-viet-nam-188260415135255378.chn,2026-04-15 13:52:00,2026,4,2026-06-07 05:34:42.397768,1acabcbe456634d9c6ef89eb60d345f8e444cf8766ec448457ebcad091f1aa91,NEW,,0
https://cafef.vn/tin-trung-thuong-18-ti-dong-nguoi-dan-ong-o-gia-lai-mat-hon-368-trieu-dong-18826041513195374.chn,2026-04-15 13:50:00,2026,4,2026-06-07 05:34:42.449939,c6475c4ea03d660a9287f90971dd67cc30f66857d86a4b34287e80919a825697,NEW,,0
https://cafef.vn/xuat-hien-thu-nhap-tu-doanh-nghiep-khong-quen-biet-tren-etax-mobile-nguoi-dan-can-lam-gi-co-quan-thue-huong-dan-xu-ly-188260415113623884.chn,2026-04-15 13:07:00,2026,4,2026-06-07 05:34:42.501555,88665211c4f69084cff51c25ff24f0ad286ccaefccbd7952826a5da82494f1ed,NEW,,0
https://cafef.vn/vi-sao-ceo-nvidia-noi-chuc-cac-ban-gap-nhieu-dau-kho-188260415130403641.chn,2026-04-15 13:03:00,2026,4,2026-06-07 05:34:42.552599,9196ca334408890e1ab2ec6b331f615b3ba5b03a50ee891046c96e53261753b0,NEW,,0
https://cafef.vn/mot-tap-doan-tai-chinh-noi-tieng-bi-hack-trong-18-phut-vi-ai-10000-cuoc-hoi-thoai-cung-hang-ty-giao-dich-va-thong-tin-nhay-cam-bi-tiet-lo-18826041511061045.chn,2026-04-15 11:17:00,2026,4,2026-06-07 05:34:42.604288,bdf42779716da178029a3499ce25e718e8a78230a76307f829f6777a2745dc8f,NEW,,0
https://cafef.vn/ban-co-dang-la-nan-nhan-cua-chieu-tro-bat-coc-nut-back-google-cong-bo-an-phat-nang-cho-cac-web-vi-pham-188260415102009966.chn,2026-04-15 10:52:00,2026,4,2026-06-07 05:34:42.657340,f38f8ee29f07bdf85262e0d4dcd81ce12242c91f47ba4310c3d195590ae4d36b,NEW,,0
https://cafef.vn/nhieu-nhan-vien-my-van-khong-muon-dung-ai-trong-cong-viec-188260415093559524.chn,2026-04-15 10:17:00,2026,4,2026-06-07 05:34:42.709847,cd8ea42c68e8cb4eae6587ae9c424a8aebacbcb491cce04791b05313bbc0011b,NEW,,0
https://cafef.vn/huong-dan-cach-xac-thuc-sinh-trac-hoc-voi-thue-bao-di-dong-188260415091900603.chn,2026-04-15 09:45:00,2026,4,2026-06-07 05:34:42.760992,9628e15ebf87d5a9b68a4e11b80404b810ba1ece7e02ff4ed3c213cc5d21adc8,NEW,,0
https://cafef.vn/chinh-thuc-tu-hom-nay-nhung-nguoi-sau-phai-xac-nhan-sim-chinh-chu-tren-ung-dung-vneid-188260415091609586.chn,2026-04-15 09:15:00,2026,4,2026-06-07 05:34:42.811628,beaaabb6c79cb1cd1914ba8b2bbb55c2ad977227e697e0cdd691a143f2259116,NEW,,0
https://cafef.vn/tu-mai-nhan-duoc-thong-bao-nay-tren-vneid-nguoi-dan-thuc-hien-ngay-viec-sau-de-tranh-bi-khoa-sim-188260414115341159.chn,2026-04-15 09:11:00,2026,4,2026-06-07 05:34:42.867032,317e8318518ea0bdbc5e0f3e16e9ad60b19f11dfc6e600dd27d1e4446f3171bd,NEW,,0
https://cafef.vn/buoc-tien-moi-ve-cong-nghe-trong-don-gian-hoa-quan-ly-va-van-hanh-toa-nha-thong-minh-188260415100522262.chn,2026-04-15 09:04:00,2026,4,2026-06-07 05:34:42.919521,3d201701d4c7ba13c3962cb3b46f70bdd9b323b39e6c2788edfc1d4c230e0475,NEW,,0
https://cafef.vn/phat-hien-khoang-85-giao-dich-voi-tong-so-tien-hon-6-trieu-dong-thanh-nien-sn-2004-2007-bi-khoi-to-tam-giam-188260415085205286.chn,2026-04-15 08:57:00,2026,4,2026-06-07 05:34:42.974850,f19f750cb08ba680bcd2bc2001ace0453c0ed8d972ef298518deb93d780aa82c,NEW,,0
https://cafef.vn/cuoc-dua-ai-viet-code-188260415081054026.chn,2026-04-15 08:32:00,2026,4,2026-06-07 05:34:43.026800,63485be8d490d95a4d6970669c42e70c7cff04ceeb35b76a1b7467fe0a4da11d,NEW,,0
https://cafef.vn/ai-chuyen-dang-chuyen-nham-duoc-ty-phu-cong-nghe-tang-50000-usd-6-thang-sau-vi-crypto-cua-no-bien-thanh-40-trieu-usd-188260414210054167.chn,2026-04-15 07:58:00,2026,4,2026-06-07 05:34:43.077639,3198f2fb2a76d209d5547b654a140bd63b2dc3274754bd0698a6d9a64906aeae,NEW,,0
https://cafef.vn/de-xuat-thay-doi-cach-tra-cuu-phat-nguoi-188260415072657694.chn,2026-04-15 07:26:00,2026,4,2026-06-07 05:34:43.198718,9a8e446d614d8310800fc12c59c8524edc099b02b5ef7f8a1878384f884ea074,NEW,,0
https://cafef.vn/truong-hop-nao-se-bi-khoa-sim-dien-thoai-tu-15-4-188260414200710748.chn,2026-04-14 21:30:00,2026,4,2026-06-07 05:34:43.306199,fbeb6600e0153fffa1675f5ffc83263f5d03988c6092ec2d2f54d344dd246d6d,NEW,,0
https://cafef.vn/khi-nhung-ga-khong-lo-kinh-te-nhat-ban-cung-lam-ai-canh-bac-vao-mo-hinh-1000-ty-tham-so-cua-softbank-lieu-co-lam-rung-chuyen-thung-lung-silicon-188260414185659035.chn,2026-04-14 20:51:00,2026,4,2026-06-07 05:34:43.363256,af9866a80a62768bcb67f23fdbe197946de930c84640d8d4045973575baecd4a,NEW,,0
https://cafef.vn/tu-30000-xuong-1000-nhan-dan-te-con-sot-thue-robot-o-trung-quoc-nguoi-lanh-sau-bung-no-188260414185821988.chn,2026-04-14 19:50:00,2026,4,2026-06-07 05:34:43.430633,91d6dcc18b8e59c3b5dd513732322bf6b3ad0eeba6e87779bb7f9c5ac92bdcf9,NEW,,0
https://cafef.vn/mark-zuckerberg-tao-ban-sao-ai-cua-chinh-minh-de-di-hop-voi-nhan-vien-188260414165811935.chn,2026-04-14 17:30:00,2026,4,2026-06-07 05:34:43.483289,27fa6f07724d210716d88855eb20c4158c1b42445e4baa17d32c145c06960d27,NEW,,0
https://cafef.vn/sau-khi-chuyen-khoan-thanh-cong-355695000-dong-nguoi-dan-ong-sn-1996-o-ha-noi-kiem-tra-tai-khoan-roi-voi-bao-cong-an-188260414165419807.chn,2026-04-14 16:57:00,2026,4,2026-06-07 05:34:43.537779,80321351dca313e980d8851e2dd422a82ff7838467df4c6b86c0c5a1c4849363,NEW,,0
https://cafef.vn/google-giup-ai-dung-it-ram-hon-nhung-thi-truong-bo-nho-lai-tang-truong-manh-188260414145828997.chn,2026-04-14 16:45:00,2026,4,2026-06-07 05:34:43.602002,c5653a343e9e25f7ec490dda6bf1db284e3a5eee7d60343f407fa5a894a3dac0,NEW,,0
https://cafef.vn/robot-trung-quoc-chay-100m-chi-mat-10-giay-188260414164451379.chn,2026-04-14 16:44:00,2026,4,2026-06-07 05:34:43.659491,aad67ac2990490ccd77e4ee396dbf4363c25d753f6a8cbd9a42ed576ac82cb04,NEW,,0
https://cafef.vn/nguoi-dan-co-bao-hiem-xa-hoi-can-dac-biet-chu-y-thong-tin-sau-18826041416160648.chn,2026-04-14 16:21:00,2026,4,2026-06-07 05:34:43.715207,cfc78e2b2956a2f292b4d2a8d43084e75ec66eb8942ed324b99c9d6a3dee0a5d,NEW,,0
https://cafef.vn/claude-len-ngoi-chatgpt-tut-doc-18826041415193082.chn,2026-04-14 16:10:00,2026,4,2026-06-07 05:34:43.776820,b0fdb7c67ed5b5bcd8678a79db95bce8d975493a30034690ffa0d07920c66ced,NEW,,0
https://cafef.vn/hang-trieu-chu-thue-bao-viettel-luu-y-188260414153414937.chn,2026-04-14 15:33:00,2026,4,2026-06-07 05:34:43.834110,560e66cd48c581eee6307574ff0f54951298ca3728a8cea33f205fee86fe88a9,NEW,,0
https://cafef.vn/tu-choi-tra-tien-chuoc-rockstar-chung-minh-nuoc-co-cao-tay-hacker-tung-he-tat-ca-nhung-van-ra-ve-tay-trang-188260414142228654.chn,2026-04-14 15:20:00,2026,4,2026-06-07 05:34:43.887294,96926565b06142a87a4dce7d3ba6649680a47e89c776dc1ba2ee63b700a65e88,NEW,,0
https://cafef.vn/tu-dinh-cao-den-bo-vuc-thung-lung-silicon-tung-dan-dat-cong-nghe-gio-bi-the-luc-ai-moi-vuot-mat-cu-quay-xe-khien-ca-the-gioi-choang-vang-188260414142413681.chn,2026-04-14 14:48:00,2026,4,2026-06-07 05:34:43.946169,eb7f1833eec704446bd2c0feb5e57d06fc76caf5eb87307df7d0fc3ce263450b,NEW,,0
https://cafef.vn/etax-mobile-chi-hien-thi-thong-tin-quyet-toan-thue-tu-2021-2025-lam-sao-de-tra-cuu-qua-trinh-dong-thue-cua-nhung-nam-truoc-do-188260414135050198.chn,2026-04-14 14:15:00,2026,4,2026-06-07 05:34:43.997075,eef2b81fc9fb7a3a724ba382d497fce778bcfbdd40eac26c03240e53fd63dbbd,NEW,,0
https://cafef.vn/nguoi-su-dung-sim-viettel-va-mobifone-chu-y-can-thuc-hien-ngay-nhung-dieu-nay-de-khong-bi-khoa-sim-188260414135438099.chn,2026-04-14 13:54:00,2026,4,2026-06-07 05:34:44.050478,dcb9f1dd93f8fb59cc23c607551f423a08e5e0401c3358b3d6676b75e5c35767,NEW,,0
https://cafef.vn/nvidia-sap-mua-lai-hang-pc-lon-sau-hon-mot-nam-dam-phan-188260414131456621.chn,2026-04-14 13:33:00,2026,4,2026-06-07 05:34:44.104491,3b15de741d9ff6e8ef2832abf9ba3cbd887c5198ede607daadc62fba72fafef3,NEW,,0
https://cafef.vn/mang-chip-nho-cua-samsung-dat-doanh-thu-ky-luc-vuot-ca-amazon-va-microsoft-188260414071834332.chn,2026-04-14 11:44:00,2026,4,2026-06-07 05:34:44.157686,f840a42837bf3ac4f8f6ee57e67de922bad29ef99541c0330c1f91df9c729456,NEW,,0
https://cafef.vn/co-gi-o-mo-hinh-ai-dau-tien-do-biet-doi-sieu-tri-tue-cua-meta-phat-trien-188260414102036647.chn,2026-04-14 11:11:00,2026,4,2026-06-07 05:34:44.209066,ad1dfbe4c9eec2969980e172a96f6954cdfeaffa8259f922a4575caf3b7461d8,NEW,,0
https://cafef.vn/chuyen-gia-tai-van-phong-lien-hop-quoc-canh-bao-nan-lua-dao-moi-tan-cong-sieu-toc-lay-nhiem-hang-trieu-thiet-bi-khien-mot-nguoi-mat-sach-tien-sau-cu-dien-thoai-188260414095440939.chn,2026-04-14 09:54:00,2026,4,2026-06-07 05:34:44.262401,dc96d9e7f1a2caa26ac77e87b5e5a19a8a61ccd02686e61a4193718c02c92fb1,NEW,,0
https://cafef.vn/cong-nghe-14-4-robot-dau-vo-tai-hong-kong-booking-bi-tan-cong-188260414092507732.chn,2026-04-14 09:41:00,2026,4,2026-06-07 05:34:44.314423,38323bdb1ac159f50c84af8725c550ca7017e8ad32c8a53d67b0ab2fe4360872,NEW,,0
https://cafef.vn/5000-ty-usd-358-nha-may-va-1-chip-ai-canh-bac-lon-nhat-the-ky-cua-elon-musk-tieu-ton-hon-70-ngan-sach-my-188260414080606157.chn,2026-04-14 08:38:00,2026,4,2026-06-07 05:34:44.366413,92b6e8df9a715c74395c0307e7f4f711345ce10a7f19ede7e8b031e2af2a263f,NEW,,0
https://cafef.vn/phan-tich-6852-phien-lam-viec-giam-doc-ai-cua-amd-canh-bao-claude-code-ngoc-hon-va-luoi-bieng-hon-khong-con-dang-tin-cho-cac-tac-vu-phuc-tap-188260414065842137.chn,2026-04-14 08:14:00,2026,4,2026-06-07 05:34:44.417399,3714f7ac763dd88bb1a72e75048e26255e3ce251f49a6e623bbe8db793091d73,NEW,,0
https://cafef.vn/ajinomoto-noi-tieng-vi-bot-ngot-nhung-dang-nam-diem-nghen-cua-chip-ai-188260413224945243.chn,2026-04-13 22:49:00,2026,4,2026-06-07 05:34:44.484347,4a4f3c0b6b08fb327aef4a8dd11d1ed538f235a4d30734a5feafb9663b5f55dd,NEW,,0
https://cafef.vn/cong-an-canh-bao-toi-nguoi-dan-co-giao-dich-dat-coc-chuyen-khoan-voi-noi-dung-sau-188260413175439426.chn,2026-04-13 18:55:00,2026,4,2026-06-07 05:34:44.538477,1040dc95ea88b2d4ea214ac0e4998bf8f56191aef4c3b3573221bea00957f145,NEW,,0
https://cafef.vn/phat-hien-tai-khoan-ngan-hang-phat-sinh-giao-dich-10-trieu-dong-cong-an-moi-sung-thi-ke-len-lam-viec-188260413173757142.chn,2026-04-13 18:17:00,2026,4,2026-06-07 05:34:44.592842,dac7fe0e55a96e1450c8261cd686b083a22896cbe4bbc4f1a44a1148c3c12b1c,NEW,,0
https://cafef.vn/nhan-vien-nghi-viec-cong-ty-tao-phien-ban-ai-lam-thay-gay-tranh-cai-gay-gat-188260413161036467.chn,2026-04-13 17:45:00,2026,4,2026-06-07 05:34:44.646231,fc31e475a5cd001e9f953aaf5a40fb04a51874092e0153b010ad73bdfc5ffb5f,NEW,,0
https://cafef.vn/tu-15-4-se-xac-thuc-sim-chinh-chu-thong-qua-vneid-188260413161126387.chn,2026-04-13 17:10:00,2026,4,2026-06-07 05:34:44.699522,0f2e0a4e07e09c3e5d31a335e79a4782d2f0307f84676b6c474ccad001c95dcb,NEW,,0
https://cafef.vn/bat-dau-hieu-duoc-cach-dieu-khien-electron-theo-y-muon-bi-an-100-nam-trong-moi-con-chip-cua-intel-amd-nvidia-dan-duoc-he-lo-188260413135722358.chn,2026-04-13 16:00:00,2026,4,2026-06-07 05:34:44.753606,9e5c46e3518ae6e7640d38b3579beb22edbdd2760d371f7fbe14be493edaf614,NEW,,0
https://cafef.vn/chat-luong-dien-nang-diem-mu-dang-anh-huong-truc-tiep-den-hieu-qua-san-xuat-188260413154519958.chn,2026-04-13 15:45:00,2026,4,2026-06-07 05:34:44.807922,eeb5184388a677430d0f76978ce99f8bf8d0b278959283b6aefa93ba159a6dcf,NEW,,0
https://cafef.vn/140-nghin-ty-ciyuan-trung-quoc-vuot-mat-my-ve-muc-do-ua-chuong-mo-hinh-ai-87-nguoi-dan-tin-vao-cong-nghe-moi-188260413131715126.chn,2026-04-13 15:25:00,2026,4,2026-06-07 05:34:44.859287,624b888881b0f4c08a4765d1bf8fa63a06f5d6fb0b2575f6b4937d36aed7382d,NEW,,0
https://cafef.vn/quai-vat-ai-qua-nguy-hiem-nen-anthropic-khong-dam-cong-khai-chuyen-gia-bao-mat-vao-cuoc-va-tuyen-bo-chi-la-chieu-tro-marketing-188260413132106778.chn,2026-04-13 14:57:00,2026,4,2026-06-07 05:35:42.631826,373814d2e6cf4bcad7143a7939abe63e577c3463716823ed6a1d4f8c1891ba16,NEW,,0
https://cafef.vn/ky-lan-cong-nghe-cua-trung-quoc-tung-vu-khi-toi-mat-mo-duong-cho-ky-nguyen-hop-nhat-nao-nguoi-va-may-moc-188260413132006996.chn,2026-04-13 14:47:00,2026,4,2026-06-07 05:35:42.686532,4991cd47d07c066ac5515e4919a1fc339472d598fe8874ccf6c8e23ab4bc6981,NEW,,0
https://cafef.vn/cong-an-canh-bao-khan-nguy-co-lo-rao-ban-clip-nhay-cam-tu-camera-gia-dinh-188260413133412167.chn,2026-04-13 14:14:00,2026,4,2026-06-07 05:35:42.738538,730aa6f6e11f42c3cdec148116bd49422d5f25149339ec7b87b73f099d1e3419,NEW,,0
https://cafef.vn/chuyen-gi-day-hang-loat-nhan-tai-ai-trung-quoc-roi-my-ve-que-huong-ty-le-du-hoc-sinh-tinh-hoa-lao-doc-tu-50-xuong-20-188260413131823688.chn,2026-04-13 13:33:00,2026,4,2026-06-07 05:35:42.790800,f301cd709f499a673b397d97af219d57b978e7cb927e975af9a1f8d341e88815,NEW,,0
https://cafef.vn/giai-dau-esports-nation-cup-2026-cong-bo-danh-sach-16-bo-mon-thi-dau-chinh-thuc-co-hoi-nao-cho-tuyen-viet-nam-188260413115907482.chn,2026-04-13 11:58:00,2026,4,2026-06-07 05:35:42.845244,56ebc2e5facb2293528aa98877bc88c1974d4a8a100b38d4e7592e8182599c72,NEW,,0
https://cafef.vn/canh-cua-moi-giup-sinh-vien-viet-den-thang-thung-lung-silicon-cua-han-quoc-hien-thuc-hoa-giac-mo-50000-ky-su-ban-dan-vao-nam-2030-188260413112530088.chn,2026-04-13 11:25:00,2026,4,2026-06-07 05:35:42.897761,48a8142212d15c369b674e5f31c9d045cf46c9616a0228153c2a42d20b434cc7,NEW,,0
https://cafef.vn/mot-click-co-ngay-ky-nang-nhu-steve-job-du-an-ai-voi-chi-4-tieng-hoan-thien-dang-gay-bao-mang-tai-trung-quoc-188260413104609722.chn,2026-04-13 11:00:00,2026,4,2026-06-07 05:35:42.951611,b658c06ddaf97c30bf29211d7cd1f71f5577489c1e0e14027890af630e645b31,NEW,,0
https://cafef.vn/chi-250000-usd-nam-cho-ai-hoac-bi-dao-thai-loi-canh-bao-dat-gia-tu-ceo-nvidia-khi-98-lap-trinh-vien-dang-dung-cong-cu-ho-tro-thay-vi-code-tay-188260413095703031.chn,2026-04-13 10:11:00,2026,4,2026-06-07 05:35:43.004570,77b97f99a3f4e0b20406ed6fe07b758d6300df1213f5f4e74853277c96a5623c,NEW,,0
https://cafef.vn/cong-nghe-13-4-youtube-tang-gia-tai-my-openai-ra-mat-goi-chatgpt-pro-188260413085954161.chn,2026-04-13 09:09:00,2026,4,2026-06-07 05:35:43.056585,0b28844a86281d126a61033a135c3f7c0b380d0f20fcdc45ef7aac5b27044a4d,NEW,,0
https://cafef.vn/dap-tan-ao-tuong-ai-cuop-viec-cu-lat-keo-ngoan-muc-tai-nhat-ban-chung-minh-nguoi-nam-giu-ho-chieu-ai-moi-la-ke-chien-thang-188260413072950347.chn,2026-04-13 08:36:00,2026,4,2026-06-07 05:35:43.108968,553727129f571549f76d9a50dda6ae3b6b3ed9ae0a328ae3aa5ccbfbd3e8b9ef,NEW,,0
https://cafef.vn/dau-nam-2026-80000-nhan-vien-cong-nghe-mat-viec-mot-nua-la-vi-ai-188260413070726143.chn,2026-04-13 07:59:00,2026,4,2026-06-07 05:35:43.177798,ea5e1804714c53be18b6de427bc0f6962ad2faa9caae83cecdc62327545641cc,NEW,,0
https://cafef.vn/chi-voi-1-thuat-toan-tiet-kiem-chi-phi-ai-gap-8-lan-google-khien-gioi-san-xuat-chip-lo-so-nhung-samsung-lai-dap-tra-bang-con-so-khong-tuong-188260413071356036.chn,2026-04-13 07:29:00,2026,4,2026-06-07 05:35:43.236880,c1a713a20363111a480902f85b5a2dedb13a54feb3afd4d63b5895c4cc408267,NEW,,0
https://cafef.vn/vuot-xa-moi-du-bao-tsmc-can-moc-doanh-thu-357-ty-usd-nho-mo-vang-ai-188260412173053973.chn,2026-04-12 17:55:00,2026,4,2026-06-07 05:35:43.289523,9297b98fa5f36d506dc2c3fecf2a2eb9d7d6ded02b3b4deef540b486626ae5e1,NEW,,0
https://cafef.vn/qwen-cua-alibaba-sap-dat-1-ty-luot-tai-bo-xa-moi-doi-thu-cong-lai-188260412164603691.chn,2026-04-12 17:17:00,2026,4,2026-06-07 05:35:43.339869,79bcf8fe3e7ddbb1bc43dbffd2b7e20a6164f8a57d985451640d0a5c3d24df4c,NEW,,0
https://cafef.vn/cham-dut-thoi-dai-tac-duong-trung-quoc-phat-trien-thi-truong-taxi-bay-300-ty-usd-di-xuyen-thanh-pho-chi-mat-vai-phut-188260412155733662.chn,2026-04-12 16:25:00,2026,4,2026-06-07 05:35:43.394475,9ca884ff3421e90a16867765385c950a3128978d27ef4a12c4f897b109310ca8,NEW,,0
https://cafef.vn/chua-tung-co-nhan-vien-1-tap-doan-ban-dan-noi-tieng-co-the-sap-nhan-thuong-25-ty-dong-nguoi-188260412150353277.chn,2026-04-12 15:29:00,2026,4,2026-06-07 05:35:43.447748,32f836a6e0cbfc938d5236cc174c74dab595368afbd5e0951764f2cda2db1cad,NEW,,0
https://cafef.vn/nvidia-va-cu-no-1000-ty-usd-jensen-huang-tuyen-bo-thoi-diem-buoc-ngoat-da-toi-188260412130357277.chn,2026-04-12 14:27:00,2026,4,2026-06-07 05:35:43.500836,2a87bf9c62d73e595d577097a895a80a5c5faf98129e6f78f11cd6bc25ae1fc2,NEW,,0
https://cafef.vn/cong-an-co-thong-bao-quan-trong-toi-tat-ca-nhung-ai-dang-su-dung-ung-dung-sau-188260412132215888.chn,2026-04-12 13:51:00,2026,4,2026-06-07 05:35:43.552511,63b38c177abaa57d42bc3b45c1c84a1a89ef09323885888e5acf23fffdf13a8e,NEW,,0
https://cafef.vn/thu-tuong-phat-trien-vneid-thanh-kenh-giao-tiep-giua-nha-nuoc-voi-nguoi-dan-188260412131326876.chn,2026-04-12 13:33:00,2026,4,2026-06-07 05:35:43.605969,bca915a0c52c31fcea85a5f1769f5c50926fc8141278d7767c0a63e09e79d19d,NEW,,0
https://cafef.vn/tai-khoan-mb-bank-co-giao-dich-1-ty-dong-nguoi-dan-ong-sn-1987-kiem-tra-ra-soat-cac-moi-quan-he-roi-bao-cong-an-188260412102204765.chn,2026-04-12 11:23:00,2026,4,2026-06-07 05:35:43.666363,ea679389d8da483d59dd45ffe67e7fd8e286b1535c9c38e97e3c6c2547ddc7b3,NEW,,0
https://cafef.vn/cuc-truong-c06-vneid-duoc-danh-gia-tieu-bieu-nhat-va-dam-bao-ve-bao-mat-188260412102844724.chn,2026-04-12 11:12:00,2026,4,2026-06-07 05:35:43.752473,bd2f5bf5257f9abcb301fdd3a1a25cd853d227d772c25fb214226884052cd22e,NEW,,0
https://cafef.vn/vu-khi-bi-mat-cua-nhat-ban-mot-cong-ty-thuc-pham-chiem-chua-day-01-gia-chip-nhung-co-the-lam-te-liet-nvidia-188260412102558306.chn,2026-04-12 10:26:00,2026,4,2026-06-07 05:35:43.824072,230df38675ed69efc52463f86d2a9e04d8f7e998158a94eba032dd058ec9aac3,NEW,,0
https://cafef.vn/hai-ra-tien-tu-quang-cao-chatgpt-openai-bo-tui-100-trieu-usd-sau-2-thang-nuoi-tham-vong-de-che-100-ty-usd-188260412091039811.chn,2026-04-12 09:33:00,2026,4,2026-06-07 05:35:43.879455,33824143859cde0c77efa696d41368cc2789a8c0e53752bda63d8e9ca25a3d40,NEW,,0
https://cafef.vn/anthropic-phai-khoa-model-ai-manh-nhat-vi-qua-gioi-lo-so-lan-song-tan-cong-mang-cua-may-moc-188260412071005224.chn,2026-04-12 08:53:00,2026,4,2026-06-07 05:35:43.932216,96c65659deb832397ebec1afbb8f6f9ad0f2ac7b8dae8091bcb5c7b82edb583d,NEW,,0
https://cafef.vn/bo-tai-chinh-my-va-fed-hop-khan-vi-mot-san-pham-ai-ngay-tan-cua-nganh-phan-mem-an-ninh-mang-co-dang-den-188260412072720811.chn,2026-04-12 07:31:00,2026,4,2026-06-07 05:35:43.985845,72d5c22730b073cd53ede3dc58b28b747d460b553ffe6eefb9781800e7df16a7,NEW,,0
https://cafef.vn/ky-nguyen-gdi-thay-the-gdp-dang-den-my-chiem-75-suc-manh-ai-tren-the-gioi-188260411224800051.chn,2026-04-11 23:00:00,2026,4,2026-06-07 05:35:44.037999,fcb1ade3db4224df57577474af45f1e283db1f4b1795454de19ff0f975a3301f,NEW,,0
https://cafef.vn/tai-khoan-co-nhieu-giao-dich-lien-tiep-len-toi-700-trieu-dong-cong-an-dieu-tra-mot-nguoi-dan-o-ha-noi-188260411141656133.chn,2026-04-11 22:41:00,2026,4,2026-06-07 05:35:44.091048,44bdec7bc746eba1f8b5c8fc5c94ab790a2ffa589de666e870dca51562b492a0,NEW,,0
https://cafef.vn/meta-ai-vot-len-top-5-app-store-my-chi-sau-mot-dem-188260411132652718.chn,2026-04-11 17:30:00,2026,4,2026-06-07 05:35:44.144482,e0a074f189b89b4341237c68a27a1c04b10e7fd17e9049cbeba5728241a2e0d1,NEW,,0
https://cafef.vn/openai-ra-goi-100-usd-thang-nham-thang-vao-nguoi-dung-claude-188260411132753513.chn,2026-04-11 16:29:00,2026,4,2026-06-07 05:35:44.199435,53f45795414c4821a3edf157b98618ad11c2d74f45678f5841d77204c7171645,NEW,,0
https://cafef.vn/cong-an-phat-thong-bao-nong-lien-quan-den-so-dien-thoai-nguoi-dan-dac-biet-chu-y-188260411151816673.chn,2026-04-11 15:57:00,2026,4,2026-06-07 05:35:44.252716,53cbe9237ab651aac36efc1fbb2ded51d07982f17b12f791d188cba94b9ce582,NEW,,0
https://cafef.vn/thay-doi-moi-tren-zalo-ma-tat-ca-nguoi-dung-can-biet-keo-lo-quyen-loi-188260411152041104.chn,2026-04-11 15:48:00,2026,4,2026-06-07 05:35:44.305220,02ba534bcc754c6da20feab556f05253b2addbea5ff7c257444d6e2664ee101f,NEW,,0
https://cafef.vn/nhan-dien-rui-ro-va-bay-nghe-nghiep-trong-nganh-blockchain-188260411144527627.chn,2026-04-11 15:43:00,2026,4,2026-06-07 05:35:44.356589,74ff7d74294cbbc9fa4727510a0541cbe64c4094ae6843e413624e547713b6c0,NEW,,0
https://cafef.vn/cach-nhan-50000-dong-tu-nha-mang-viettel-188260411152237217.chn,2026-04-11 15:31:00,2026,4,2026-06-07 05:35:44.408915,75668731013a96006ee44f990f8068737d1874971b348cd3a40086e6a08e697e,NEW,,0
https://cafef.vn/deepseek-v4-tro-lai-sau-1-nam-o-an-cu-tat-vao-the-doc-quyen-cua-nvidia-va-loi-canh-bao-danh-thep-toi-openai-188260411125639969.chn,2026-04-11 15:28:00,2026,4,2026-06-07 05:35:44.464270,02c9f7df6db858dc48113849ba451272a5a3e966e332c6e7527b0136f3fe5c09,NEW,,0
https://cafef.vn/openai-tung-dat-ten-bi-danh-cho-model-ai-cua-minh-theo-dung-thu-ma-no-khong-lam-duoc-18826041112583389.chn,2026-04-11 14:27:00,2026,4,2026-06-07 05:35:44.518475,7bbe58900b00bc375e3b11ad1804d7bbb753f1c478e7b7805cf0ba65fcadaf60,NEW,,0
https://cafef.vn/cong-an-phat-canh-bao-khan-toi-tat-ca-gia-dinh-dang-lap-camera-trong-nha-188260411142032573.chn,2026-04-11 14:24:00,2026,4,2026-06-07 05:35:44.571575,09a39cf57aa0f0f9e2d73dad84e88767fdf4675f9ae457d42f28cf0a6c417b76,NEW,,0
https://cafef.vn/tien-ich-chua-tung-co-tat-ca-cac-ho-kinh-doanh-hay-cap-nhat-ngay-188260411111726934.chn,2026-04-11 11:45:00,2026,4,2026-06-07 05:35:44.623283,fc96a84addd7abdf5d633669b63346076b08cfb2c69a7f9eb61ca94fa042d7d3,NEW,,0
https://cafef.vn/mat-50-thi-phan-vao-tay-huawei-hang-cong-nghe-34-ty-usd-giai-tan-nhom-rd-sa-thai-419-nguoi-trong-mot-ngay-qua-email-188260411111600503.chn,2026-04-11 11:41:00,2026,4,2026-06-07 05:35:44.676420,28983c7b4217b4c236f97bf4153c793b943658e760624f62e5f2b479d49ee1a2,NEW,,0
https://cafef.vn/gen-z-dung-meme-tim-ra-mang-botnet-lon-nhat-the-gioi-giai-cuu-hai-trieu-thiet-bi-dien-tu-dang-bi-hack-188260410165119481.chn,2026-04-11 10:36:00,2026,4,2026-06-07 05:35:44.728901,752950581bc38c002c809e753af256cf9ac3f0fd76d8e24d745d2dbe4af335db,NEW,,0
https://cafef.vn/muon-biet-so-dien-thoai-co-thuoc-dien-se-bi-khoa-sim-vao-tuan-sau-hay-khong-nguoi-dan-thuc-hien-ngay-nhung-buoc-nay-tren-vneid-188260411103343908.chn,2026-04-11 10:31:00,2026,4,2026-06-07 05:35:44.794602,30ee2eef1de66f6221a8ea0c143f6a1f52c769817b03125321a86dbd159908c2,NEW,,0
https://cafef.vn/mua-hang-online-coi-chung-tu-re-hoa-dat-188260411073451486.chn,2026-04-11 09:21:00,2026,4,2026-06-07 05:35:44.848597,27c9eaabdd67fec522cbe2ea614ae0f9343079c69bfb6806bfb316ddd3acce25,NEW,,0
https://cafef.vn/nguoi-dung-to-bi-ep-xem-quang-cao-90-giay-khong-the-bo-qua-youtube-noi-gi-188260411072602212.chn,2026-04-11 08:52:00,2026,4,2026-06-07 05:35:44.902458,a67d136b01e10bc5cbc9b967d5a8b1faad3d2284f368002af6b9f5037d1b0511,NEW,,0
https://cafef.vn/trieu-tap-doi-tuong-chuyen-lap-tai-khoan-ngan-hang-de-ban-188260411073733938.chn,2026-04-11 08:24:00,2026,4,2026-06-07 05:35:44.955395,b2754ad122a9d882d5dfd3682c482dd61425ec081f9e05fee8af979d6e2ce1c8,NEW,,0
https://cafef.vn/startup-vo-danh-70-nguoi-duoc-dinh-gia-325-ty-usd-khien-openai-va-google-phai-run-so-188260410165332808.chn,2026-04-10 17:47:00,2026,4,2026-06-07 05:35:45.008711,233eae3c8f704143c9015cd91f86e6fe338dc52db4aaf455527decd26b71b5f0,NEW,,0
https://cafef.vn/co-quan-thue-co-thong-bao-quan-trong-den-tat-ca-ho-ca-nhan-kinh-doanh-188260410163534866.chn,2026-04-10 17:30:00,2026,4,2026-06-07 05:35:45.062375,4159eceb73a396fc44bc2c74e842eedc8e7f58adc7fc2766c6b8e8c0e4ce59e0,NEW,,0
https://cafef.vn/thien-tai-ai-sam-altman-qua-loi-dong-nghiep-gan-nhu-khong-biet-code-hieu-sai-cac-khai-niem-hoc-may-co-ban-188260410150304978.chn,2026-04-10 16:48:00,2026,4,2026-06-07 05:36:48.216313,3d20582f03145b7774798aa1d31d32c5793a3a4c6ca09913b3f95e592407df4d,NEW,,0
https://cafef.vn/tai-khoan-acb-phat-sinh-giao-dich-14159588-dong-cong-an-moi-nguoi-dan-ong-sn-1974-len-lam-viec-188260410143716557.chn,2026-04-10 15:38:00,2026,4,2026-06-07 05:36:48.332444,fd200d733dd934ae6f668fdd48240b609bbf9987572452b989d3915f337187a8,NEW,,0
https://cafef.vn/dong-tien-ve-cham-bai-toan-kho-cua-nguoi-kinh-doanh-xuyen-bien-gioi-188260410153537218.chn,2026-04-10 15:30:00,2026,4,2026-06-07 05:36:48.433579,59c9d1002ab8d62eb73c37dd83c4de99b56728feb48a444cc6c290ff86c1a1f0,NEW,,0
https://cafef.vn/dai-bieu-neu-bat-cap-khi-dich-vu-cong-so-khai-online-van-phai-nop-ban-giay-188260410142130966.chn,2026-04-10 15:28:00,2026,4,2026-06-07 05:36:48.495826,35862ffd477d5b589bda6c778d4d8081f68217210b5fff18070286405058bb0d,NEW,,0
https://cafef.vn/mot-quai-vat-ai-moi-cua-alibaba-xuat-hien-vuot-xa-llama-cua-meta-hay-deepseek-188260410142609142.chn,2026-04-10 14:46:00,2026,4,2026-06-07 05:36:48.542610,147dd88344f743445dbbc818a949d18c276780e1763a2ae8c47f9d3d444e73da,NEW,,0
https://cafef.vn/hanh-vi-nhieu-nguoi-van-dang-lam-co-the-bi-phat-toi-1-ti-dong-tat-ca-nguoi-dung-mang-xa-hoi-chu-y-188260410133153832.chn,2026-04-10 13:42:00,2026,4,2026-06-07 05:36:48.589968,f79fe453ed13cc55d8cd5bffc1a58288acb3e06f701bfa3a4a8c351281f318ee,NEW,,0
https://cafef.vn/cu-soc-2026-lam-phat-ai-quet-sach-ki-nguyen-cloud-gia-re-google-va-amazon-no-phat-sung-dau-tien-188260410112337647.chn,2026-04-10 11:30:00,2026,4,2026-06-07 05:36:48.662996,4e83834ab038ad6036a546c01a99a139ebe10fe07b78650abcd94d4f44ccf777,NEW,,0
https://cafef.vn/80-nhan-vien-dang-am-tham-tay-chay-ai-40-khoan-dau-tu-cong-nghe-bi-lang-phi-su-that-ngo-ngang-dang-sau-con-sot-tri-tue-nhan-tao-188260410101605994.chn,2026-04-10 10:47:00,2026,4,2026-06-07 05:36:48.709344,e6e0e758758de033344e7a22190347fe45b70b09a286f5a9b1fd805d2f451118,NEW,,0
https://cafef.vn/cong-nghe-tuyet-mat-giup-my-giai-cuu-phi-cong-f-15-tai-iran-188260410100225757.chn,2026-04-10 10:02:00,2026,4,2026-06-07 05:36:48.789689,e152c6ddc21456770b7e4db06ce4b5ba5ab70e4758b2c29de550258ff54ae8ae,NEW,,0
https://cafef.vn/kinh-ai-trung-quoc-va-tham-vong-lat-do-de-che-meta-188260410092233035.chn,2026-04-10 09:39:00,2026,4,2026-06-07 05:36:48.838725,d0ee144d385b1b6256d1cd66697067dea1c019a4ed66f5e7adb93d2ff0a57746,NEW,,0
https://cafef.vn/meta-ra-mat-muse-spark-ai-dau-tien-tu-sieu-doi-ngu-cua-alexandr-wang-188260410074946958.chn,2026-04-10 09:11:00,2026,4,2026-06-07 05:36:48.888348,f9d68e06ff728c4d7abe1d880e1a7d582332b15c744ca1ca9a18321fa02fcfc1,NEW,,0
https://cafef.vn/cong-an-vua-co-thong-bao-moi-ve-ho-chieu-nguoi-dan-can-biet-188260410090342463.chn,2026-04-10 09:07:00,2026,4,2026-06-07 05:36:48.936403,6e80a03d4a2bac27caf39083e51e8f14b61b68f4d5d4bbcbf98e83259913aa4c,NEW,,0
https://cafef.vn/con-ac-mong-thung-lung-silicon-165000-nhan-su-bi-sa-thai-va-cai-co-mang-ten-ai-188260410065320748.chn,2026-04-10 07:56:00,2026,4,2026-06-07 05:36:48.984454,5de9884164ccc38c928903df76863aa44aacc50161848da67b5920992fbe4517,NEW,,0
https://cafef.vn/man-trinh-dien-an-tuong-ve-ai-thau-cam-188260410103651175.chn,2026-04-10 07:36:00,2026,4,2026-06-07 05:36:49.032267,c220a8eb1ad1e4f0fc3299aca40eb6251e6e355ba21c84c8997bb1e2c91a8cee,NEW,,0
https://cafef.vn/anthropic-co-mot-ai-manh-den-muc-khong-dam-cong-khai-tung-tron-khoi-sandbox-tu-xoa-dau-vet-tu-tim-lo-hong-27-nam-tuoi-18826041006575104.chn,2026-04-10 07:20:00,2026,4,2026-06-07 05:36:49.080959,ff8cd4a7a802fb2b80c6252583729af0d1a549df9fce946cd9db076b5bd0bed0,NEW,,0
https://cafef.vn/dieu-tra-vu-lanh-dao-so-tai-ca-mau-bi-ke-xau-hack-zalo-nhan-tin-muon-tien-188260409231603838.chn,2026-04-09 23:15:00,2026,4,2026-06-07 05:36:49.129867,00cb8dfaaa3a046162234cb40f509cc1a25114bb8e317e00645346affa7bc685,NEW,,0
https://cafef.vn/gopro-cat-giam-23-nhan-su-ngay-truoc-them-ra-mat-the-he-camera-moi-buoc-di-mao-hiem-giua-luc-kho-khan-tai-chinh-188260409164958015.chn,2026-04-09 18:10:00,2026,4,2026-06-07 05:36:49.176349,82e94c85d3f96730adea044905055facd7b36b113b5274995c931fca7dfc54e9,NEW,,0
https://cafef.vn/lo-lang-mat-viec-vi-ai-gen-z-chuyen-sang-lam-cong-nhan-cho-do-so-188260408134342546.chn,2026-04-09 18:05:00,2026,4,2026-06-07 05:36:49.227395,6d0ae094fd3fe5b17b99f554b32d00de2cb4f638795ab13d92860329e0856963,NEW,,0
https://cafef.vn/nhap-sai-so-tai-khoan-khi-chuyen-tien-bi-tru-tien-xong-moi-phat-hien-ra-can-lam-gi-tiep-theo-188260409165343133.chn,2026-04-09 17:34:00,2026,4,2026-06-07 05:36:49.286089,6db39755611a78914293ec3b6c2ad856f01a48fff9090f331004139b6fe198dd,NEW,,0
https://cafef.vn/intel-tham-gia-du-an-chip-terafab-cua-elon-musk-188260409071844224.chn,2026-04-09 17:30:00,2026,4,2026-06-07 05:36:49.454786,bb3a3847994a84e24560fd5cbe22c4708b7f1bb3c4bed72bb6a288d1b429fc47,NEW,,0
https://cafef.vn/san-bay-da-nang-thi-diem-cho-hanh-khach-dung-vneid-di-may-bay-tu-ngay-10-4-188260409073005645.chn,2026-04-09 17:00:00,2026,4,2026-06-07 05:36:49.501726,8e46b7e25a4e3ebaaae6391a83c71b404c03ec79a26f7e46bcedc5ee212584e6,NEW,,0
https://cafef.vn/quy-dinh-lon-lien-quan-den-tat-ca-o-to-tren-ca-nuoc-se-bi-bai-bo-tu-nam-sau-csgt-se-kiem-soat-the-nao-188260409153611456.chn,2026-04-09 16:20:00,2026,4,2026-06-07 05:36:49.550087,8b5388eee17e7d292c31a31bb4cbe55685f16720b725f37a685a140cb774df33,NEW,,0
https://cafef.vn/khong-co-chuyen-ai-thay-the-lap-trinh-vien-hon-67000-tin-tuyen-dung-moi-duoc-dang-tai-cao-nhat-3-nam-qua-188260409140531815.chn,2026-04-09 15:45:00,2026,4,2026-06-07 05:36:49.596477,624d8984e3828cdeb285e4d259e454a324a0d0505d35c098e38b29abf231bb48,NEW,,0
https://cafef.vn/lan-dau-tien-ke-tu-thuong-vu-143-ty-usd-meta-ra-mat-mo-hinh-ai-cua-rieng-minh-188260409132606337.chn,2026-04-09 15:12:00,2026,4,2026-06-07 05:36:49.692900,a7bdcba11dc8343ab597c050e7bbef14ec2cd270d1dea443b96eeae96248da40,NEW,,0
https://cafef.vn/tu-1400-usd-dau-tu-den-viec-cat-giam-80-khoi-luong-cong-viec-suc-manh-huy-diet-cua-ai-trong-nganh-marketing-188260409132738102.chn,2026-04-09 14:40:00,2026,4,2026-06-07 05:36:49.811564,cfbfb5dfef6ddd51aa6904dbbbac611dbad68b3ca2d156e1aa743b8c51f0e24f,NEW,,0
https://cafef.vn/google-maps-dung-gemini-tu-dat-chu-thich-anh-nguoi-dung-khong-can-nghi-188260409133035337.chn,2026-04-09 14:05:00,2026,4,2026-06-07 05:36:49.868568,4770480cbcf143d1f89f7fea5904cf7ad92a6f917b096c2b37fec7287d4dd4ee,NEW,,0
https://cafef.vn/canh-bao-ung-dung-gdpx-mao-danh-bo-nong-nghiep-va-moi-truong-de-keu-goi-nhan-token-188260409134509349.chn,2026-04-09 13:44:00,2026,4,2026-06-07 05:36:49.915948,2d304277dd981da32d14390757b890cac7e35b4aa895a55796e15db30714d2bc,NEW,,0
https://cafef.vn/ung-dung-cho-phep-goi-dien-voi-so-bat-ky-dang-viral-ky-thuat-lua-dao-qua-dien-thoai-nguy-hiem-nhat-hien-nay-hoat-dong-the-nao-188260409132650335.chn,2026-04-09 13:30:00,2026,4,2026-06-07 05:36:49.966004,e37deb44c7f021ab53dd719f1acd3f6360fe0491ec5a408dec9bab04dea10585,NEW,,0
https://cafef.vn/tat-ca-nguoi-dan-co-so-do-can-dac-biet-luu-y-thong-tin-sau-188260409103250758.chn,2026-04-09 11:09:00,2026,4,2026-06-07 05:36:50.119897,b303922f79467bbc4bd5088b4f80115589d797cc09867d1597955a0d9015d535,NEW,,0
https://cafef.vn/cong-an-truy-tim-nguoi-phu-nu-bi-to-lua-dao-den-60-ti-dong-188260409101200986.chn,2026-04-09 10:32:00,2026,4,2026-06-07 05:36:50.167167,388126e5c9a2732a95067c3b183a05e2cafc2e4730889d44d5cb24c09d4698dc,NEW,,0
https://cafef.vn/1-trieu-sieu-may-tinh-bay-tren-dau-tuong-lai-dang-so-khi-trai-dat-phai-gong-minh-vi-ai-188260409090248087.chn,2026-04-09 10:20:00,2026,4,2026-06-07 05:36:50.214917,7377b9626c66945f9818e3908bb3be71be11f89ba4a426d2c62e7a68fe4b605c,NEW,,0
https://cafef.vn/bom-650-ty-usd-vao-ai-big-tech-my-dang-xay-dung-de-che-hay-tu-dao-ho-chon-minh-188260409080333026.chn,2026-04-09 10:10:00,2026,4,2026-06-07 05:36:50.262462,25528fb10d77f0301fe6365e81a0d4b2f1b612be4c7fe7a28c3ad5663858a706,NEW,,0
https://cafef.vn/tu-tuan-sau-nha-mang-se-bat-dau-khoa-sim-dien-thoai-cac-truong-hop-sau-nguoi-dan-luu-y-188260409101041901.chn,2026-04-09 10:09:00,2026,4,2026-06-07 05:36:50.315754,fdcaa8f98c41b5ba429bcf575f33865e8bb1bc0feccd1ad14af68f9205884fdd,NEW,,0
https://cafef.vn/trung-quoc-chi-30-ty-nhan-dan-te-chi-de-day-robot-cam-coc-nghich-ly-bieu-dien-gala-2026-rat-muot-nhung-90-ky-nang-van-chi-la-lap-trinh-san-188260409090546357.chn,2026-04-09 09:41:00,2026,4,2026-06-07 05:36:50.380704,0c679b023dd8edbbbf3c1d6f4198d42866978d7ba2e0d292890c7892542c8757,NEW,,0
https://cafef.vn/mat-trang-70-luot-nhap-chuot-ai-dang-nuot-chung-luu-luong-truy-cap-cua-cac-doanh-nghiep-nhu-the-nao-188260408170222173.chn,2026-04-09 08:51:00,2026,4,2026-06-07 05:36:50.428968,ae42ad85d509dd778792c195cf8c6cb6c74623aaae6cb3a1ed229142cd42ebd6,NEW,,0
https://cafef.vn/quan-bai-moi-cua-trung-quoc-trong-chien-luoc-tro-thanh-quoc-gia-dan-dau-ve-ai-188260408162657186.chn,2026-04-09 08:10:00,2026,4,2026-06-07 05:36:50.478904,accecb14d3bd877bc75f62ba9dbeb1132f62fd1c6f38f8738f773801b08099d5,NEW,,0
https://cafef.vn/dang-canh-tranh-khoc-liet-openai-google-va-anthropic-bat-ngo-lien-minh-ngan-cac-doi-thu-trung-quoc-sao-chep-cong-nghe-188260409071458746.chn,2026-04-09 07:37:00,2026,4,2026-06-07 05:36:50.529216,cfc25286d09debb0dfe82b38f272cb5a7eb485db59fdc968693f6430e60ce86a,NEW,,0
https://cafef.vn/grab-ra-mat-loat-tinh-nang-moi-188260408163040517.chn,2026-04-08 16:30:00,2026,4,2026-06-07 05:36:50.577457,811a1cb44836409b70171fc38310a21c3e0361be68e06902c3950cdb3b92676c,NEW,,0
https://cafef.vn/khung-hoang-niem-tin-tai-openai-nguoi-trong-cuoc-khang-dinh-sam-altman-chinh-la-van-de-188260408142135341.chn,2026-04-08 16:25:00,2026,4,2026-06-07 05:36:50.625448,23e7d1f8cb8d8e2643ae4b5747bc08b2ff06a48113ae0e8bc4e30cb51a81fabc,NEW,,0
https://cafef.vn/5-cong-nghe-dien-ro-sap-xoay-chuyen-so-phan-nhan-loai-the-gioi-25-nam-toi-se-bien-doi-khung-khiep-den-muc-khong-the-nhan-ra-188260408125903819.chn,2026-04-08 15:41:00,2026,4,2026-06-07 05:36:50.672275,7e1db59c7ac88c2580bd2f7922e1b76d59710d81a28ba2642a59749297acc661,NEW,,0
https://cafef.vn/80000-viec-lam-nganh-cong-nghe-boc-hoi-sau-3-thang-dau-nam-vi-ai-loat-sinh-vien-ra-truong-khong-tim-duoc-viec-18826040815234487.chn,2026-04-08 15:27:00,2026,4,2026-06-07 05:36:50.720252,0d1d4ae346acbba83a1612428ba7029d7fa862322bd4ddd309404bccbdfd1fcb,NEW,,0
https://cafef.vn/cong-ty-trung-quoc-gay-bao-vi-lay-du-lieu-nhan-vien-cu-tao-ban-sao-nhan-vien-ai-188260408131228664.chn,2026-04-08 14:47:00,2026,4,2026-06-07 05:36:50.767192,fcce5313d890505cad4998dc425200213489554d81fa781d359a05006262298d,NEW,,0
https://cafef.vn/luu-y-tu-cong-an-ai-tham-gia-hoi-nhom-nay-tren-facebook-can-kiem-tra-ngay-188260408135517684.chn,2026-04-08 13:54:00,2026,4,2026-06-07 05:36:50.814352,313ee69d374d272293cc85a3ebd514ab05e1d11c90c690089d6d769f15c31811,NEW,,0
https://cafef.vn/cach-khac-phuc-loi-cap-nhat-ma-so-thue-tren-vneid-bi-tu-choi-188260408132620506.chn,2026-04-08 13:30:00,2026,4,2026-06-07 05:36:50.862621,13798c869d07b3f756646dae2b6c9f66b718dd20b707ba1cafbf0d922a463de8,NEW,,0
https://cafef.vn/mot-ung-dung-moi-cua-google-co-the-khien-nguoi-dung-dien-thoai-bo-luon-ban-phim-188260408104507994.chn,2026-04-08 11:30:00,2026,4,2026-06-07 05:36:50.911239,ec36ca24120e18fafec43c7dec2f4e9be07b171d7bc457f384498bc0585ce937,NEW,,0
https://cafef.vn/cong-an-co-thong-bao-quan-trong-toi-nguoi-dan-mua-ban-vang-188260408105123259.chn,2026-04-08 10:53:00,2026,4,2026-06-07 05:38:00.194815,391736f59098320f3f2962ba921e50ae4ad61cc55b91bab1e7816d046d7d3c2f,NEW,,0
https://cafef.vn/ai-se-cuop-trang-chen-com-tai-pho-wall-voi-toc-do-phan-tich-nhanh-gap-100-lan-con-nguoi-188260408095429321.chn,2026-04-08 10:37:00,2026,4,2026-06-07 05:38:00.354691,ae986fafa11f2eece195768b3928acb56413bd33ca6e112e688e79b1c83a09c6,NEW,,0
https://cafef.vn/mot-thi-truong-o-viet-nam-duoc-dinh-gia-co-the-dat-70-80-ty-usd-vao-nam-2030-188260408090728693.chn,2026-04-08 10:06:00,2026,4,2026-06-07 05:38:00.405931,d2111665b4ea7f1c9637d7be89be34d77fa0a482acb695d8e6c983c17aac3320,NEW,,0
https://cafef.vn/ai-the-he-moi-lam-gia-tang-nguy-co-tan-cong-mang-quy-mo-lon-188260408092646218.chn,2026-04-08 09:35:00,2026,4,2026-06-07 05:38:00.461786,7b63d371fe191793ebba26cc62fa980d4cdbd39c788c6fcea38e5f17cba8c9d1,NEW,,0
https://cafef.vn/trung-quoc-tung-ra-so-robot-nhan-hinh-gap-3-lan-my-ceo-jensen-huang-cung-phai-thua-nhan-the-gioi-se-phai-phu-thuoc-ga-khong-lo-chau-a-188260408083255538.chn,2026-04-08 09:06:00,2026,4,2026-06-07 05:38:00.664061,b192396662c2c63506cf75e1137c7ffb51b7c6f7ade56119f16e4d9a9d4174ed,NEW,,0
https://cafef.vn/intel-bat-tay-elon-musk-khoi-dong-sieu-du-an-terafab-tham-vong-thach-thuc-vi-the-cua-tsmc-188260408082836336.chn,2026-04-08 08:35:00,2026,4,2026-06-07 05:38:00.736758,76ebc8cb2d4beafee9a6a4d0b7c457bc3d748a6c664d77935001c33e3341bdd2,NEW,,0
https://cafef.vn/cong-nghe-8-4-anthropic-dung-phat-hanh-ai-mythos-vi-qua-manh-188260408080147047.chn,2026-04-08 08:06:00,2026,4,2026-06-07 05:38:00.853841,a03d2e1c5e8b50c7891e574ae063dd0f8a7e9adde89350c176b59a8dd80ae9d1,NEW,,0
https://cafef.vn/ai-da-vuot-mat-duoc-ban-quyen-am-nhac-nganh-thu-am-lieu-co-dang-dung-truoc-thach-thuc-moi-188260408014449807.chn,2026-04-08 07:21:00,2026,4,2026-06-07 05:38:00.971674,7e9fed97ec846044da00d4606ced8e9aab7a5d6af14631974ff86fba9631428f,NEW,,0
https://cafef.vn/ngay-tan-cua-nhan-vien-ban-le-co-dang-den-sieu-thi-33-trieu-usd-cua-amazon-voi-250000-mat-hang-nhung-van-hanh-phan-lon-bang-ai-va-robot-188260407201800392.chn,2026-04-07 20:45:00,2026,4,2026-06-07 05:38:01.027081,9472991156a5023cfdc98a983e99f19f06d95cbf17c212e91509aa16d307a495,NEW,,0
https://cafef.vn/nha-may-chip-2nm-cua-samsung-sap-khai-hoa-tesla-nhanh-tay-dat-hang-truoc-188260407200421124.chn,2026-04-07 20:17:00,2026,4,2026-06-07 05:38:01.099854,10fc76c16477f8284e4a8254bfdbc72272fb506245bd183191c591fd89b7fa63,NEW,,0
https://cafef.vn/nganh-nghe-tung-bi-ai-de-doa-xoa-so-dau-tien-nay-lai-tang-cao-nhu-cau-nhan-luc-ceo-nvidia-ly-giai-nguyen-nhan-18826040718393614.chn,2026-04-07 18:47:00,2026,4,2026-06-07 05:38:01.156162,4e666a691b0fb2804730d489073a9d49c9ee0c1723b2def9123675470f77340b,NEW,,0
https://cafef.vn/viet-nam-lan-dau-co-chien-luoc-quoc-gia-ve-khoi-nghiep-sang-tao-188260407175517354.chn,2026-04-07 18:25:00,2026,4,2026-06-07 05:38:01.235581,643003d0ce697756dfb559c2405c3a8d33d3e74fb2ce36478f64888bbc16c1bf,NEW,,0
https://cafef.vn/tra-200-usd-thang-van-bi-siet-gioi-han-mot-lap-trinh-vien-chi-5000-usd-tau-sieu-may-tinh-nvidia-dung-dan-ai-rieng-188260407180922723.chn,2026-04-07 18:14:00,2026,4,2026-06-07 05:38:01.327668,1c6ab0b0958441a9e554ce101202e9c03ea19e54dbd9778cb4a85b124dfaaf30,NEW,,0
https://cafef.vn/tai-khoan-ngan-hang-co-giao-dich-9-trieu-dong-cong-an-yeu-cau-anh-ha-chau-phi-len-lam-viec-18826040717471122.chn,2026-04-07 17:47:00,2026,4,2026-06-07 05:38:01.391878,6f3704507a34ee2dca26c339ed4ed8007b8dc143a74d90d014594b606e1cc2c0,NEW,,0
https://cafef.vn/nguoi-dung-bat-ai-noi-tieng-nguoi-toi-co-de-tiet-kiem-chi-phi-token-hieu-qua-den-dau-188260407164332362.chn,2026-04-07 17:30:00,2026,4,2026-06-07 05:38:01.457899,12bff7b7c532b38afe1c05cbb991e7263431f31af19cb85818a20e8b5d46bfb2,NEW,,0
https://cafef.vn/cong-an-canh-bao-lap-tuc-ngat-ket-noi-mang-khoi-phuc-cai-dat-goc-va-doi-mat-khau-ngan-hang-zalo-tren-thiet-bi-sach-khac-khi-cai-phai-ung-dung-nay-188260407171824865.chn,2026-04-07 17:19:00,2026,4,2026-06-07 05:38:01.528205,fcda35c916580862378033299ba60fb96b57944c6af1f9035b1e1d132805f559,NEW,,0
https://cafef.vn/dai-tats-nguyen-hong-quan-ai-khong-chi-la-cong-cu-ma-dang-tro-thanh-mot-yeu-to-dinh-hinh-lai-khong-gian-an-ninh-mang-va-an-ninh-quoc-gia-188260407163756122.chn,2026-04-07 16:48:00,2026,4,2026-06-07 05:38:01.586858,282096f7e1631049affe26280d2340d3f4f7504918031d419a9ac056a2f2ed9c,NEW,,0
https://cafef.vn/xay-nha-may-ban-dan-cong-nghe-cao-lon-nhat-the-gioi-tai-viet-nam-dai-bang-han-quoc-vua-co-kien-nghi-ve-nang-luong-188260407163823179.chn,2026-04-07 16:38:00,2026,4,2026-06-07 05:38:01.642653,a0a3bd8dac97246d13e4f0288706b585b91973f1f1f8fce243b0cdeb43e3d060,NEW,,0
https://cafef.vn/cong-an-ra-thong-bao-moi-lien-quan-den-vneid-nguoi-dan-can-biet-188260407151713621.chn,2026-04-07 16:14:00,2026,4,2026-06-07 05:38:01.702599,ddfc61cb62cc5fe423304bec00c42735104605aa45faa9a4be02fe5bfad21f98,NEW,,0
https://cafef.vn/khi-ai-tro-thanh-cong-cu-sinh-ton-cua-nhan-vien-dung-tot-va-nhan-gap-doi-luong-hoac-bi-loai-bo-18826040715400801.chn,2026-04-07 15:41:00,2026,4,2026-06-07 05:38:01.758888,ad9e451b0e319bdb6e6eaf1f8c4fa3e6ad0ade861350d982a7948ac7b502115c,NEW,,0
https://cafef.vn/tsmc-doi-mat-nguy-co-thieu-dien-nganh-chip-ai-toan-cau-lo-lang-188260407143043344.chn,2026-04-07 15:15:00,2026,4,2026-06-07 05:38:01.832707,35d42836750b2257313a4f1192e630fdb0a0341edc076d837e3caa14ab1a5b2c,NEW,,0
https://cafef.vn/google-ra-app-ghi-am-ai-mien-phi-tu-loc-um-a-khi-ban-noi-188260407134054102.chn,2026-04-07 14:40:00,2026,4,2026-06-07 05:38:01.998055,704645266b0182566cc809d2568a112074fb4c185210d9d00916470939696005,NEW,,0
https://cafef.vn/gui-ai-ve-nam-1998-mot-lap-trinh-vien-tao-ra-windows-98-biet-noi-co-ca-dial-up-va-minesweeper-188260407135718977.chn,2026-04-07 14:10:00,2026,4,2026-06-07 05:38:02.051504,fef4932fd7942aecaff6426039743f071fa275c8006cb888679e45573d2fc184,NEW,,0
https://cafef.vn/bia-tin-bat-coc-tre-em-de-keu-goi-chuyen-tien-chieu-lua-dao-tinh-vi-tren-facebook-188260407103544633.chn,2026-04-07 13:33:00,2026,4,2026-06-07 05:38:02.109513,af84f63435381ec19e149b54a5b5a422879356903bfb261c2fd51617e1527d5e,NEW,,0
https://cafef.vn/sa-thai-5300-nhan-vien-ngan-hang-big-4-bi-mat-mo-15-trieu-tai-khoan-ao-de-an-cap-tien-trong-tai-khoan-that-cua-khach-hang-188260407104744531.chn,2026-04-07 11:31:00,2026,4,2026-06-07 05:38:02.161622,773cc0456cd91aba06e994f25049889f9075671ae179915ef90cc31aa041b970,NEW,,0
https://cafef.vn/microsoft-tu-dim-ga-nha-copilot-chi-la-ai-de-giai-tri-dung-dua-dam-vao-nhung-gi-no-noi-188260406133251385.chn,2026-04-07 10:51:00,2026,4,2026-06-07 05:38:02.322156,ff70081efa4d45888004fcb40ae8a440a98ae51dbb426c21ed9fbd548b410f17,NEW,,0
https://cafef.vn/nguoi-phu-nu-o-hung-yen-chuyen-nham-gan-500-trieu-lien-he-lay-lai-khong-duoc-cong-an-vao-cuoc-lo-ro-chan-tuong-188260407075827488.chn,2026-04-07 10:20:00,2026,4,2026-06-07 05:38:02.378487,6954a777121b0421581642601c643061984c443145fafd90fa169d14be4f0d84,NEW,,0
https://cafef.vn/cong-an-tphcm-canh-bao-3-cam-bay-pho-bien-nguoi-dan-can-biet-188260406185426277.chn,2026-04-07 09:42:00,2026,4,2026-06-07 05:38:02.431465,3ff4a30c70893d12426f4432abbe94cbf85f0a66e689843164874622dc7dfbf4,NEW,,0
https://cafef.vn/zalo-la-nen-tang-ket-noi-chinh-thuc-voi-openclaw-188260407092433412.chn,2026-04-07 09:27:00,2026,4,2026-06-07 05:38:02.525244,147d51a9e304c76de0ac293e0e7684983434161edf96cfaa5ec537d0dd17978a,NEW,,0
https://cafef.vn/thu-doan-lua-dao-moi-lien-quan-den-shipper-giao-hang-188260407065630203.chn,2026-04-07 08:43:00,2026,4,2026-06-07 05:38:02.691175,4776d6819b805c9dd4a22aa0b269c1eef8e662f5f5318b9145c60e02d81fe6a6,NEW,,0
https://cafef.vn/nguoi-dung-claude-code-phai-tra-them-phi-khi-su-dung-cong-cu-ben-thu-ba-188260407073053038.chn,2026-04-07 07:44:00,2026,4,2026-06-07 05:38:02.748664,4e78ffc342bfe94e78379ed4cad287a2e9f2cf2e69552d8c08e2232b4d3165d1,NEW,,0
https://cafef.vn/ho-tro-34-trieu-nguoi-tai-nhat-hoc-ai-ma-van-thieu-nghiem-trong-microsoft-tuyen-bo-dao-tao-them-1-trieu-ky-su-de-trien-khai-ke-hoach-10-ty-usd-tai-nhat-ban-188260406221456094.chn,2026-04-07 00:00:00,2026,4,2026-06-07 05:38:02.802035,d7faaa045d0a67156eda5bd18c952cd61cc5c64e2e4c8c6cdc92b20f828e3a4e,NEW,,0
https://cafef.vn/thong-tin-quan-trong-ve-viec-nhan-tien-vao-tai-khoan-voi-noi-dung-chuyen-khoan-ghi-ro-la-luong-tat-ca-nguoi-dan-can-biet-188260406192016974.chn,2026-04-06 19:20:00,2026,4,2026-06-07 05:38:02.854321,02e592d78e774d4418d6ee964459b2ad471d23ea43a24bf640c0f106827e7ed0,NEW,,0
https://cafef.vn/cong-an-ra-thong-bao-quan-trong-toi-nguoi-dan-co-can-ho-va-nha-cho-thue-188260406185801751.chn,2026-04-06 18:57:00,2026,4,2026-06-07 05:38:02.910426,1f6272d535164060649dfe891eda39387dd796141e1d83451e9373a4475981bb,NEW,,0
https://cafef.vn/cach-cai-dat-tu-huy-tin-nhan-sau-24-gio-tren-facebook-messenger-188260406165613237.chn,2026-04-06 17:06:00,2026,4,2026-06-07 05:38:02.963858,83d801aebb7a07be70dde9555ecfcea525eadb9f51fc055446dda756eb1a9295,NEW,,0
https://cafef.vn/nguy-co-tu-viec-tin-tac-khai-thac-lo-hong-thiet-bi-apple-188260406145606602.chn,2026-04-06 16:38:00,2026,4,2026-06-07 05:38:03.020608,5a4134dc7d8ae26b55048981ca0b3476b7048d10d836571c6c26497d7b0b60dd,NEW,,0
https://cafef.vn/dai-dien-nao-cua-viet-nam-duoc-tai-tro-du-an-100-trieu-usd-tu-esports-foundation-188260406161943042.chn,2026-04-06 16:19:00,2026,4,2026-06-07 05:38:03.077436,c8d80b9e0a4074f44d320883f231c6aed3f1306fdb20a63292fabf3001284f87,NEW,,0
https://cafef.vn/startup-800-ty-usd-chat-vat-kiem-tien-khai-tu-hang-loat-du-an-su-that-khong-nhu-mo-phia-sau-con-sot-ai-188260406145818499.chn,2026-04-06 15:39:00,2026,4,2026-06-07 05:38:03.132966,14be47627206be6504cf4f478989510db38777562c7efc1ebc9ebcaabf338609,NEW,,0
https://cafef.vn/tien-khong-thieu-nhung-gan-nua-du-an-trung-tam-du-lieu-tai-my-van-bi-hoan-vi-thieu-may-bien-the-tu-trung-quoc-188260406133128003.chn,2026-04-06 14:48:00,2026,4,2026-06-07 05:38:03.185046,8355b2bec8f5cc21cb4642046eaafcaec9fc0102b03118e219977d716abd6f5e,NEW,,0
https://cafef.vn/co-quan-thue-khuyen-khich-nguoi-dan-lam-dieu-nay-tren-etax-mobile-cong-dich-vu-cong-quoc-gia-18826040613345901.chn,2026-04-06 13:47:00,2026,4,2026-06-07 05:38:03.240187,6fbfe436f5dbeeb03f8c00506b295cc5d5d82b9bdb48d0aa8664a14b9b668b30,NEW,,0
https://cafef.vn/ac-mong-ai-chon-cong-so-tai-trung-quoc-sep-am-tham-tao-ban-sao-cua-nhan-vien-nhan-vien-dung-ai-ha-doc-cong-ty-truoc-khi-bi-thay-the-188260406111755943.chn,2026-04-06 11:30:00,2026,4,2026-06-07 05:38:03.292618,805fd0cf57ca255c07908e9b967ad7c980d81f462f50e91ad5207722b26242b6,NEW,,0
https://cafef.vn/toi-cu-nghi-3-tinh-nang-nay-tren-samsung-chi-la-tro-quang-cao-ai-ngo-dung-thu-thay-thich-luon-188260406110529961.chn,2026-04-06 11:07:00,2026,4,2026-06-07 05:38:03.347792,4aef21243130ce3a984bd131b9c176acc575713d78ac9264c04858f6db6e5cc9,NEW,,0
https://cafef.vn/cong-an-tphcm-tim-nan-nhan-cua-ong-tran-tan-hoang-188260406094312195.chn,2026-04-06 09:43:00,2026,4,2026-06-07 05:38:03.400470,c4a4090db62fa6ddb7158c904df22f817524a2d220dad5a2be90a638bbf652f6,NEW,,0
https://cafef.vn/thu-phi-tu-doanh-nghiep-microsoft-thua-nhan-ai-copilot-chi-dung-cho-muc-dich-giai-tri-dung-dung-cho-viec-quan-trong-188260406093219266.chn,2026-04-06 09:40:00,2026,4,2026-06-07 05:38:03.474317,7f8eaa7ffbeaa3aed31309fda085cb3c354aec98056f75528f8dd5f1ce48d7ef,NEW,,0
https://cafef.vn/cong-nghe-6-4-trung-quoc-siet-ai-tao-con-nguoi-so-18826040607524548.chn,2026-04-06 09:05:00,2026,4,2026-06-07 05:38:03.528465,808884ddb9a3ba6fe61ae93617b8117f37cd76d0384f4e7fd4a54e8a298631e5,NEW,,0
https://cafef.vn/7000-van-dong-vien-bang-rung-sau-doi-nui-cong-nghe-cao-vao-cuoc-de-dam-bao-an-toan-va-ung-pho-khan-cap-188260406102450242.chn,2026-04-06 08:30:00,2026,4,2026-06-07 05:39:14.423849,e520178faea59af0bfbe8cefab10d3391b6758194e059ead18174cffff314c7f,NEW,,0
https://cafef.vn/lo-hong-rowhammer-anh-huong-toi-ca-gpu-nvidia-mo-duong-hack-toan-he-thong-188260406073737627.chn,2026-04-06 08:30:00,2026,4,2026-06-07 05:39:14.479597,0d5116687a35e064b756aacc4d6ff32fc203a67865ff0126f26a8205eaae9b6f,NEW,,0
https://cafef.vn/nghich-ly-cua-thoi-ai-coder-bi-sa-thai-nhung-github-ngap-chim-trong-commit-du-kien-len-toi-14-ty-ca-nam-gap-14-lan-nam-ngoai-188260406071305037.chn,2026-04-06 07:57:00,2026,4,2026-06-07 05:39:14.534441,c60291740e984d5a56e7556d741358662ca33050348d4a4ecad2725cc9a41c87,NEW,,0
https://cafef.vn/thong-tin-moi-nhat-ve-cac-vu-an-onus-shark-binh-mr-pips-hoang-huong-mailisa-188260406011856275.chn,2026-04-06 07:18:00,2026,4,2026-06-07 05:39:14.584857,c65bbc7306d639e4d8246f6d4c3e9d35790eb2e32a871dcf545043c6ef4b4b00,NEW,,0
https://cafef.vn/arm-ra-cpu-moi-thach-thuc-intel-nhung-intel-goi-day-la-chieu-marketing-188260405153845338.chn,2026-04-05 17:30:00,2026,4,2026-06-07 05:39:14.710449,0eb7498e6930196aaf001604d4608c0f1c96701f580b9017a44e4589b3b15f93,NEW,,0
https://cafef.vn/google-ra-mat-mo-hinh-ai-ma-nguon-mo-thong-minh-nhat-cua-hang-188260405150023451.chn,2026-04-05 16:30:00,2026,4,2026-06-07 05:39:14.807832,fdaa9ebea86ae07e37552d986785106fb4920f63500fdfe3b1830f6eb30148a2,NEW,,0
https://cafef.vn/nguoi-dung-can-luu-y-dieu-sau-khi-dang-nhap-vneid-tren-dien-thoai-moi-de-tranh-lo-du-lieu-ca-nhan-18826040515290185.chn,2026-04-05 15:42:00,2026,4,2026-06-07 05:39:14.862169,f6ae213111971851fe81c65dffa69c998c5711c0d3565fb928f96f0145b9351c,NEW,,0
https://cafef.vn/tuong-tut-hau-cong-nghe-hoa-ra-nga-vua-lam-duoc-robot-hinh-nguoi-voi-ngan-sach-15-trieu-usd-re-hon-nhieu-lan-phuong-tay-188260405140733691.chn,2026-04-05 15:30:00,2026,4,2026-06-07 05:39:14.915656,b13571f839149d807deef6bad49d1cde55aff58562a8a8aab95bff97602b92cf,NEW,,0
https://cafef.vn/take-two-sa-thai-toan-bo-nhom-ai-noi-bo-du-ceo-lien-tuc-ca-ngoi-cong-nghe-nay-188260405132652735.chn,2026-04-05 14:30:00,2026,4,2026-06-07 05:39:14.969423,9118879607e0fdbc511d1ae3f48b453396a8db2cac1d562e91689cafc4290735,NEW,,0
https://cafef.vn/ca-nganh-cong-nghe-dang-chet-duoi-vi-gia-ram-tang-gap-4-lan-chi-trong-4-nam-nvidia-lai-co-the-vip-rieng-cu-binh-than-nhin-thien-ha-chiu-tran-188260405132559092.chn,2026-04-05 13:33:00,2026,4,2026-06-07 05:39:15.023288,2d72db12ae417ae5e698d9bf7d4c240ea09574f7ddbe677b7fc7eab449a8bd0b,NEW,,0
https://cafef.vn/ai-co-the-noi-doi-gian-lan-de-bao-ve-lan-nhau-18826040509202089.chn,2026-04-05 10:50:00,2026,4,2026-06-07 05:39:15.079113,19cc4e925598f138eac5ebfa0348ce5b6cff11b6746171b026fefc79c751c523,NEW,,0
https://cafef.vn/canh-bao-phan-mem-doc-hai-mo-cua-cho-hacker-vao-mang-gia-dinh-188260405091856974.chn,2026-04-05 10:21:00,2026,4,2026-06-07 05:39:15.131345,3cef2e39dbe1f5d64a7418e4988dec6451b94da93d462401fa9022980dd143ec,NEW,,0
https://cafef.vn/microsoft-bien-trinh-duyet-mac-dinh-thanh-anh-edge-say-hi-tu-khoi-chay-moi-khi-mo-may-188260405090306559.chn,2026-04-05 09:33:00,2026,4,2026-06-07 05:39:15.186506,5ecaf18ecb61775c6b6d56132a06468c25c84936a7a4a6ad67f5f39f0c7a6fbc,NEW,,0
https://cafef.vn/nhat-ban-do-hang-ty-usd-cho-cu-ong-74-tuoi-de-san-xuat-chip-2nm-nhanh-gap-3-lan-tsmc-tham-vong-phuc-hung-lai-nganh-ban-dan-188260405081310845.chn,2026-04-05 08:41:00,2026,4,2026-06-07 05:39:15.236882,07af079d09754fe3d380fb977851cb68c6ab0bee34d3e8bcdb91f130d8c0e9d1,NEW,,0
https://cafef.vn/deepseek-va-lan-song-ai-tiet-kiem-hang-tram-ty-usd-cua-big-tech-sap-thua-nhung-con-chip-50-usd-18826040507231309.chn,2026-04-05 07:39:00,2026,4,2026-06-07 05:39:15.288354,c713c8d14096d7529f795455db9782b84613ca782289a824e9c6e07f4eb70128,NEW,,0
https://cafef.vn/gia-ram-tang-gan-4-lan-tsmc-tu-bo-day-chuyen-chip-4nm-cho-android-188260404135144375.chn,2026-04-04 17:58:00,2026,4,2026-06-07 05:39:15.341205,a8ad0760832a774ad1b630097a11482cf08eb9b8d25c0f09ad2045cfb4bb2efd,NEW,,0
https://cafef.vn/vneid-ghi-nhan-hon-93-trieu-y-kien-gop-y-van-kien-dai-hoi-dang-xiv-188260404131541399.chn,2026-04-04 17:58:00,2026,4,2026-06-07 05:39:15.394121,b266bee693296b837cb7f8fb1ede80cf81778f83f0513eaf21fffbb249e1009b,NEW,,0
https://cafef.vn/phai-xac-thuc-lai-khuon-mat-khi-chuyen-sim-sang-dien-thoai-moi-188260404154834273.chn,2026-04-04 17:30:00,2026,4,2026-06-07 05:39:15.453306,ae06c5c9db60664dbac93bc7ce37612d052260233099cc0ba051f9b063449d1c,NEW,,0
https://cafef.vn/tri-tue-nhan-tao-lay-cam-hung-tu-mot-ngoi-sao-truyen-hinh-thuc-te-da-goi-dien-den-3000-quan-ruou-de-tim-ra-coc-bia-guinness-re-nhat-o-ireland-188260404135258063.chn,2026-04-04 16:33:00,2026,4,2026-06-07 05:39:15.517845,9210aa8390f85d919f05229611aa2ddcc661aab85756f8d98bf767967bbb7d86,NEW,,0
https://cafef.vn/tsmc-xay-12-nha-may-chip-tai-my-quy-mo-ngang-dai-loan-nhung-van-chua-dung-lai-188260404152153139.chn,2026-04-04 15:53:00,2026,4,2026-06-07 05:39:15.573432,6f24e1b6e9fac24448ccff8e9370b9896d523479685b289b70892bdac7f0241d,NEW,,0
https://cafef.vn/tphcm-dang-dung-camera-ai-de-keo-giam-un-tac-giao-thong-188260404130432327.chn,2026-04-04 15:30:00,2026,4,2026-06-07 05:39:15.625518,7a4c561e693863ec12afe3f16de54f785f2fe74cb18d57e2743bfae685029f73,NEW,,0
https://cafef.vn/lap-ky-luc-chau-a-sieu-cau-13600-ty-dong-cua-viet-nam-lot-top-hiem-the-gioi-so-huu-cong-nghe-dac-biet-188260404125756277.chn,2026-04-04 15:09:00,2026,4,2026-06-07 05:39:15.682489,d743cfa7e33fe413277789d1d86e3741a583e8b2fd17737422c1a1a020f57bb5,NEW,,0
https://cafef.vn/ki-lan-ai-cua-trung-quoc-thang-lon-ve-doanh-thu-18826040413174151.chn,2026-04-04 14:30:00,2026,4,2026-06-07 05:39:15.735140,600ed3c25ae6e773d34cf2275fae3760180cac571921473a229adb2e46475e6e,NEW,,0
https://cafef.vn/google-nang-cap-cong-cu-lam-video-ai-them-nhan-vat-ao-dieu-khien-188260404131858848.chn,2026-04-04 13:30:00,2026,4,2026-06-07 05:39:15.786963,dd4a87cacead110c2263a2e98e427ce78923ddf86ebccb26d07974fec739fa47,NEW,,0
https://cafef.vn/canh-bao-dac-biet-den-tat-ca-nhung-ai-dang-lap-camera-giam-sat-188260404112722365.chn,2026-04-04 12:36:00,2026,4,2026-06-07 05:39:15.839382,7a8a7b8bed52d832127cc27c4dccb915e7c4a63f0762c2168268486e9efcd85c,NEW,,0
https://cafef.vn/trien-khai-nen-tang-quan-tri-nhan-luc-trong-nganh-xay-dung-voi-su-ho-tro-cua-ai-188260404121505628.chn,2026-04-04 11:30:00,2026,4,2026-06-07 05:39:15.891492,5ce9f9b54eb5e333771244e8bb533ee57f925d467b56dc1fc4210b1a82017f08,NEW,,0
https://cafef.vn/huong-dan-nguoi-nop-thue-kiem-tra-hoa-don-nha-phan-phoi-da-xuat-188260404084509101.chn,2026-04-04 11:11:00,2026,4,2026-06-07 05:39:15.944204,21da52e3b729206583c8f050cb131e334a7fb701e9e814fd0614ae081a395bc6,NEW,,0
https://cafef.vn/gia-dien-tang-soc-800-con-khat-cua-ai-dang-vat-kiet-luoi-dien-nuoc-my-188260404095029063.chn,2026-04-04 10:49:00,2026,4,2026-06-07 05:39:15.996529,5b9db2aae6e9741505eb099bc965c83b5dc0352adfcb4acdd32070023bfa8a66,NEW,,0
https://cafef.vn/quy-dinh-moi-cac-thue-bao-di-dong-bat-buoc-phai-thuc-hien-dieu-nay-tu-ngay-15-4-toi-day-188260404072353655.chn,2026-04-04 09:40:00,2026,4,2026-06-07 05:39:16.049055,fe0b1e13afad6b754f17152ca6df0b581933979b61e3d504ec6d13e808d707df,NEW,,0
https://cafef.vn/khoi-to-doi-tuong-gia-trai-lua-dao-hon-11-ty-qua-mang-xa-hoi-18826040408380385.chn,2026-04-04 09:04:00,2026,4,2026-06-07 05:39:16.103573,faa0f8a6c2c025fe328955c968eae1c656d2fb8d6ab5b8ec981079c45d879633,NEW,,0
https://cafef.vn/cong-an-thong-bao-den-tat-ca-nhung-ai-nhan-duoc-tin-nhan-zalo-co-noi-dung-sau-188260404073907168.chn,2026-04-04 08:40:00,2026,4,2026-06-07 05:39:16.157441,0d139c5040432a739c42a9fea4616255f06ef627a7cf81d44b300b54e85daff1,NEW,,0
https://cafef.vn/meta-thuong-lon-cho-nhan-vien-lam-viec-bang-ai-hoa-ra-la-cach-chuan-bi-sa-thai-15000-nguoi-188260404070410074.chn,2026-04-04 07:33:00,2026,4,2026-06-07 05:39:16.206805,934daab685167dad6f09f8815fb24843828ebf9db531d45adcbb6b5274a7a2d8,NEW,,0
https://cafef.vn/apple-thong-bao-khan-yeu-cau-nguoi-dung-iphone-cap-nhat-ngay-lap-tuc-de-tranh-bi-mat-sach-du-lieu-188260404070757435.chn,2026-04-04 07:07:00,2026,4,2026-06-07 05:39:16.260009,92763c7ac697b3900fd8ce793c3220d4d9b48db3e0daa97692a3eb16e18e0fd6,NEW,,0
https://cafef.vn/chu-tich-hdqt-fpt-truong-gia-binh-noi-ve-mot-ky-tich-trong-thuc-thi-nghi-quyet-57-neu-truoc-day-du-an-can-toi-4-nam-nay-hoan-thanh-chi-trong-1-nam-va-van-hanh-tron-tru-sau-6-thang-188260404070024576.chn,2026-04-04 07:00:00,2026,4,2026-06-07 05:39:16.312499,8ab6c7820bfd9931f244b8622ef02d6c5d89852b620b7d35adad9da64393094f,NEW,,0
https://cafef.vn/cong-an-vua-co-thong-bao-quan-trong-lien-quan-den-ho-kinh-doanh-ca-nhan-kinh-doanh-188260403212326189.chn,2026-04-03 21:23:00,2026,4,2026-06-07 05:39:16.365508,0113bb305f727e0474c03a1b5660d76f4b381e8d2035b8a1a00baf1761800ca7,NEW,,0
https://cafef.vn/shark-binh-cau-ket-voi-mr-pips-cung-cap-thong-tin-sai-lech-cho-co-quan-dieu-tra-18826040319350898.chn,2026-04-03 19:38:00,2026,4,2026-06-07 05:39:16.418243,9f504e6db213ce418c3f36ce2468894c0753924f40fb834936c4cbdc08f8c559,NEW,,0
https://cafef.vn/grab-thuc-day-tang-truong-cho-thuong-hieu-fb-va-ban-le-188260404071609969.chn,2026-04-03 17:15:00,2026,4,2026-06-07 05:39:16.474033,d81bca7f998ad5f020d7e054d269af9dafb9f4ace5da7fcae974a5233242e711,NEW,,0
https://cafef.vn/dinh-vi-quan-trong-cua-apple-trong-nua-the-ky-thu-hai-cua-minh-ai-co-phai-canh-bac-lon-nhat-cua-apple-188260403163030501.chn,2026-04-03 17:07:00,2026,4,2026-06-07 05:39:16.549601,79e0311231164a1995acfad6364fb2e234511a024e786742fcbf4cc8519d6592,NEW,,0
https://cafef.vn/phat-hien-su-co-dien-ra-tai-hung-yen-trung-tam-tan-so-vo-tuyen-dien-nhanh-chong-xu-ly-188260403162743724.chn,2026-04-03 16:27:00,2026,4,2026-06-07 05:39:16.606183,4061895842dba43bd5e7be376341fc4b85076c5b14d51549de4058aaeba3f1f0,NEW,,0
https://cafef.vn/khong-cuoc-goi-khong-thao-tac-van-bi-bay-hon-38-trieu-vi-dien-thoai-do-canh-bao-chieu-lua-moi-cuc-tinh-vi-ma-nhieu-nguoi-viet-hay-chu-quan-188260403152104841.chn,2026-04-03 16:16:00,2026,4,2026-06-07 05:39:16.660250,d450c86670344cedd44212fca7e66df44a9290382e88b9d10e9dd28143568d71,NEW,,0
https://cafef.vn/csgt-cong-an-tinh-dong-thap-co-canh-bao-khan-cap-18826040313395415.chn,2026-04-03 15:42:00,2026,4,2026-06-07 05:39:16.712550,e15a621ae630db74b2ff338b11e53b0b70b3214587a5590b05b878ba32bdff15,NEW,,0
https://cafef.vn/mang-internet-viettel-co-thay-doi-moi-188260403150128823.chn,2026-04-03 15:01:00,2026,4,2026-06-07 05:39:16.797450,318f235e532e5092ba158f0f58af8575ed7321240b819e5feacc31b7a45bbc4d,NEW,,0
https://cafef.vn/lg-dat-cot-moc-moi-188260404073537701.chn,2026-04-03 14:34:00,2026,4,2026-06-07 05:39:16.933140,eaeba2c2bbdd6fea7ebefe8d0d46d5de62aa104ce789a9643b1d67e6ba75ceea,NEW,,0
https://cafef.vn/camera-ai-se-khong-biet-bo-qua-nhu-nguoi-day-la-5-loi-pho-bien-nhat-ban-can-biet-va-tranh-188260403133437484.chn,2026-04-03 14:34:00,2026,4,2026-06-07 05:39:16.986289,9af7224be92e4c79bcb6454146f91e58889d38c8731da4316c94032c83337ab3,NEW,,0
https://cafef.vn/hon-10-ngay-nua-chinh-sach-moi-tac-dong-hang-trieu-thue-bao-di-dong-se-chinh-thuc-co-hieu-luc-nguoi-dan-luu-y-188260403132433116.chn,2026-04-03 13:24:00,2026,4,2026-06-07 05:39:17.043914,9d18653fb9ec95951933ad4ead627e37fe0b23047e65be3bdb8eb6951ce726cd,NEW,,0
https://cafef.vn/fpt-de-xuat-khao-sat-xay-truong-lien-cap-fpt-o-ninh-binh-188260403122636665.chn,2026-04-03 12:26:00,2026,4,2026-06-07 05:40:27.900729,0a5d12a462908a981343156537606aa83d442525ae784c263199e909ee93da12,NEW,,0
https://cafef.vn/cong-nghe-3-4-trung-quoc-mo-rong-chuong-trinh-nhan-dan-te-so-188260403093650379.chn,2026-04-03 11:30:00,2026,4,2026-06-07 05:40:27.954521,5ede38d6e9e9ac13aca29d7a350d170a09f7b6c98af9ac53800ce4174d0614ec,NEW,,0
https://cafef.vn/google-choi-lon-nang-cap-mien-phi-goi-ai-pro-len-5tb-nguoi-dung-huong-loi-ap-luc-don-len-doi-thu-18826040310130444.chn,2026-04-03 10:38:00,2026,4,2026-06-07 05:40:28.007364,ffadd7529274509ce95c90e212650b36d75e0fa69ccbbb0fa2454fad1693f058,NEW,,0
https://cafef.vn/mot-ung-dung-smartphone-dang-thay-doi-cach-nguoi-dan-ha-noi-ket-noi-voi-chinh-quyen-nhu-the-nao-188260403101121288.chn,2026-04-03 10:35:00,2026,4,2026-06-07 05:40:28.059042,c4a07ba5ff50ad1b1e9dc0b42e31ea59e968f859d2de14b382e47f903498d80a,NEW,,0
https://cafef.vn/nvidia-bo-xa-doi-thu-9-lan-trong-bai-kiem-tra-ai-jensen-huang-goi-la-khat-khe-nhat-va-ly-do-khong-phai-chip-blackwell-moi-188260403095526762.chn,2026-04-03 10:01:00,2026,4,2026-06-07 05:40:28.111711,1f824c94e881bf5c5c968c7b9792ab04f5c216310720e6ee43dc9474a9728e47,NEW,,0
https://cafef.vn/vneid-vua-cap-nhat-thay-doi-moi-nguoi-dan-bo-qua-la-bo-lo-quyen-loi-188260403092535306.chn,2026-04-03 09:24:00,2026,4,2026-06-07 05:40:28.163533,390f01f6aa807845e0f4d2f784f02a2fc8c7e7fe6893f17bda7479a1cfa836ff,NEW,,0
https://cafef.vn/sieu-chu-ky-7000-ty-usd-cuoc-dua-ha-tang-ai-va-con-khat-nang-luong-toan-cau-188260403064546491.chn,2026-04-03 09:00:00,2026,4,2026-06-07 05:40:28.216559,00e44efb637193773f4ca81e768cb97ab8f48f59aec87caaea0303f668c42bd7,NEW,,0
https://cafef.vn/ai-cai-co-khien-hang-chuc-nghin-nhan-vien-cong-nghe-mat-viec-188260403064713014.chn,2026-04-03 08:29:00,2026,4,2026-06-07 05:40:28.268930,7d7be1b4c56e54ef320f902f146b304444cbc43b3ec0980cc296fab7b1363616,NEW,,0
https://cafef.vn/facebook-chinh-thuc-dong-cua-messenger-trinh-duyet-web-tu-16-4-188260403065042875.chn,2026-04-03 07:55:00,2026,4,2026-06-07 05:40:28.321938,e66606b17926de225d7a4fdd6a032735af46e3e2089248f5e16a304f861dbc21,NEW,,0
https://cafef.vn/dung-ai-hoac-ra-duong-vi-sao-cac-tap-doan-ep-100-nhan-vien-dung-tri-thong-minh-nhan-tao-du-chua-thay-lai-18826040306482915.chn,2026-04-03 07:20:00,2026,4,2026-06-07 05:40:28.374300,199a4da363e93cfeda2b4509e8f8fe12284aa225b90b94148600a9ad29349b4f,NEW,,0
https://cafef.vn/khanh-thanh-trung-tam-giam-sat-dieu-hanh-thong-minh-cuc-quan-ly-thi-hanh-an-dan-su-bien-du-lieu-thanh-nang-luc-dieu-hanh-188260402183416494.chn,2026-04-02 18:34:00,2026,4,2026-06-07 05:40:28.426786,eca5bed1a276efa4dd3774d8c32409f983b0b7836b3b17a999a5dc66e45ae259,NEW,,0
https://cafef.vn/grab-tiep-tuc-cap-nhat-ve-viec-ho-tro-doi-tac-tai-xe-xe-xang-va-xe-dien-188260402181542262.chn,2026-04-02 18:15:00,2026,4,2026-06-07 05:40:28.479788,0765ea8e87008a240418ef691fcb542a755863d8150ab69eee5b4cd559620838,NEW,,0
https://cafef.vn/vu-lo-ma-nguon-claude-code-cursor-github-copilot-duoc-huong-loi-nhung-thu-quan-trong-nhat-van-kho-long-ma-copy-duoc-188260402163702689.chn,2026-04-02 17:30:00,2026,4,2026-06-07 05:40:28.531598,a218f2f0fc551e1c5bbd98b93764bdc043f6640484bd777fd9f4feba30a9311b,NEW,,0
https://cafef.vn/google-chinh-thuc-cho-phep-doi-ten-gmail-truc-tiep-18826040207201348.chn,2026-04-02 17:07:00,2026,4,2026-06-07 05:40:28.583819,111f096bdd76d6ae106423bcd3dfee6f2c04177c36ce812a542f46c02a43152c,NEW,,0
https://cafef.vn/hon-100-taxi-tu-lai-dot-ngot-dung-lai-giua-duong-pho-trung-quoc-hanh-khach-hoang-mang-buoc-phai-kich-hoat-sos-tim-duong-thoat-188260402162257248.chn,2026-04-02 16:24:00,2026,4,2026-06-07 05:40:28.634799,329a06b99542b0e12a5d6c01d3905e26185ab94ef7f4ebac8eced14a9b06a4ff,NEW,,0
https://cafef.vn/spacex-tien-sat-su-kien-ipo-lich-su-canh-bac-nghin-ty-cua-elon-musk-188260402133339631.chn,2026-04-02 16:15:00,2026,4,2026-06-07 05:40:28.688390,f92382e45ec921c55bd25f5b20d791d46014e70de96e910380c654ebfff42aa2,NEW,,0
https://cafef.vn/moi-xuat-hien-tren-giay-to-thuat-toan-cua-google-da-duoc-mot-coder-tai-tao-chi-trong-7-ngay-188260402133433231.chn,2026-04-02 15:40:00,2026,4,2026-06-07 05:40:28.741082,afcc9b8267b3a3ba49a214b3c0350b6f2ac7abd88bf677324c46479fc25c0c3b,NEW,,0
https://cafef.vn/cap-quang-dat-ky-luc-toc-do-moi-cho-phep-phat-truc-tuyen-50-trieu-bo-phim-cung-luc-188260402133539395.chn,2026-04-02 15:11:00,2026,4,2026-06-07 05:40:28.792279,8f483dad81996dced2e3452cc9ff158f44a44878426def0c4cb79df3a6440da0,NEW,,0
https://cafef.vn/cong-an-canh-bao-toi-nguoi-dan-co-giao-dich-chuyen-khoan-nhieu-lan-voi-noi-dung-sau-188260401223919167.chn,2026-04-02 15:02:00,2026,4,2026-06-07 05:40:28.844858,250c76f2f7c06b8df36f2dfcbcda602d1c0e1d7b82069a803c76188519f6b7fd,NEW,,0
https://cafef.vn/mo-hinh-toan-hoc-cua-mit-cho-thay-su-ba-phai-cua-ai-nhu-chatgpt-dang-cuon-nguoi-dung-vao-vong-xoay-hoang-tuong-188260402133234392.chn,2026-04-02 14:36:00,2026,4,2026-06-07 05:40:28.897916,e2a36a1620bafa812a45cea24c0ea1a34fba2a71f7701569cb4460225b473ff3,NEW,,0
https://cafef.vn/starlink-cua-ty-phu-elon-musk-vao-viet-nam-gia-dich-vu-internet-ve-tinh-giam-10-moi-nam-188260402134007012.chn,2026-04-02 14:05:00,2026,4,2026-06-07 05:40:28.959600,6f0df3efb424752d9b0dfb978e554d31e6acce43f3cdefe7b2ef2cd3ab2d6751,NEW,,0
https://cafef.vn/cmc-tang-toc-chuyen-doi-ai-huong-toi-muc-tieu-cong-ty-chuyen-doi-ai-toan-cau-18826040213583576.chn,2026-04-02 13:58:00,2026,4,2026-06-07 05:40:29.020447,1d68ca46699135dcb578f68b69881860202d87d8802a368ecdc510be78e86640,NEW,,0
https://cafef.vn/cong-an-co-thong-bao-quan-trong-toi-tat-ca-gia-dinh-dang-lap-camera-trong-nha-188260402103127331.chn,2026-04-02 13:30:00,2026,4,2026-06-07 05:40:29.072704,ac089685a83b0d249c8a589f1ee5057d49a2a950a2b84f242139730551d95f7e,NEW,,0
https://cafef.vn/ho-henh-de-lo-512000-dong-ma-nguon-khi-ga-khong-lo-ai-anthropic-bi-chinh-uu-the-toc-do-phan-luoi-nha-188260402101721988.chn,2026-04-02 10:54:00,2026,4,2026-06-07 05:40:29.217225,5756afc5498724a3519ae0466f2f13cd27e44702370866a3c9b0c28b67bccf95,NEW,,0
https://cafef.vn/nhan-duoc-email-cong-ty-luc-6-gio-sang-30000-nhan-vien-oracle-bi-sa-thai-khong-mot-loi-bao-truoc-188260402092139898.chn,2026-04-02 10:40:00,2026,4,2026-06-07 05:40:29.303649,1c899e307562b426936823df22b7b55dcbf34b5f4fdbee5f48380ad9092313b5,NEW,,0
https://cafef.vn/thong-tin-moi-ve-ung-dung-vneid-nguoi-dan-can-biet-188260402094046457.chn,2026-04-02 10:19:00,2026,4,2026-06-07 05:40:29.355367,dd76dd079707ebd12f0c09f83275b9eea2c6a3eb181b232a4c31d41818387567,NEW,,0
https://cafef.vn/chan-gan-4000-ti-dong-gian-lan-lua-dao-qua-ngan-hang-vi-dien-tu-188260402093810041.chn,2026-04-02 09:38:00,2026,4,2026-06-07 05:40:29.410416,6b23e2be128f51856d4e479c22003901d25047ba0420bf15211b34487c28ad59,NEW,,0
https://cafef.vn/claude-code-hay-viet-test-di-nhung-toan-bo-512000-dong-code-cua-chinh-no-thi-khong-co-lay-mot-cai-test-nao-188260402061337648.chn,2026-04-02 08:13:00,2026,4,2026-06-07 05:40:29.466483,70defaba22588e0cebc71cf45e512c4cfab499e84c556aad3d0874e4b5d129a5,NEW,,0
https://cafef.vn/apple-ngao-ai-hay-ca-the-gioi-dang-bi-ceo-tim-cook-dat-mui-bigtech-do-700-ty-usd-dau-tu-nhung-nha-san-xuat-iphone-lai-chi-thue-1-ty-usd-moi-nam-188260402071721208.chn,2026-04-02 07:40:00,2026,4,2026-06-07 05:40:29.531898,2f9214f40f6c44d5941454677687bfa41fa134d923ff62308887f7c7d6312b6e,NEW,,0
https://cafef.vn/nhieu-tai-khoan-ban-hang-tren-facebook-bi-bay-mau-dieu-gi-dang-xay-ra-188260402060800945.chn,2026-04-02 06:07:00,2026,4,2026-06-07 05:40:29.588545,4e0c6cbe6a818ded69fbb5d27ec929b86d2a68031b8c67ec92d679af1a9663de,NEW,,0
https://cafef.vn/anthropic-xay-he-thong-bat-ai-dung-de-lo-danh-tinh-roi-vo-tinh-de-lo-chinh-he-thong-do-cho-ca-the-gioi-thay-188260401151948824.chn,2026-04-01 18:48:00,2026,4,2026-06-07 05:40:29.645192,363525b9a730e67de93471d950ed947c37b84a8681acb78825e3b49b16a4de6c,NEW,,0
https://cafef.vn/vng-lan-dau-he-lo-doanh-thu-zalo-va-zalopay-188260401164116848.chn,2026-04-01 17:41:00,2026,4,2026-06-07 05:40:29.700849,3e02cd42560eb204fae9ebb143420f23c9829d3d3b6c9e9c793d916f9aeb0627,NEW,,0
https://cafef.vn/thue-tphcm-huong-dan-cach-tra-cuu-thong-tin-bi-cam-xuat-canh-vi-no-thue-188260401165123005.chn,2026-04-01 17:21:00,2026,4,2026-06-07 05:40:29.754567,f7496307da5b404c80f7ea86e3dd931ba872670e03f1c02e0a698f4dcf3b6641,NEW,,0
https://cafef.vn/vi-sao-khong-ghi-noi-dung-chuyen-khoan-van-khong-the-qua-mat-co-quan-thue-co-tinh-giau-doanh-thu-de-ne-thue-188260401153344218.chn,2026-04-01 16:59:00,2026,4,2026-06-07 05:40:29.807732,34c304efc70b30fc8a18d198a45a8ab38b259be2edef4f30a3986c5c5bd02915,NEW,,0
https://cafef.vn/anthropic-de-lo-toan-bo-ma-nguon-claude-code-lan-thu-hai-tiet-lo-hang-loat-tinh-nang-bi-mat-chua-tung-cong-bo-18826040113170725.chn,2026-04-01 16:26:00,2026,4,2026-06-07 05:40:29.859293,332982c90d972e1bedbfd89dbd9d59e4beb9fa7c810485cd2eb1c48963c39013,NEW,,0
https://cafef.vn/trung-quoc-my-eu-tung-thu-nghiem-va-thanh-cong-bo-truong-nguyen-manh-hung-chi-ra-cong-thuc-phat-trien-cho-loat-san-pham-tri-gia-ty-do-make-in-viet-nam-188260401155734499.chn,2026-04-01 15:56:57,2026,4,2026-06-07 05:40:29.912119,48bd0fa22118628e65fe8b1c18c197e6f302263f6ae716086a1a5df905154c3d,NEW,,0
https://cafef.vn/tai-khoan-nhan-100-trieu-dong-nguyen-thi-kim-lien-phai-len-cong-an-lam-viec-188260401155055884.chn,2026-04-01 15:50:00,2026,4,2026-06-07 05:40:29.965154,0c298c9f7cc0180466a5b91996618d90aedf1696d4092e90b4fd02ddfc674596,NEW,,0
https://cafef.vn/nhung-quy-dinh-ve-ai-trong-luat-so-huu-tri-tue-sua-doi-co-hieu-luc-tu-ngay-1-4-188260401125907794.chn,2026-04-01 15:45:00,2026,4,2026-06-07 05:40:30.028392,b6ea932dfbc0c69e0dc3a7ad9d6f2711a99277147978cb7a11b7edb381a37d54,NEW,,0
https://cafef.vn/google-maps-tung-tinh-nang-gay-soc-chu-xe-dien-sap-quen-luon-chuyen-het-pin-188260401135136974.chn,2026-04-01 14:44:00,2026,4,2026-06-07 05:40:30.083432,242e2cf0a4848b6f847a5049c02bd94b77121cdf22cf3fccf9bced621aeb4f0d,NEW,,0
https://cafef.vn/cmc-nhan-giai-best-new-bond-sau-thuong-vu-trai-phieu-debut-1250-ty-dong-188260401140304945.chn,2026-04-01 14:00:00,2026,4,2026-06-07 05:40:30.139949,4622305547cb9dcd1b9a0b191c2f7b6b4a781b457efc36be7e401a3001100517,NEW,,0
https://cafef.vn/starlink-kho-canh-tranh-voi-cac-dich-vu-co-dinh-di-dong-tai-viet-nam-188260401130029039.chn,2026-04-01 13:21:00,2026,4,2026-06-07 05:40:30.194203,d19f6888a1860a21fb3740853d9d354219a143c05deb22f9c3338359e8cf0b7c,NEW,,0
https://cafef.vn/google-canh-bao-tan-the-bao-mat-se-den-vao-nam-2029-ma-hoa-internet-sup-do-bitcoin-co-the-bi-be-khoa-trong-vai-phut-188260401103453491.chn,2026-04-01 11:30:00,2026,4,2026-06-07 05:40:30.248432,b1bce04830bda2d50a24a95e8193ed4f9a417fcbe5643dac64939b32a8c40ff6,NEW,,0
https://cafef.vn/ai-co-the-xoa-so-hon-93-trieu-viec-lam-tai-my-day-la-nhom-nganh-de-bi-ha-guc-doi-dien-nghich-ly-cang-gioi-cang-de-mat-viec-188260401103330858.chn,2026-04-01 11:00:00,2026,4,2026-06-07 05:40:30.300473,c3c002de04c00fea2709f21ea9fdeb464af9548b268d12e1bbe975d592b046a2,NEW,,0
https://cafef.vn/bo-hang-ty-dong-hoc-nghe-thuat-de-thanh-tho-go-lenh-cho-ai-hon-70-sinh-vien-phan-doi-cuoc-cac-mang-cong-nghe-moi-188260401094339223.chn,2026-04-01 10:48:00,2026,4,2026-06-07 05:40:30.352214,d6212daa6a4e0c23207f046ac9e73e732f6cf550fa5419a7498b5e701076e527,NEW,,0
https://cafef.vn/cong-nghe-1-4-oracle-cat-giam-nhan-su-wi-fi-amazon-thach-thuc-starlink-188260401091004284.chn,2026-04-01 10:20:00,2026,4,2026-06-07 05:40:30.403083,1d85c53f82ad9ccf3efe91d5abe3dc9ecbe81c653164356ebd8b24aefc94eb98,NEW,,0
https://cafef.vn/co-quan-thue-canh-bao-ho-kinh-doanh-doanh-nghiep-co-the-mat-tien-oan-neu-lam-theo-viec-nay-188260401094235296.chn,2026-04-01 09:53:00,2026,4,2026-06-07 05:41:50.370061,05b3d50d9155bf7860dfb378acbbae5e2484118f859081bbdce7aecb4ec3675e,NEW,,0
https://cafef.vn/samsung-mo-rong-san-xuat-chip-2nm-co-hoi-moi-cho-khach-hang-bi-tsmc-bo-roi-188260401090555828.chn,2026-04-01 09:49:00,2026,4,2026-06-07 05:41:50.424191,04b9d9d17b3b8f00e16d8c7a643830d643de4f8026a222e3fd2284311a443f7e,NEW,,0
https://cafef.vn/ai-cuop-viec-ong-lon-cong-nghe-duoi-nguoi-lao-dong-toan-cau-dang-phai-tu-tim-phao-cuu-sinh-trong-con-khung-hoang-188260401090450.chn,2026-04-01 09:10:00,2026,4,2026-06-07 05:41:50.476205,929fce0f7308148bfe555fa3a7e38c38f596f2e0f8304d1b8fb3cb9433b048c8,NEW,,0
https://cafef.vn/hoc-ba-bang-cap-duoc-tich-hop-thanh-ma-ho-so-hoc-tap-tren-vneid-tu-thang-5-2026-188260401072536434.chn,2026-04-01 08:28:00,2026,4,2026-06-07 05:41:50.527419,7159510d0f6e367f4737b853eaa27c597c758197ca0da7163aee3dff336a0cb1,NEW,,0
https://cafef.vn/rui-ro-tu-nhung-buc-anh-chup-tu-dien-thoai-188260401072825115.chn,2026-04-01 07:55:00,2026,4,2026-06-07 05:41:50.579130,b39eb3e08fdc338267b8e79023136afce0522ab3f670d8b179d236d9c22e5452,NEW,,0
https://cafef.vn/fujitsu-va-rapidus-bat-tay-lam-chip-ai-14nm-co-the-dau-tien-tren-the-gioi-va-khong-co-tsmc-trong-du-an-nay-188260401071704097.chn,2026-04-01 07:20:00,2026,4,2026-06-07 05:41:50.631810,ce4ce706e4551a09cde9b7c14528da47c2c4bde346dc9c1083fb1503b497f807,NEW,,0
https://cafef.vn/dang-ky-tam-tru-online-nhung-khong-thay-thong-tin-trong-co-so-du-lieu-quoc-gia-can-nhung-thu-tuc-gi-188260331183740358.chn,2026-04-01 07:07:00,2026,4,2026-06-07 05:41:50.685380,434ca927866df904aa82c57c7687c30d8f9b49179f8a30264930433575d23b11,NEW,,0
https://cafef.vn/tai-khoan-ngan-hang-co-giao-dich-20-trieu-dong-cong-an-yeu-cau-vo-thi-phuong-thanh-len-lam-viec-18826033118222311.chn,2026-03-31 19:49:00,2026,3,2026-06-07 05:41:50.736242,a40fdc9681cd4b654478995480262332a7b4de54077509334b501c511bf9af88,NEW,,0
https://cafef.vn/vuot-xa-ifc-nuoc-co-gdp-dau-nguoi-cao-gap-6-lan-viet-nam-trung-tam-tai-chinh-tphcm-co-gi-dac-biet-188260331172725057.chn,2026-03-31 17:50:00,2026,3,2026-06-07 05:41:50.789694,47fc7f92435b8cfc13afa95cb79d392db440caf8b2b88ad4e3bc5631fb5bb60b,NEW,,0
https://cafef.vn/co-quan-thue-phat-canh-bao-nguoi-nop-thue-chu-y-188260331165525627.chn,2026-03-31 16:57:00,2026,3,2026-06-07 05:41:50.843687,3292d84a89372f618e5d386acbb96cd4d1a316a6676b78cb278585ba117f4e90,NEW,,0
https://cafef.vn/cong-an-phat-canh-bao-moi-toi-nguoi-su-dung-ung-dung-ngan-hang-188260331165522083.chn,2026-03-31 16:56:00,2026,3,2026-06-07 05:41:50.897814,29089559ae2c1e455c80d08bc6ed1dc65ac910aff544a4d7ce298ff7cf70284c,NEW,,0
https://cafef.vn/openai-bo-sung-plugin-mo-rong-codex-vuot-lap-trinh-188260331154743985.chn,2026-03-31 16:34:00,2026,3,2026-06-07 05:41:50.952359,0b53af1c94da87872123bf053e6e11dcf6fe2ba7210cf9268be6b216efe4072e,NEW,,0
https://cafef.vn/canh-giac-thu-doan-gia-chuyen-khoan-khi-mua-ban-online-188260331155219014.chn,2026-03-31 15:56:00,2026,3,2026-06-07 05:41:51.005077,745ee1e161bce152aedfd9dbb72946925d4d268cfefe2fc101873464b89c9810,NEW,,0
https://cafef.vn/deepseek-gap-su-co-ai-keo-dai-hon-7-gio-dai-nhat-tu-dau-2025-188260331145239972.chn,2026-03-31 15:26:00,2026,3,2026-06-07 05:41:51.058805,fcc3bf3dd6c69b90890c729766b68826f87258b59d8f99c2525038ee7f1a01cb,NEW,,0
https://cafef.vn/nganh-am-nhac-sung-sot-truoc-ai-300-trieu-usd-nam-7-trieu-bai-moi-ngay-va-mot-spotify-moi-sau-moi-2-tuan-188260331134742433.chn,2026-03-31 14:55:00,2026,3,2026-06-07 05:41:51.119898,dc9a706516df04e4c9a5402bbe39fa336aa92632607d32822c6e78393428bc1e,NEW,,0
https://cafef.vn/khong-phai-vuot-den-do-hay-nong-do-con-day-la-vi-pham-se-duoc-camera-ai-tang-cuong-xu-ly-phat-nguoi-24-24-thoi-gian-toi-cao-nhat-len-den-22000000-dong-188260331143325613.chn,2026-03-31 14:32:00,2026,3,2026-06-07 05:41:51.185665,03937eebb57a813d18103a51ff04e8e2a3575d9570c47516f282be5aeeaffad7,NEW,,0
https://cafef.vn/chu-tich-fed-jerome-powell-canh-bao-cac-tap-doan-lon-dang-khao-khat-dung-ai-de-thay-the-hang-nghin-nhan-su-188260331135058878.chn,2026-03-31 14:20:00,2026,3,2026-06-07 05:41:51.238600,2c9bc644176e667b3a9d30e236c066dc2ef51da7bbe1767b2f60a36a2682e648,NEW,,0
https://cafef.vn/tu-1-4-mot-diem-moi-ve-vneid-chinh-thuc-co-hieu-luc-nguoi-dan-can-nam-ro-18826033113523769.chn,2026-03-31 13:53:00,2026,3,2026-06-07 05:41:51.289772,294b273e419f823a13370758dbddc6ca5d30b6fdaa97241db429667681266a2e,NEW,,0
https://cafef.vn/camera-cua-nguoi-dan-ket-noi-voi-cong-an-chia-se-theo-co-che-nao-bao-mat-du-lieu-ra-sao-188260331133011543.chn,2026-03-31 13:30:00,2026,3,2026-06-07 05:41:51.342428,824c82472d9c1d026bcebd69cd069d8564efb99bd9a1d4bf25b14f6ed8d0e69d,NEW,,0
https://cafef.vn/bi-dong-minh-anthropic-dam-sau-lung-startup-30-ty-usd-lung-lay-sau-1-dem-ke-dinh-nghia-lai-cach-viet-ma-dang-bi-chinh-tac-pham-cua-minh-dao-thai-18826033109251208.chn,2026-03-31 09:43:00,2026,3,2026-06-07 05:41:51.398635,e8db272adfb7951fb457ffb51498be63dda5ce08f72401c48cecc4342e59de36,NEW,,0
https://cafef.vn/ai-trung-quoc-noi-loan-tu-mo-backdoor-thoat-ra-ngoai-chiem-quyen-dieu-khien-gpu-de-dao-tien-ma-hoa-188260331065212921.chn,2026-03-31 09:08:00,2026,3,2026-06-07 05:41:51.465920,aeeed58c610789f298eba32c4acdab6945afdce15e8789e9c8c4df6c62079e74,NEW,,0
https://cafef.vn/toi-khong-biet-lam-viec-the-nao-neu-thieu-no-hang-trieu-nguoi-dung-ai-oan-khi-deepseek-sap-12-tieng-dong-ho-18826033106580394.chn,2026-03-31 08:42:00,2026,3,2026-06-07 05:41:51.520695,3611ccda57d1fd6b19361bb14c263d1d8dee80230063cf9fe03e9735ce6db81e,NEW,,0
https://cafef.vn/nguoi-dan-tuyet-doi-khong-bat-may-ket-ban-zalo-khi-nhan-duoc-cuoc-goi-nay-188260331070414175.chn,2026-03-31 07:45:00,2026,3,2026-06-07 05:41:51.573722,21bce52e7cfae4c62cceb04dc208c9866105fd73abc14c5512292ee3eaeb8358,NEW,,0
https://cafef.vn/chu-tich-openai-dua-ra-canh-bao-toi-cac-cong-ty-va-nhan-vien-van-phong-188260330163713863.chn,2026-03-30 18:49:00,2026,3,2026-06-07 05:41:51.627324,b00fc92e6075643712aea250082499a2c5230c2f15cae57a845e69d0461108e3,NEW,,0
https://cafef.vn/nhung-con-so-bat-ngo-ve-nu-tai-xe-cong-nghe-o-viet-nam-va-dong-nam-a-188260330154952515.chn,2026-03-30 15:49:00,2026,3,2026-06-07 05:41:51.680262,52cb9957bf6a80b5c9da0490eebd67c5a4ca2bea24c9192f871595e2816d6ade,NEW,,0
https://cafef.vn/doi-tuyen-quoc-gia-the-thao-dien-tu-viet-nam-san-sang-chinh-phuc-dau-truong-toan-cau-tai-esports-nations-cup-2026-188260330154635689.chn,2026-03-30 15:46:00,2026,3,2026-06-07 05:41:51.733724,f74b52134ac64f21deb41159e4810c769f9239b1dd8be98dc986bfcbef742fe5,NEW,,0
https://cafef.vn/canh-bao-nguoi-ban-hang-online-3-truong-hop-bi-dung-livestream-tu-ngay-17-188260330131902612.chn,2026-03-30 14:33:00,2026,3,2026-06-07 05:41:51.786644,5b00c76236874cc735ec99864052690e1c06a7ed80eaac516c9eec209e78c28f,NEW,,0
https://cafef.vn/tu-1-4-tat-ca-ngan-hang-chinh-thuc-ngung-1-loai-giao-dich-chuyen-khoan-khach-hang-luu-y-188260330131637797.chn,2026-03-30 13:31:00,2026,3,2026-06-07 05:41:51.840381,99c4fc7dd6dfd28feb81ac02071928166c575981079b4c41ddb478bf9a23438e,NEW,,0
https://cafef.vn/sap-bay-ke-gia-danh-nhan-vien-cong-ty-cap-nuoc-nguoi-dan-ong-mat-220-trieu-188260330110220729.chn,2026-03-30 11:47:00,2026,3,2026-06-07 05:41:51.892585,6b067e2ac846455a587ab567335b5ba9437144e860c03e8209fa86233def912c,NEW,,0
https://cafef.vn/dau-cham-xanh-tren-iphone-bi-vo-hieu-hoa-hang-trieu-nguoi-doi-mat-nguy-co-bi-quay-len-188260330112723269.chn,2026-03-30 11:27:00,2026,3,2026-06-07 05:41:51.945137,8af71c299bbc8d6c0616f3360f2e3742514969cec228f2dd9f3d89a3e1cd119e,NEW,,0
https://cafef.vn/bong-bong-ai-nguy-co-sap-vo-tung-xuat-hien-dong-von-khung-9000-ty-usd-nhung-95-du-an-van-that-bai-nhieu-tay-choi-lon-co-the-pha-san-188260330104235808.chn,2026-03-30 11:00:00,2026,3,2026-06-07 05:41:51.997837,fd891447313a7559ed8820690ad3e19aefb4d6d487cf530c2110c56b081b6ee0,NEW,,0
https://cafef.vn/dot-1-trieu-usd-ngay-nhung-khong-ra-tien-cai-ket-duoc-bao-truoc-cua-sora-khi-bi-openai-khai-tu-ngay-truoc-them-ipo-18826033010080872.chn,2026-03-30 10:35:00,2026,3,2026-06-07 05:41:52.050370,0b66964e7c41928f1c14e1662d2fb8c07de0b69d983eb62cbda6edc3a15519f6,NEW,,0
https://cafef.vn/cong-nghe-30-3-apple-bien-siri-thanh-trung-tam-ai-da-nang-188260330091952963.chn,2026-03-30 10:00:00,2026,3,2026-06-07 05:41:52.105757,b62973d1da293a894f1751f9093e89ada711ce354a7a0046ed9cbe2bf405e302,NEW,,0
https://cafef.vn/google-dang-dinh-xao-nau-lai-moi-dong-title-bang-ai-nganh-seo-dung-truoc-cuoc-thay-doi-lon-188260330093538428.chn,2026-03-30 09:37:00,2026,3,2026-06-07 05:41:52.158214,a4a499efc65177c5aecf07538e3c3e321705ac12e0d7a255de8c5fbeb8f2376e,NEW,,0
https://cafef.vn/tin-vui-cho-game-thu-openai-cat-sieu-du-an-google-nen-ram-ai-xuong-6-lan-gia-ddr5-giam-manh-nhat-trong-mot-tuan-188260330090322213.chn,2026-03-30 09:09:00,2026,3,2026-06-07 05:41:52.211826,49bf206078cff52012d8efc264f7a2d4663aba111e51f45119da9d4a0e5068d9,NEW,,0
https://cafef.vn/fpt-de-xuat-cung-gia-lai-xay-dung-trung-tam-ai-dau-tu-ha-tang-cong-nghe-va-giao-duc-188260330071811393.chn,2026-03-30 07:57:00,2026,3,2026-06-07 05:41:52.263474,f6140d2b017bbfa0e699fe1540a17f3d56460f3e98bcb99bbeab26a59dee895a,NEW,,0
https://cafef.vn/thuc-su-co-freeship-tren-san-thuong-mai-dien-tu-khong-hay-tat-ca-chung-ta-deu-bi-nha-ban-hang-danh-lua-188260330072346756.chn,2026-03-30 07:30:00,2026,3,2026-06-07 05:41:52.315185,b78af2c812be7736cc3dc1d86525577c40e78635a2afbd0ce7f3aff577380f9b,NEW,,0
https://cafef.vn/cac-thuat-toan-gay-nghien-cua-cac-mang-xa-hoi-188260329160125918.chn,2026-03-29 17:30:00,2026,3,2026-06-07 05:41:52.369025,6892f92db55cb9c09cf8d87824811e10dee53525b3e4e1e3d3f9f3028fff795d,NEW,,0
https://cafef.vn/bat-343-nguoi-viet-nam-o-campuchia-lua-dao-xuyen-quoc-gia-188260329145753782.chn,2026-03-29 16:33:00,2026,3,2026-06-07 05:41:52.423455,e484578fb32d02979f4a39ee34edcec64afaa731a6851169b576a6b4a480f058,NEW,,0
https://cafef.vn/ty-phu-bill-gates-diem-ten-3-nghe-khien-ai-cung-phai-chiu-thua-la-bat-com-vang-nhung-khong-danh-cho-so-dong-18826032914135178.chn,2026-03-29 15:30:00,2026,3,2026-06-07 05:41:52.484919,39e668d160309e105674c1edc4beb5bf0ec987c611776983fdcc8218e8413b1a,NEW,,0
https://cafef.vn/doanh-thu-duoi-500-trieu-nam-khong-phai-dung-hoa-don-dien-tu-188260329141940139.chn,2026-03-29 14:55:00,2026,3,2026-06-07 05:41:52.540637,6983c8bcd8afd8a5988d45934cc5022dbb1e6623cb0ee6ba2c8ef94c941c0a97,NEW,,0
https://cafef.vn/nguoi-dung-ngao-ngan-bac-thang-len-hoi-ong-troi-tien-dem-cho-ai-co-doi-duoc-khong-188260329130105997.chn,2026-03-29 14:37:00,2026,3,2026-06-07 05:41:52.595098,0a508a3bf506593f68f1cfc5f034bc80f89529d425db654559577ae119cc96ae,NEW,,0
https://cafef.vn/cong-nghe-29-3-wto-ra-luat-thuong-mai-so-google-thu-pin-tu-gi-sat-188260329130840837.chn,2026-03-29 13:36:00,2026,3,2026-06-07 05:41:52.649479,3dec9ef6f9777e52972d30815d67dcdb936ca46d3a806d7c96329e1605323b3d,NEW,,0
https://cafef.vn/bai-nghien-cuu-ai-cua-google-xoa-so-hang-tram-ty-usd-von-hoa-micron-ram-ddr5-giam-hon-26-trieu-dong-moi-kit-188260329102517601.chn,2026-03-29 11:50:00,2026,3,2026-06-07 05:41:52.701952,86f608ee847c3e159f78bb69aebc276734bda5326dece8771d59a194165f4353,NEW,,0
https://cafef.vn/nguoi-dung-google-dich-co-tin-vui-18826032907165296.chn,2026-03-29 10:52:00,2026,3,2026-06-07 05:41:52.754937,5bb04b545d59ef84a551366d7826f3c35ede43be51cc196df9a653d8f2bda491,NEW,,0
https://cafef.vn/mot-tai-khoan-nhieu-rui-ro-188260329081909792.chn,2026-03-29 09:51:00,2026,3,2026-06-07 05:43:10.157239,cc05a351548b05c594428b79132d4a7c194938b105823b879d23b4d24bfd71f2,NEW,,0
https://cafef.vn/hon-50-doanh-nghiep-viet-nam-thieu-hut-chuyen-gia-an-ninh-mang-188260329084835293.chn,2026-03-29 09:22:00,2026,3,2026-06-07 05:43:10.210009,16dfec718b1c04638dffa0bc09099f47638a7a34a720040f736b5e8d80ab12b2,NEW,,0
https://cafef.vn/thu-tuong-gui-thu-khen-luc-luong-cong-an-vu-triet-pha-san-tien-ao-onus-188260329072723109.chn,2026-03-29 08:52:00,2026,3,2026-06-07 05:43:10.261319,989957821ab2354ea6fc4d4f265f9e7875f9a16cc51a109e464fd8c37d418486,NEW,,0
https://cafef.vn/mat-gan-150-trieu-dong-vi-tin-loi-huong-dan-lam-ho-so-nha-dat-online-18826032907300611.chn,2026-03-29 08:15:00,2026,3,2026-06-07 05:43:10.314511,9ec9cf025fb603a77755f670f53a9db75a61175a8e8e60e11a8343653501183f,NEW,,0
https://cafef.vn/thu-tuong-tap-trung-phat-trien-cong-nghe-chien-luoc-phan-dau-phu-song-5g-tren-toan-quoc-188260328202811351.chn,2026-03-28 22:50:41,2026,3,2026-06-07 05:43:10.365928,a5d126ae13f18535f005854fc70223c7cc655c2b7b9edf2f5eef36a64baa9098,NEW,,0
https://cafef.vn/chu-tich-fpt-truong-gia-binh-gia-lai-phai-tro-thanh-noi-thu-hut-nhan-tai-trong-lan-song-ai-tai-dinh-nghia-toan-bo-cach-van-hanh-cua-nhan-loai-188260328193505768.chn,2026-03-28 19:34:00,2026,3,2026-06-07 05:43:10.417144,fb392c353110d5c0b54e127008e1cc364d5a72305497ec0659ea6f00d5712759,NEW,,0
https://cafef.vn/cmc-de-xuat-xay-dung-khung-chuyen-doi-ai-quoc-gia-kien-tao-nen-kinh-te-ai-188260328192754731.chn,2026-03-28 19:27:00,2026,3,2026-06-07 05:43:10.606386,bce991a51338648caafc7f163de707e2ec103d2d68ae86871b926d6930afd831,NEW,,0
https://cafef.vn/sau-20-nam-kinh-doanh-toan-cau-ruc-ro-viettel-chuyen-sang-giai-doan-go-global-20-188260328184611481.chn,2026-03-28 18:45:00,2026,3,2026-06-07 05:43:10.751415,f115e8df41f56129c9dc7253d68d98f3bcb24aaf00035b3d9a2348ce5481a6f8,NEW,,0
https://cafef.vn/tat-ca-nguoi-dung-vneid-can-dac-biet-luu-y-van-de-nay-188260328182729981.chn,2026-03-28 18:28:00,2026,3,2026-06-07 05:43:10.848089,aa0d0aa4e18c4a136debe93d82c1e780321f3ecf164b80caa17d4d3107be119b,NEW,,0
https://cafef.vn/openai-huy-ke-hoach-phat-trien-chatbot-nguoi-lon-188260328135855899.chn,2026-03-28 17:30:00,2026,3,2026-06-07 05:43:10.900850,d45e3984f6c5bba94026f04f82f8488a81a08b5c93f45a88a302c06ce66e8cdd,NEW,,0
https://cafef.vn/apple-keo-pho-chu-tich-google-ve-lam-tuong-ai-siri-moi-se-chay-tren-ha-tang-cua-chinh-doi-thu-188260328125913445.chn,2026-03-28 17:05:00,2026,3,2026-06-07 05:43:11.005647,d99ddd4f0e2f05c5d34621df0193be4543c7767670de6483a36db60cef861947,NEW,,0
https://cafef.vn/cuu-ceo-intel-pat-gelsinger-wall-street-da-can-tro-tham-vong-san-xuat-chip-dai-han-cua-intel-188260328161936794.chn,2026-03-28 16:46:00,2026,3,2026-06-07 05:43:11.059138,6382a7bb8a8e9e0abbb955eab8767aa01418fce7787f64efd7a125fb1c639fc2,NEW,,0
https://cafef.vn/chi-vi-la-khach-trung-thanh-apple-va-nvidia-dang-dung-khung-hoang-chip-3nm-tsmc-de-bop-nghet-doi-thu-188260328151112767.chn,2026-03-28 16:30:00,2026,3,2026-06-07 05:43:11.112692,5e0bcf17e5f2d0b5aa7d2758da768cb578d21cf314d4a6a2db0f03d048688218,NEW,,0
https://cafef.vn/apple-chi-khoang-5000-den-10000-ty-dong-thuong-giu-chan-ky-su-iphone-ngan-chay-mau-chat-xam-sang-openai-188260328125802628.chn,2026-03-28 15:27:00,2026,3,2026-06-07 05:43:11.223735,8732cf19fc9f1155fa1dca8dc4f551ac1955bb9546e30b28a0a949ee6f37c932,NEW,,0
https://cafef.vn/apple-du-dinh-mo-siri-cho-cac-ai-ben-thu-ba-trong-ios-27-thay-doi-buoc-ngoat-trong-chien-luoc-ai-188260328021450806.chn,2026-03-28 14:33:00,2026,3,2026-06-07 05:43:11.278329,3f7d03026a13f9089c4455d7d99030f8f0bf56babf6edd083301f8c90564cfd8,NEW,,0
https://cafef.vn/cong-an-triet-pha-duong-day-52-cong-ty-lua-dao-hang-chuc-nghin-ty-cua-nguoi-dan-thu-tuong-gui-thu-khen-188260328142830262.chn,2026-03-28 14:28:00,2026,3,2026-06-07 05:43:11.331855,9ebfe15a818d7177829557923cb3a5129261f5f346eacaec3c8e618359ab3b25,NEW,,0
https://cafef.vn/tai-khoan-ngan-hang-cua-nguoi-phu-nu-sn-1962-bat-ngo-co-giao-dich-20-trieu-dong-cong-an-nhanh-chong-vao-cuoc-xac-minh-188260328134322131.chn,2026-03-28 14:16:00,2026,3,2026-06-07 05:43:11.386544,3e994549b471ef707ad06f5682eedc37e3650dcf3e8562bc59f34d2bade5b348,NEW,,0
https://cafef.vn/apple-mo-rong-chuong-trinh-san-xuat-tai-my-bo-sung-bon-doi-tac-moi-vao-chuoi-cung-ung-188260328021353992.chn,2026-03-28 13:32:00,2026,3,2026-06-07 05:43:11.441038,24b40f4fedaf2a0c927fe68395fcaa0bbe43ea57aad640152b73c0dc9afa9a55,NEW,,0
https://cafef.vn/cong-an-phat-thong-bao-quan-trong-ve-cuoc-goi-tin-nhan-qua-zalo-facebook-18826032811173504.chn,2026-03-28 12:20:00,2026,3,2026-06-07 05:43:11.517921,5b68ad2607f52322b5b9025df50979de4093c363f9fce1f73f03560100e3adb5,NEW,,0
https://cafef.vn/cong-an-canh-bao-toi-nguoi-dan-co-giao-dich-trong-tai-khoan-voi-noi-dung-chuyen-khoan-sau-188260328113838743.chn,2026-03-28 11:38:00,2026,3,2026-06-07 05:43:11.570049,9f61f4375ac4825ed95359259fdd254844c25d1e485ba502b944ded90f138249,NEW,,0
https://cafef.vn/cho-lao-dong-ai-agent-khi-robot-cung-phai-di-xin-viec-phong-van-de-duoc-nhan-vao-lam-18826032810443375.chn,2026-03-28 11:30:00,2026,3,2026-06-07 05:43:11.621152,6cbcb3be81f03026bb1a50f2818e1482770404df28c06ff585e0dbf81ce5892f,NEW,,0
https://cafef.vn/san-luong-phim-ngan-nguoi-dong-tai-trung-quoc-giam-50-hang-nghin-dien-vien-mat-viec-sau-mot-mua-tet-vi-ai-18826032716181988.chn,2026-03-28 09:47:00,2026,3,2026-06-07 05:43:11.673562,25b02723f7acb63ccbb40276cb07e08820cd5c92ccba47f3fd310becf6bd6c52,NEW,,0
https://cafef.vn/mot-san-pham-bi-ai-bien-thanh-vai-phu-bong-tro-thanh-tam-diem-moi-trong-cuoc-dua-cong-nghe-khien-nvidia-meta-hay-openai-cung-phai-run-so-188260328065213059.chn,2026-03-28 09:11:00,2026,3,2026-06-07 05:43:11.727390,495b47e7362bae4dffbec1b2887b7ce6f65eb8cb97a641ac452d7cbdb8d44c7c,NEW,,0
https://cafef.vn/dung-lo-ai-lam-ky-su-cntt-that-nghiep-cac-ong-lon-cong-nghe-the-gioi-dang-noi-nguoc-lai-18826032808284204.chn,2026-03-28 08:34:00,2026,3,2026-06-07 05:43:11.870552,482c1758088111687a783b8a85e8b15a6fa2e7965b29c3c5e8c68758026f751f,NEW,,0
https://cafef.vn/bao-hiem-xa-hoi-khuyen-nghi-den-nguoi-dang-huong-luong-huu-188260327164336172.chn,2026-03-27 16:49:00,2026,3,2026-06-07 05:43:12.041331,abb220fcae91c5136eac027cc018bd11c19449c765fa734169f3c828b4bf7e00,NEW,,0
https://cafef.vn/vi-sao-khong-nen-nhan-ma-otp-qua-tin-nhan-sms-188260327155115582.chn,2026-03-27 16:38:00,2026,3,2026-06-07 05:43:12.096465,a9b294a33347282f20848c4f484e7781bc826ba9ed938dd1cee66d6864b9995f,NEW,,0
https://cafef.vn/vang-ma-hoa-va-bai-toan-niem-tin-moi-token-phai-cong-mot-khoi-vang-that-188260327135850488.chn,2026-03-27 14:43:00,2026,3,2026-06-07 05:43:12.270203,5ef27e28b86c526066f3bfd99fb691c2ed5be481280ab04483f25b4bd8649789,NEW,,0
https://cafef.vn/dung-nhu-dan-truong-sai-lam-lon-khi-dung-icloud-ai-cung-co-the-dinh-va-cach-de-dam-bao-khong-mat-du-lieu-ca-nhan-188260327133145613.chn,2026-03-27 13:32:00,2026,3,2026-06-07 05:43:12.332268,b5452eb122f9c5a968878d3b6ff9b87df3782690f327c41ed9a2bdb745bad3d5,NEW,,0
https://cafef.vn/openai-hut-nhan-tai-apple-can-rang-rut-hau-bao-vung-tien-thuong-toi-400000-usd-de-giu-chan-doi-ngu-ky-su-188260327110856916.chn,2026-03-27 11:30:00,2026,3,2026-06-07 05:43:12.384424,22b0ff546de7fa29d2524c9f8fafa2c5c86b8791885fff0ebe628a579edcd50d,NEW,,0
https://cafef.vn/gan-90-trieu-nguoi-viet-dang-cam-tren-tay-cong-nghe-bao-mat-cap-quan-su-nhung-rat-it-nguoi-biet-188260327104403121.chn,2026-03-27 10:55:00,2026,3,2026-06-07 05:43:12.556070,e7bb27fb231a382e18c777742add086c23486c2fbf169141e299af4f67dbdae2,NEW,,0
https://cafef.vn/cong-nghe-27-3-netflix-tang-gia-188260327102121073.chn,2026-03-27 10:43:00,2026,3,2026-06-07 05:43:12.608185,1f48d7c23da65b08fa7b4fbf23411cb16351c0e0de454ff1cfda6a321560b241,NEW,,0
https://cafef.vn/dau-tu-phong-thuc-hanh-inet-xay-dung-luc-luong-lao-dong-ky-thuat-tay-nghe-cao-cho-ky-nguyen-so-hoa-cua-dat-nuoc-18826032711203464.chn,2026-03-27 10:20:00,2026,3,2026-06-07 05:43:12.670042,d359c49c835d426b18fb59040cdfb5456b13ffc1c789c936e218a77aaf2a711f,NEW,,0
https://cafef.vn/mot-tap-doan-cong-nghe-hang-dau-cat-giam-11000-viec-lam-18826032709384954.chn,2026-03-27 09:53:00,2026,3,2026-06-07 05:43:12.720426,1de3a06fb19f4c36b7ebe8f8cdeb993150d1785318a3cde2ae6336e6ea181b33,NEW,,0
https://cafef.vn/bi-nghe-len-theo-doi-tu-chinh-thiet-bi-trong-nha-loa-dai-bien-thanh-gian-diep-188260327085401416.chn,2026-03-27 09:15:00,2026,3,2026-06-07 05:43:12.773006,add2a09387bd1baaab78d331dbe0bddc87f05c2a336bdebccb4cffff1f6080fd,NEW,,0
https://cafef.vn/reddit-yeu-cau-tai-khoan-dang-ngo-xac-minh-la-nguoi-that-188260327082829865.chn,2026-03-27 08:42:00,2026,3,2026-06-07 05:43:12.825495,99fdc9947675ff3fe5a32c2fc87fc36d3cdebe5b5ea022f70577f2607f649742,NEW,,0
https://cafef.vn/tu-1-4-2026-quy-dinh-moi-ve-vneid-se-co-hieu-luc-nguoi-dan-can-biet-188260327055245089.chn,2026-03-27 08:12:00,2026,3,2026-06-07 05:43:12.876431,73c92f312756edbef6a21130793af3e3f692e06fd809209d1972fb52ea058988,NEW,,0
https://cafef.vn/chien-luoc-dau-tu-cua-nvidia-va-vai-tro-cua-jensen-huang-trong-mang-luoi-lien-minh-ai-toan-cau-188260327074259633.chn,2026-03-27 08:00:00,2026,3,2026-06-07 05:43:12.928679,c595700da941a900d0cd6bee1b9d112a0de56045eaf1d2ad1bc8c089928ab048,NEW,,0
https://cafef.vn/google-cong-bo-thuat-toan-moi-nen-bo-nho-ai-xuong-6-lan-co-phieu-chip-nho-lap-tuc-lao-doc-188260327065534334.chn,2026-03-27 07:20:00,2026,3,2026-06-07 05:43:12.982478,a4b0093b6bbd27fcb39c3ff43cc836ba152795be2db3c89dba6fd43bb9ff36f4,NEW,,0
https://cafef.vn/8-cuoc-goi-nguoi-dan-khong-nen-nghe-may-de-mat-tien-oan-188260326203747762.chn,2026-03-26 20:37:00,2026,3,2026-06-07 05:43:13.034127,9476c3e143efd09972a12ac2e3cd8cc5c8c01f7d517c48e5d49251489aaa47ca,NEW,,0
https://cafef.vn/arm-ra-mat-con-chip-dau-tien-sau-35-nam-meta-tro-thanh-khach-hang-mo-man-188260326172307613.chn,2026-03-26 17:41:00,2026,3,2026-06-07 05:43:13.087799,1620fe79f79cfdb750c192339e10b16db28965f4f0a423b71086ccd4bf1c733e,NEW,,0
https://cafef.vn/mua-ban-tai-khoan-netflix-spotify-dung-chung-co-the-bi-phat-den-50-trieu-dong-188260326172642768.chn,2026-03-26 17:30:00,2026,3,2026-06-07 05:43:13.138790,c3781447655027ab8595aae1079aafea736137a2a2d196f11473df5e0f9b2c20,NEW,,0
https://cafef.vn/sau-giao-dich-5000-dong-nguoi-phu-nu-sn-1998-den-cong-an-lam-viec-188260326165937336.chn,2026-03-26 17:00:00,2026,3,2026-06-07 05:43:13.190859,f42c1658d6abb24e01570c7ce793975a87aa3ea5da96abe0b1602781bb73edcb,NEW,,0
https://cafef.vn/google-khang-dinh-android-vuot-ios-ve-hieu-nang-duyet-web-qua-cac-bai-kiem-tra-moi-188260326152445576.chn,2026-03-26 16:55:00,2026,3,2026-06-07 05:43:13.240623,bceb72e4e1fec5fe9e02935b2b1ba1f9f012fa0b4d280788643a69d0c9b8602e,NEW,,0
https://cafef.vn/lg-13-nam-lien-tiep-dan-dau-thi-truong-tv-oled-toan-cau-188260327113655053.chn,2026-03-26 16:36:00,2026,3,2026-06-07 05:43:13.293899,f9b77bb5cdfc576bf6ff8e2e6d72571ca26ed41e1584e5aa18330b31d6b64c0c,NEW,,0
https://cafef.vn/cuoc-chien-token-trung-quoc-dang-am-tham-vuot-mat-cac-ong-lon-trong-nen-kinh-te-ai-188260326152709559.chn,2026-03-26 16:15:00,2026,3,2026-06-07 05:43:13.360408,75dbcd55a3bcb69677d1a6334dc1436a87c4ba7d61225bbbc72ec8d2b11c175d,NEW,,0
https://cafef.vn/khung-hoang-cpu-toan-cau-2026-ai-hut-can-nguon-cung-gia-chip-tang-soc-va-nguy-co-thay-doi-trat-tu-nganh-cong-nghe-188260326143042337.chn,2026-03-26 15:43:00,2026,3,2026-06-07 05:44:33.908879,912af1afb92c9501e16925772712d84b7078e3407f26ed237181cd5f155526fe,NEW,,0
https://cafef.vn/vi-sao-di-xe-may-deo-tai-nghe-dung-google-maps-bi-phat-con-lai-o-to-thi-khong-18826032615323957.chn,2026-03-26 15:32:00,2026,3,2026-06-07 05:44:33.964040,48d39fde540476e2b8d6781697c29822c0b7fd47f66867b1a21ace9af9cc44fc,NEW,,0
https://cafef.vn/khai-tu-sora-gio-openai-moi-nhan-ra-nguoi-dung-khong-can-ai-rac-con-anthropic-da-dung-tu-dau-188260326143230865.chn,2026-03-26 15:08:00,2026,3,2026-06-07 05:44:34.018987,3bdc34756045044cdad1f417709f8a8e4b4c84577ba6d322b80b498498fe75b2,NEW,,0
https://cafef.vn/dung-19h17-viet-nam-lam-dieu-chua-tung-co-trong-lich-su-thanh-cong-phat-trien-cong-nghe-quan-trong-188260326135440566.chn,2026-03-26 14:47:00,2026,3,2026-06-07 05:44:34.074945,087b60d3a9068b75671c5af69235283d0d30b3d2f82e2796e6e014a6c774cfc6,NEW,,0
https://cafef.vn/ngo-ngang-sieu-thi-giay-to-gia-phan-phoi-ve-tphcm-188260326133658686.chn,2026-03-26 14:39:00,2026,3,2026-06-07 05:44:34.126438,7b1315b10bd2eeaaef802bdc9c13b883bebd2123f3a9c29ae561d4475415f5be,NEW,,0
https://cafef.vn/phat-hien-14-lan-giao-dich-voi-tong-so-tien-hon-16-trieu-dong-trong-mot-ngay-cong-an-khoi-to-thanh-nien-sn-2006-o-ha-noi-18826032614273282.chn,2026-03-26 14:28:00,2026,3,2026-06-07 05:44:34.193064,c3040870e990e55fff740ff30f2371544fb046818352fdaeaf9745093b748ca2,NEW,,0
https://cafef.vn/tecno-cong-bo-ellaclaw-ai-agent-tich-hop-cap-he-thong-dau-tien-tren-nen-tang-openclaw-188260326133556392.chn,2026-03-26 14:05:00,2026,3,2026-06-07 05:44:34.255168,002ac202d9acad3fe095507e6dda122a1c745aada4c432da1ec555e8e3e9e353,NEW,,0
https://cafef.vn/nga-muon-ho-tro-viet-nam-dao-tao-nhan-tai-trong-linh-vuc-co-the-tao-ra-1300-ty-usd-my-trung-quoc-dang-chay-dua-188260326133129717.chn,2026-03-26 14:00:00,2026,3,2026-06-07 05:44:34.306474,b3f5e991c8fa1f7a4af9c13470c5a0da03553695f52dc1648f8acd9d8bcf9644,NEW,,0
https://cafef.vn/epic-games-cat-giam-hon-1000-nhan-su-ceo-tim-sweeney-gay-tranh-cai-voi-phat-ngon-sau-sa-thai-188260326133525723.chn,2026-03-26 13:36:00,2026,3,2026-06-07 05:44:34.357545,dbf12bbcfb47923e0ffb08ddeaaa48081fdb423085834bd29884f1c0ad0d29cb,NEW,,0
https://cafef.vn/chi-chiem-3-thi-phan-lazada-lai-co-1-chi-tieu-vuot-mat-shopee-va-tiktok-shop-188260326112144135.chn,2026-03-26 11:30:00,2026,3,2026-06-07 05:44:34.409193,1240a8c4789e70017d57cff6ae63b024b24384bc80bf1302c04a7cc9f2315abb,NEW,,0
https://cafef.vn/cai-ket-dang-sau-cuoc-chien-voi-apple-cha-de-fortnite-sa-thai-20-nhan-su-thua-nhan-chi-tieu-vuot-tam-kiem-soat-18826032611073546.chn,2026-03-26 11:10:00,2026,3,2026-06-07 05:44:34.460759,3ac212b1cbf1bdf7eee29a30e340f1fe58c058c6c06e3f2ae3f0b53700b53fd1,NEW,,0
https://cafef.vn/cong-nghe-26-3-robot-kem-tre-hoc-tai-nha-meta-va-google-thua-kien-188260326084030829.chn,2026-03-26 10:45:00,2026,3,2026-06-07 05:44:34.514549,c4b409eae32a2fdd305d936da78feefb1c13aa49fad948fab49d7beb99d57761,NEW,,0
https://cafef.vn/spotify-thu-cong-cu-ngan-ai-mao-danh-nghe-si-188260326084320254.chn,2026-03-26 10:41:00,2026,3,2026-06-07 05:44:34.567960,be462ea17fda2ae9dc975af106049bee13c92aead3a21025eebdc640b7b0aaae,NEW,,0
https://cafef.vn/ho-chieu-so-cho-vang-the-gioi-thu-nghiem-cong-nghe-blockchain-de-ngan-chan-vang-lau-va-gian-lan-hoa-don-188260326093653285.chn,2026-03-26 10:11:00,2026,3,2026-06-07 05:44:34.621429,f18f81e256c66701c0448fec8c7b79fad842bf7606b681aee440fa6b91b51b4a,NEW,,0
https://cafef.vn/cong-cu-lap-trinh-97-trieu-luot-tai-moi-thang-bi-chen-ma-doc-cuc-nguy-hiem-cuoi-cung-bi-lo-vi-dung-vibe-coding-qua-au-188260325160549895.chn,2026-03-26 08:40:00,2026,3,2026-06-07 05:44:34.673618,8fdcaa1e93ece27d39d868f8ba5676869092015bad6fbf6d94b0228e00177460,NEW,,0
https://cafef.vn/claude-cua-anthropic-lam-viec-thay-nguoi-cuoc-doi-dau-nong-voi-openclaw-bat-dau-188260325155712731.chn,2026-03-26 07:50:00,2026,3,2026-06-07 05:44:34.726081,2db27e9e82fbd78d483c847e449f1b47b25c8a31ca6eccb21f3efaaa242c3946,NEW,,0
https://cafef.vn/tat-ca-nguoi-dung-nhan-duoc-tin-nhan-chua-noi-dung-sau-phai-thuc-su-tinh-tao-truoc-khi-mo-ra-188260326071556931.chn,2026-03-26 07:36:00,2026,3,2026-06-07 05:44:34.777469,4ab2e61d0f8c60abe484d0183fe2125c72056e32d3f3ae2c804509a32fb2d66f,NEW,,0
https://cafef.vn/tu-2200-dong-phut-ai-streamer-ao-dang-vat-kiet-18-tieng-traffic-chet-de-doa-nhan-su-nghe-livestream-18826032516164808.chn,2026-03-25 17:36:00,2026,3,2026-06-07 05:44:34.830632,12be5b0eabfd2bc5ce4a6593647f62ee613b38c26e98da983842ea5dcbe9f60a,NEW,,0
https://cafef.vn/ro-ri-cong-cu-hack-de-doa-hang-trieu-iphone-188260325141933531.chn,2026-03-25 16:43:00,2026,3,2026-06-07 05:44:34.884841,72ed487ae7568c5b4579f2d646478afc6019d429adc3eb9ea99753e59cc6727e,NEW,,0
https://cafef.vn/du-thuoc-nhom-quoc-gia-co-thi-truong-tai-san-ma-hoa-soi-dong-nhat-the-gioi-dai-dien-bo-cong-an-canh-bao-hang-trieu-nguoi-viet-dang-phai-doi-mat-voi-rui-ro-nghiem-trong-188260325163146709.chn,2026-03-25 16:31:00,2026,3,2026-06-07 05:44:34.945742,d3bf6811ad2cb6a3a729a9ea7865dd9be784712f9d8fd19ae1dfad3d918be4c8,NEW,,0
https://cafef.vn/cong-an-thong-bao-toi-tat-ca-nhung-ai-nhan-duoc-tin-nhan-co-noi-dung-sau-day-188260325154908001.chn,2026-03-25 15:54:00,2026,3,2026-06-07 05:44:35.012802,3c2a0557f9dd8d7cd0ccb5ed965febf4c2e871a74430d7744a0091e11984d04b,NEW,,0
https://cafef.vn/openai-goi-von-ky-luc-truoc-ipo-18826032515191784.chn,2026-03-25 15:30:00,2026,3,2026-06-07 05:44:35.064389,ba43e3d8f499495a6c3e51a6689058ef54bcfe540cbdeb51838e7302aaec7a6c,NEW,,0
https://cafef.vn/3-tinh-nang-tren-iphone-nen-bat-cang-som-cang-tot-dac-biet-can-khi-di-du-lich-188260325145306166.chn,2026-03-25 14:52:00,2026,3,2026-06-07 05:44:35.116155,5fdc1357fde74c2011915c462983a24fcbf99b3bb4ccb9b8c4619df91ff8d727,NEW,,0
https://cafef.vn/pho-mac-suy-nghi-cho-ai-hang-ngan-nguoi-tre-dang-thue-nao-dung-de-may-moc-quyet-dinh-thay-moi-viec-188260325125917345.chn,2026-03-25 14:41:00,2026,3,2026-06-07 05:44:35.167459,0cfe63e06d254ce745191817e8e5ecf2056f7c3e7230e8a96a113ecfdcbaaacb,NEW,,0
https://cafef.vn/duong-day-do-hoc-sinh-lop-12-cam-dau-phat-tan-ma-doc-danh-cap-du-lieu-the-nao-188260325132448458.chn,2026-03-25 14:14:00,2026,3,2026-06-07 05:44:35.220001,e70450545e05f42140ae8410523efc85dcdfcf191ddeb18f83ab391bf907ceb7,NEW,,0
https://cafef.vn/openai-dot-ngot-khai-tu-cong-cu-tao-video-sora-disney-ngo-ngang-khi-thoa-thuan-1-ty-usd-bay-mau-188260325125634219.chn,2026-03-25 13:40:00,2026,3,2026-06-07 05:44:35.272457,acef190588812b9357477ceee7a041e3b8705c5afbbce1f57533da59fbc5e88d,NEW,,0
https://cafef.vn/bat-tay-voi-viettel-tphcm-dat-muc-tieu-tro-thanh-trung-tam-tai-chinh-quoc-te-do-thi-thong-minh-hang-dau-dong-nam-a-188260325112929002.chn,2026-03-25 11:45:00,2026,3,2026-06-07 05:44:35.325896,453740bfddf7cd9112da8092c46d3267b0d82caf9f4331a7f5a6f247aaa38974,NEW,,0
https://cafef.vn/khach-chuyen-khoan-nham-8-trieu-dong-vao-tai-khoan-cua-ho-kinh-doanh-xu-ly-the-nao-de-khong-bi-tinh-thue-can-bo-thue-ha-noi-tra-loi-188260325102936883.chn,2026-03-25 11:26:00,2026,3,2026-06-07 05:44:35.376306,e2fb7e46d30affc8726096c3ec762a39286bef2dabafb3d3498d1cbffb4ad300,NEW,,0
https://cafef.vn/nam-sinh-lop-12-tao-ma-doc-cung-cap-cho-duong-day-toi-pham-cong-nghe-cao-188260325100733674.chn,2026-03-25 11:11:00,2026,3,2026-06-07 05:44:35.429708,f8d24392d40f989f00698bdf2c1c985a09a9aab79292af27f2df46f3719e6e10,NEW,,0
https://cafef.vn/cu-quay-xe-chan-dong-vi-sao-openai-chap-nhan-tu-bo-sieu-pham-sora-ngay-truoc-them-ipo-188260325091537831.chn,2026-03-25 10:15:00,2026,3,2026-06-07 05:44:35.480320,e23a312bb314aaae82f59ed1e0065110754ee9b2110c7904e41163834b482b2b,NEW,,0
https://cafef.vn/mark-zuckerberg-phai-boi-thuong-400-trieu-usd-meta-bi-to-gay-ton-hai-cong-dong-chuyen-gi-day-188260325091632487.chn,2026-03-25 09:44:00,2026,3,2026-06-07 05:44:35.532786,d34b868b4ede24ecb2463231aa23a301f77c0dcfb8089f030615abd3b4a6f38e,NEW,,0
https://cafef.vn/cong-nghe-25-3-ios-264-ra-mat-voi-emoji-moi-openai-sora-dung-hoat-dong-188260325083601419.chn,2026-03-25 09:10:00,2026,3,2026-06-07 05:44:35.583927,56327bdf7086d15fcb8d1c040a189b01d984ec0441de3a4d55d84f038ba715d5,NEW,,0
https://cafef.vn/6-ung-dung-lam-cham-dien-thoai-ma-ai-cung-dang-dung-moi-ngay-188260325072224807.chn,2026-03-25 08:40:00,2026,3,2026-06-07 05:44:35.648174,23e5fa90645393e79e4e88c2342ee9c0fe6f652189aae2c292ed9101729cc9fd,NEW,,0
https://cafef.vn/dai-dien-hp-it-dang-tro-thanh-bo-phan-then-chot-hon-50-gen-z-co-cong-viec-phu-va-chi-20-nguoi-lao-dong-cam-thay-on-voi-cong-viec-188260325070104682.chn,2026-03-25 08:30:00,2026,3,2026-06-07 05:44:35.700045,338aa51637fec3a9bac8b5cdf8723e129767ed7d68cc9a5b92416a2622120bf5,NEW,,0
https://cafef.vn/cham-dut-ky-nguyen-microslop-microsoft-don-dep-mo-bong-bong-ai-tren-windows-11-188260325070212657.chn,2026-03-25 07:56:00,2026,3,2026-06-07 05:44:35.752673,8baf7ebbbc8dea46485d3a6fbd6f721063f941c53beed1f375c59e4ffeb8cbd2,NEW,,0
https://cafef.vn/so-ke-toan-sai-mot-li-di-tu-mot-dam-lap-trinh-vien-tu-code-ung-dung-ai-doc-hoa-don-thay-minh-188260325070312469.chn,2026-03-25 07:20:00,2026,3,2026-06-07 05:44:35.804658,0551c87e5b45c71fcda9020d4962934001bc9dbddb05d5fdd6ea538425dd5301,NEW,,0
https://cafef.vn/elon-musk-cong-bo-ke-hoach-xay-nha-may-chip-cho-tesla-spacex-188260324162045827.chn,2026-03-24 17:30:00,2026,3,2026-06-07 05:44:35.857718,b08872edd1f4fcb6f562e23a04a3d8fa8785d8e7760cce7dd3af594ef2bfdb63,NEW,,0
https://cafef.vn/cong-an-khuyen-khich-nguoi-dan-lam-dieu-nay-tren-ung-dung-vneid-188260324170114292.chn,2026-03-24 17:03:00,2026,3,2026-06-07 05:44:35.910246,fff64dd0e8a01276ca03b73e8edadfbb34ffdb6916b4db2d841c54432c03287e,NEW,,0
https://cafef.vn/grab-cap-nhat-ve-viec-ho-tro-doi-tac-tai-xe-xe-xang-va-xe-dien-18826032416161789.chn,2026-03-24 16:16:00,2026,3,2026-06-07 05:44:36.031516,7a605a612b3c0d44c3eed05d1541caa144635830262dce86abf7b2551e8da3d9,NEW,,0
https://cafef.vn/cong-nghe-24-3-apple-cong-bo-ke-hoach-wwdc-2026-tap-trung-vao-ios-27-va-ai-188260324150228108.chn,2026-03-24 15:40:00,2026,3,2026-06-07 05:44:36.148552,f43cba288e7bb72a284bb9a321364fa9ca6e52d146c8ca165617704c45614a54,NEW,,0
https://cafef.vn/mk-vision-tro-thanh-doi-tac-odm-dau-tien-cua-ambarella-tai-dong-nam-a-dua-camera-make-in-vietnam-len-san-khau-las-vegas-188260324150947134.chn,2026-03-24 15:11:00,2026,3,2026-06-07 05:44:36.200397,d0cb6dc402ce4f0beae8c73f99a77b8c9ad1861fc53e956d13f067ba864122df,NEW,,0
https://cafef.vn/mark-zuckerberg-giam-tham-vong-metaverse-chuyen-huong-sang-ai-188260324073646566.chn,2026-03-24 15:05:00,2026,3,2026-06-07 05:44:36.254152,34298eb729d49d85372240738f32b0843efe51b3845b97ca3293681932b7f4f5,NEW,,0
https://cafef.vn/mua-ban-tai-khoan-netflix-spotify-co-the-bi-phat-toi-50-trieu-dong-tu-2026-de-xuat-moi-siet-chat-tinh-trang-dung-ke-188260324140158847.chn,2026-03-24 14:37:00,2026,3,2026-06-07 05:44:36.313407,b865f23ef3d7fe8801ec23d2c6ccc267f640670f6e3a0bfd97a4b058545f9bbe,NEW,,0
https://cafef.vn/ceo-jensen-huang-tuyen-bo-sieu-tri-tue-agi-da-den-nhung-khong-ky-dieu-nhu-ban-nghi-18826032413504193.chn,2026-03-24 14:05:00,2026,3,2026-06-07 05:44:36.377236,7127ba26a8978a994928315a5e3a7586b236d59168d475648564c62e061a66c7,NEW,,0
https://cafef.vn/de-che-4200-ty-usd-quyen-luc-cua-nvidia-am-tham-thau-tom-loat-startup-lon-nho-khong-cong-ty-nao-dam-lam-mat-long-188260324102252618.chn,2026-03-24 13:34:00,2026,3,2026-06-07 05:44:36.431076,aec1ec189f12fb087152d9224e1bdf32cc9eb4865a6a6e7be39c877a71d72a15,NEW,,0
https://cafef.vn/viettel-lan-dau-tien-cong-bo-ke-hoach-dac-biet-188260324111900791.chn,2026-03-24 11:18:00,2026,3,2026-06-07 05:46:02.790213,17fa6846161427b60117ed86406f08e8dbb36e92e243820fcd0d7442b7b2c06a,NEW,,0
https://cafef.vn/tung-co-nguoi-dao-duoc-184-ty-bitcoin-trong-mot-ngay-va-mat-sach-chi-sau-vai-gio-188260324101307528.chn,2026-03-24 11:00:00,2026,3,2026-06-07 05:46:02.842262,94a4f7096fa5685523b28c6b478301d5ef46a8d179bcf7c340f3755507bd40a2,NEW,,0
https://cafef.vn/hai-cong-ty-bi-diem-ten-trong-vu-gia-danh-cong-an-de-lua-dao-18826032409342155.chn,2026-03-24 10:35:00,2026,3,2026-06-07 05:46:02.892617,3c64f72a273125f868fa85a5ae3c9f43a6a909bee7d1f3cee02e12daa756f023,NEW,,0
https://cafef.vn/cong-an-thong-bao-ai-sinh-vao-4-nam-nay-bat-buoc-doi-cccd-trong-nam-2026-de-tranh-gian-doan-giao-dich-ngan-hang-dat-dai-188260324090458811.chn,2026-03-24 09:45:00,2026,3,2026-06-07 05:46:02.943991,3de016de75fd7a0cd5f53d1a61b443cc8997ed149db9e867ed30ba0ef26228e9,NEW,,0
https://cafef.vn/vi-sao-co-quan-thue-phan-biet-duoc-tien-vay-muon-tra-no-cho-tang-thong-thuong-voi-doanh-thu-cua-ho-kinh-doanh-trong-tai-khoan-188260324093138902.chn,2026-03-24 09:31:00,2026,3,2026-06-07 05:46:02.996852,dec2247b43ce07b188224a034cf44e799cdec34ca560e96e1f6236a262a75ebb,NEW,,0
https://cafef.vn/de-xuat-phat-toi-100-trieu-dong-hanh-vi-mo-tai-khoan-bang-dinh-danh-gia-mao-18826032407065075.chn,2026-03-24 09:18:00,2026,3,2026-06-07 05:46:03.050356,131ee67caab84611ee795ec82fd358d4647201c765b717f3c40a9fa05fd3be68,NEW,,0
https://cafef.vn/camera-ai-phat-hien-hon-19000-xe-vi-pham-giao-thong-o-ha-noi-trong-3-thang-188260324003400443.chn,2026-03-24 08:33:00,2026,3,2026-06-07 05:46:03.103194,12f00be39a3f2ac614a32fc384203a7fa91564bbc20b328f43952a2eee8e7012,NEW,,0
https://cafef.vn/tin-vui-cho-35-ty-nguoi-dung-google-chrome-18826032407053415.chn,2026-03-24 08:10:00,2026,3,2026-06-07 05:46:03.154356,1e57748ca472553fc74b73ab5481eedaa1fed53b7c6568a81d0aafe993d703bb,NEW,,0
https://cafef.vn/lat-tay-chieu-lua-dao-gia-han-hoc-phi-cua-can-bo-truong-ten-phan-van-nguyen-188260324071807321.chn,2026-03-24 08:09:00,2026,3,2026-06-07 05:46:03.206865,084415f6bfd04e432ac9c222e39f87366cf50f4df83b5a767278a0243c0af982,NEW,,0
https://cafef.vn/tuyet-tac-cong-nghe-14000-ty-dong-cua-viet-nam-tung-gay-kinh-ngac-36-bo-nao-lap-ky-tich-va-pha-thot-tim-dung-gio-g-188260324003217522.chn,2026-03-24 07:39:00,2026,3,2026-06-07 05:46:03.264564,baed54e41443f2f02685758b28fb3557ce7a5e2666a364c554a91bd44dbb3589,NEW,,0
https://cafef.vn/giua-luc-hang-nghin-lap-trinh-vien-dang-bi-mat-viec-sam-altman-dang-dong-tweet-cam-on-cac-ban-vi-tat-ca-188260324011235887.chn,2026-03-24 01:12:00,2026,3,2026-06-07 05:46:03.314727,87fa9dcb770210ec6d3729fa0af22d09040d4d6dea69d612a0b29719ee6b8b8c,NEW,,0
https://cafef.vn/cong-an-co-canh-bao-quan-trong-ve-hoa-don-dien-tu-tat-ca-doanh-nghiep-ho-kinh-doanh-ca-nhan-chu-y-188260323155239703.chn,2026-03-23 15:53:00,2026,3,2026-06-07 05:46:03.366444,2f1cad2ba044009ea7446d08ec60e65aeb84627bdc202be6b424138a3abfd6bf,NEW,,0
https://cafef.vn/khoi-to-vu-lua-dao-ban-hang-online-hon-400-nguoi-sap-bay-188260323102205301.chn,2026-03-23 15:39:00,2026,3,2026-06-07 05:46:03.419340,7d3694c04e98c4cc77b81ea2e03bb814d9c65bf09f019f364862e30e23def95e,NEW,,0
https://cafef.vn/ceo-apple-chi-ra-sai-lam-nhieu-nguoi-dung-iphone-mac-phai-188260323110937903.chn,2026-03-23 14:43:00,2026,3,2026-06-07 05:46:03.472333,19954779cc3f3a0dde4a5ddead1d4a0e0df75d9b0a15fa0ecee47331d945cd0d,NEW,,0
https://cafef.vn/huong-dan-ho-kinh-doanh-ke-khai-thue-khi-ban-hang-tren-nhieu-san-thuong-mai-dien-tu-khac-nhau-18826032313412084.chn,2026-03-23 14:01:00,2026,3,2026-06-07 05:46:03.523367,93f26b18d2f3db6fc4b7712457d4e9a2173cda8a2918c19ac7ef120a8256a45b,NEW,,0
https://cafef.vn/windows-11-ton-tai-1-thu-khien-ngay-ca-sep-lon-microsoft-cung-buc-xuc-khong-phai-ai-khong-phai-hieu-suat-ma-chinh-la-dieu-nay-188260323105556984.chn,2026-03-23 10:56:00,2026,3,2026-06-07 05:46:03.575366,a2b8d8798b24030a69bfd9f855b608b78178b6c20fbb2bf3db3673335bafc962,NEW,,0
https://cafef.vn/du-an-chuyen-doi-tai-san-ma-hoa-dau-tien-tai-viet-nam-dat-duoc-buoc-tien-quan-trong-188260323100538543.chn,2026-03-23 10:05:00,2026,3,2026-06-07 05:46:03.626070,fb325e77d14c36d3caa36c30cdd55e05d83af87f0cfec8098109645498a0d9fd,NEW,,0
https://cafef.vn/android-sap-thay-doi-lon-cai-app-ngoai-play-store-theo-cach-nay-nhung-ung-dung-ngan-hang-cua-ban-co-the-bi-gian-doan-24-gio-188260323092028296.chn,2026-03-23 09:23:00,2026,3,2026-06-07 05:46:03.677142,e6792aa306d942d0820c3e42fa279d7f656ca3ca3ddc3330322eff07066ba473,NEW,,0
https://cafef.vn/cong-nghe-23-3-iphone-gap-kho-khi-nang-cap-camera-amazon-he-lo-chip-trainium-188260323081035067.chn,2026-03-23 08:39:00,2026,3,2026-06-07 05:46:03.729815,f4e6b4bb6a32e4a341556c5588e0207691b4093b46a0894c3373d7cd3ae1f03d,NEW,,0
https://cafef.vn/lua-dao-cong-nghe-cao-nup-bong-tam-linh-dau-nam-188260323072734465.chn,2026-03-23 07:53:00,2026,3,2026-06-07 05:46:03.784395,60cae882425f79474169fa1c046a6fd4e7211d63f1294f0124c30e8c192db45d,NEW,,0
https://cafef.vn/toi-dong-bang-5-ung-dung-nay-tren-dien-thoai-android-ai-ngo-pin-dung-duoc-lau-hon-han-day-la-cach-lam-188260323070707492.chn,2026-03-23 07:20:00,2026,3,2026-06-07 05:46:03.856871,02ba308d00bb082d6a053358623a1c40f7815d9fb74693e7396cdabb94a6d536,NEW,,0
https://cafef.vn/cong-nghe-22-3-tai-che-pin-cu-bang-nhiet-do-2200c-va-chip-ai-tiet-kiem-dien-18826032216021314.chn,2026-03-22 16:30:00,2026,3,2026-06-07 05:46:03.915605,38d0bf83d84b79ad3c945f1d9357e4ab60d983233756e15db39a8eea1cbb03dc,NEW,,0
https://cafef.vn/jensen-huang-thua-nhan-trung-quoc-dan-dau-robotics-nvidia-dat-cuoc-vao-physical-ai-188260322143854583.chn,2026-03-22 15:30:00,2026,3,2026-06-07 05:46:03.967905,019aabd2699a2c9ab0ea8ea6085d7f42d7441191e8d76aa2818605dd6f93d464,NEW,,0
https://cafef.vn/cong-an-ra-thong-bao-quan-trong-lien-quan-den-sim-dien-thoai-nguoi-dan-can-luu-y-188260322145738539.chn,2026-03-22 14:58:00,2026,3,2026-06-07 05:46:04.020786,73b2d913f98aa47a17a3a6cbfbbfc15b9667a05d874585f0873f517d96a0e2d6,NEW,,0
https://cafef.vn/mat-toi-cong-nghe-ai-chi-noi-cho-ban-nhung-gi-ban-muon-nghe-188260322125212372.chn,2026-03-22 14:30:00,2026,3,2026-06-07 05:46:04.073687,8dbf8cbfe2191772285cfae58aecb8671a604f46acb60a8b46ecbadb55251520,NEW,,0
https://cafef.vn/khong-con-lo-tac-duong-neu-ban-bat-tinh-nang-nay-tren-google-maps-188260322142704501.chn,2026-03-22 14:29:00,2026,3,2026-06-07 05:46:04.126781,a450755ce97f1ff65fbf8d69ee4de41709a0f7c3bae452beb781cb7b2ffc0881,NEW,,0
https://cafef.vn/siet-chat-bao-ve-du-lieu-tren-thuong-mai-dien-tu-toan-cau-188260322130019729.chn,2026-03-22 13:37:00,2026,3,2026-06-07 05:46:04.179952,2da2873e5c87e7af073ced0a8fc05626f6d3bed2c5769eb6fa499147ace539f9,NEW,,0
https://cafef.vn/samsung-day-manh-dau-tu-vao-chip-ai-188260322111314882.chn,2026-03-22 11:17:00,2026,3,2026-06-07 05:46:04.346806,acc64cd7b27a5e0b86a68c142842c1a71a413310da95c31b663718dc5468656a,NEW,,0
https://cafef.vn/my-triet-pha-mang-botnet-lay-nhiem-hon-3-trieu-thiet-bi-toan-cau-188260322074044604.chn,2026-03-22 09:45:00,2026,3,2026-06-07 05:46:04.399643,cdff48dc07f67a114d0b68b51e989a1ac334d9d93b8d4b793392ce4d8f2e027a,NEW,,0
https://cafef.vn/phat-hien-hon-400-nguoi-giao-dich-tong-cong-3-ty-dong-cho-nguoi-dan-ong-sn-1985-cong-an-phat-canh-bao-nong-188260322083658638.chn,2026-03-22 08:43:00,2026,3,2026-06-07 05:46:04.449860,427eebefc0e5964ddf881fff49633b4937e0674188e4a32b58161ec48c24e4ee,NEW,,0
https://cafef.vn/hanh-vi-co-the-co-the-bi-phat-den-20-trieu-dong-khi-livestream-188260322073233465.chn,2026-03-22 08:40:00,2026,3,2026-06-07 05:46:04.500494,dc9d79203d9445329a498073b667bcd0cebbc1b8fc3d32e8a9a0bb7f117b4c08,NEW,,0
https://cafef.vn/ro-phim-van-hoat-dong-sau-khi-bi-tuyt-coi-hon-103-trieu-luot-truy-cap-vi-pham-ban-quyen-hon-18000-phim-188260322075210659.chn,2026-03-22 07:55:29,2026,3,2026-06-07 05:46:04.552119,7803284c9ce85ce299fa6c9bb610ce626d5f9c931d3f400cf345cefcb47d2042,NEW,,0
https://cafef.vn/phat-hien-mot-cua-hang-vang-tu-choi-mua-lai-114-chi-vang-tri-gia-hon-2-ty-dong-cong-an-ha-noi-vao-cuoc-dieu-tra-188260321225117549.chn,2026-03-21 22:51:00,2026,3,2026-06-07 05:46:04.605069,f22cfdc7ef8668b52402a31dd17238bef4f0049d4c3f0603ede807629f3793bf,NEW,,0
https://cafef.vn/them-thu-doan-lua-moi-chua-tung-xuat-hien-lien-quan-den-ship-hang-188260321210407138.chn,2026-03-21 21:04:00,2026,3,2026-06-07 05:46:04.657266,f4303f62e4f083ce37508a2417e47693b4ae6b6bd7033a484b9f5559eda54c62,NEW,,0
https://cafef.vn/300000-doanh-nghiep-vua-va-nho-se-duoc-ho-tro-chuyen-doi-so-18826032117004114.chn,2026-03-21 18:29:00,2026,3,2026-06-07 05:46:04.710400,e22322e9af2c5e670ec05205aece13082d0484d2b541684d931c4a6690fb37cc,NEW,,0
https://cafef.vn/cong-nghe-21-3-amazon-quay-lai-voi-smartphone-microsoft-tinh-gon-copilot-188260321143725116.chn,2026-03-21 17:30:00,2026,3,2026-06-07 05:46:04.852057,9382b1228fcfde0b46bb5e33421e4705f48be8da760b6db775801f191b7f19bd,NEW,,0
https://cafef.vn/openai-len-ke-hoach-ra-mat-sieu-ung-dung-tren-may-tinh-188260321154011961.chn,2026-03-21 16:36:00,2026,3,2026-06-07 05:46:05.029723,18403a13d9539397487320cd90a493c3156e8e8b9b20afa66dbf049b15055480,NEW,,0
https://cafef.vn/chatgpt-sap-cho-phep-noi-dung-nhay-cam-day-lo-ngai-lo-du-lieu-ca-nhan-188260321134243041.chn,2026-03-21 15:27:00,2026,3,2026-06-07 05:46:05.079988,7a35d6009763df08c22117fad968145c620a94eaa4bc7def137fcaace95f02cf,NEW,,0
https://cafef.vn/cong-an-canh-bao-nong-tat-ca-nguoi-dan-dang-su-dung-thiet-bi-wifi-chu-y-188260321125726526.chn,2026-03-21 14:41:00,2026,3,2026-06-07 05:46:05.247934,b74e9908624c2d956806e6c0920d5391d1369c8efb210579c700d241bfce5f23,NEW,,0
https://cafef.vn/tap-doan-sa-thai-60000-nhan-su-loi-nhuan-giam-67-van-tuyen-bo-se-thu-100-ty-usd-nho-canh-bac-moi-188260321125921361.chn,2026-03-21 13:59:00,2026,3,2026-06-07 05:46:05.378047,bcfadb44323b89bce9bd47061c1392eebaaef241439a8a3c516a319b7f2b10b0,NEW,,0
https://cafef.vn/ai-tao-ra-mot-tai-khoan-instagram-qua-hoan-hao-chi-3-thang-lua-duoc-hon-1-trieu-follower-co-nguoi-nhan-ra-nhung-van-khong-bo-188260320144119728.chn,2026-03-21 13:41:00,2026,3,2026-06-07 05:46:05.438917,70fab500ee1540bc7cd8fdbe3c68214dd0bc9ac70f2ac966fea972d3011e252f,NEW,,0
https://cafef.vn/cong-cu-hack-iphone-moi-bi-lo-co-the-am-tham-chiem-quyen-hang-tram-trieu-thiet-bi-chi-qua-mot-cu-nhap-188260321130254707.chn,2026-03-21 13:40:00,2026,3,2026-06-07 05:46:05.490698,92f6f9f69331e5b01ac9b7821bbf5f1537afb56fed6cdefe080bd378fff276b0,NEW,,0
https://cafef.vn/thong-tin-moi-nhat-ve-mo-rong-he-thong-camera-giam-sat-giao-thong-tren-toan-quoc-nguoi-dan-can-biet-ro-188260321110943029.chn,2026-03-21 11:10:00,2026,3,2026-06-07 05:46:05.650989,5647a7225d862425b491b1c6681f1a475b1a6025dd3af6d145b248b18c350739,NEW,,0
https://cafef.vn/dau-gia-ten-mien-vn-lan-dau-gia-trung-cao-nhat-dat-1584-ty-dong-188260321100044749.chn,2026-03-21 10:46:00,2026,3,2026-06-07 05:46:05.702631,885235f205d8bba988cf2cfb5f8fb5a7eb41f8fba207c5ad67a76e7f9439bc35,NEW,,0
https://cafef.vn/intel-du-kien-tang-gia-cpu-tren-dien-rong-do-nhu-cau-ai-va-chi-phi-linh-kien-leo-thang-188260321071306381.chn,2026-03-21 09:46:00,2026,3,2026-06-07 05:46:05.767118,34663f7b9c50fc07763b012556bab7aa514548c6367a6032c3440d70acadf43e,NEW,,0
https://cafef.vn/elon-musk-google-se-dan-dau-cuoc-dua-ai-tai-phuong-tay-trung-quoc-chiem-uu-the-tren-dia-cau-con-spacex-chinh-phuc-khong-gian-18826032107114009.chn,2026-03-21 07:36:00,2026,3,2026-06-07 05:47:34.644282,4541ca6042534fbd96699ca954e0ae3503163e224c90993924169b540c09c0b0,NEW,,0
https://cafef.vn/thong-tin-moi-nhat-ve-goi-dien-thoai-qua-zalo-ma-tat-ca-nguoi-dan-can-biet-188260320180156271.chn,2026-03-20 20:34:00,2026,3,2026-06-07 05:47:34.698001,6552f66d13af3102cadfb79c939a06130e64e137c7b3393f516d24b9e960239a,NEW,,0
https://cafef.vn/ung-dung-nao-pho-bien-nhat-tren-dien-thoai-viet-nam-188260320142646911.chn,2026-03-20 15:47:00,2026,3,2026-06-07 05:47:34.752568,399188474e621b541aecc5fdedc46380179b7298fb3eaf3f254ea058dff43e31,NEW,,0
https://cafef.vn/viet-nam-se-khai-thac-manh-nguon-dau-mo-moi-18826032015302304.chn,2026-03-20 15:30:00,2026,3,2026-06-07 05:47:34.803844,e778265d237acb607475f20a4e4ed1c70417dc69436a67bc0af35bfe1cb23452,NEW,,0
https://cafef.vn/mot-tap-doan-cong-nghe-lon-vua-sa-thai-60000-nhan-su-188260320150444793.chn,2026-03-20 15:05:00,2026,3,2026-06-07 05:47:34.857567,cd495dceb5eb5c3ddeadb586356457711c9f1ac3ee47313d6ae3e045a33a4ba7,NEW,,0
https://cafef.vn/mua-sam-bang-ai-van-con-xa-voi-cu-nga-ngua-cua-walmart-tren-chatgpt-khi-ty-le-chuyen-doi-chi-bang-1-3-so-voi-thong-thuong-188260320134351373.chn,2026-03-20 14:46:00,2026,3,2026-06-07 05:47:34.908127,a3f3da75e59aaf16a8eedb8e7afa459329a55d015db3bf2b31e9eaaa5c6b8425,NEW,,0
https://cafef.vn/ai-khong-con-de-thu-cho-vui-4-ung-dung-ai-viet-phuc-vu-cong-viec-tu-lam-web-den-trong-trot-188260320134526342.chn,2026-03-20 13:46:00,2026,3,2026-06-07 05:47:34.960904,c4d3ebfe0da249548594d0e7fbb4e20b347ffbef562f64aa1db11f2f12c2256d,NEW,,0
https://cafef.vn/nvidia-khong-muon-chi-ban-chip-buoc-ngoat-80-ty-usd-va-tham-vong-tro-thanh-tram-thu-phi-toan-cau-cua-ceo-jensen-huang-188260320105505288.chn,2026-03-20 11:07:00,2026,3,2026-06-07 05:47:35.013914,081d62afced99a67037b44f3b7f6fc88fb4a196a1524d11b1c6428008bbbc388,NEW,,0
https://cafef.vn/cong-nghe-20-3-amazon-dau-tu-them-100-ty-usd-cho-ai-meta-van-giu-vr-188260320101355674.chn,2026-03-20 10:16:00,2026,3,2026-06-07 05:47:35.067542,93b5e65b2a37b7c00b60c9e19b717e444068281d9ae0b2553c1ed3171c148f7a,NEW,,0
https://cafef.vn/9-tinh-nang-an-khong-the-bo-qua-tren-iphone-188260320093102696.chn,2026-03-20 09:41:00,2026,3,2026-06-07 05:47:35.120499,8985487d82849732ce0e41b29b9c8696e88ef2bc66679d8f9644ffa886486ab7,NEW,,0
https://cafef.vn/nguoi-dan-co-bhyt-bhxh-can-dac-biet-luu-y-thong-tin-sau-188260320085904582.chn,2026-03-20 09:03:00,2026,3,2026-06-07 05:47:35.176952,023523b2cc171b0c01ce0f17760c1326345eb39073611616e4a653d233046d8d,NEW,,0
https://cafef.vn/cuc-csgt-canh-bao-xe-chay-ngay-canh-tuong-rat-binh-thuong-co-the-la-camera-phat-hien-vi-pham-giao-thong-188260320085836037.chn,2026-03-20 09:01:00,2026,3,2026-06-07 05:47:35.230189,7e7dd304d0fedf23d69310e64b8622f07d099aeca3ab4b6ed7a2e983f8a84276,NEW,,0
https://cafef.vn/facebook-thong-bao-mot-thay-doi-quan-trong-nguoi-dung-nen-chu-y-188260320083116651.chn,2026-03-20 08:59:00,2026,3,2026-06-07 05:47:35.284538,7786ad2dc2d2412022464e73232c3de73f166472a91a8e2799e36e4d938c4aa7,NEW,,0
https://cafef.vn/hon-40-nguoi-dung-quay-lung-voi-chatgpt-va-gemini-vi-lo-ngai-ro-ri-du-lieu-188260320065755223.chn,2026-03-20 08:30:00,2026,3,2026-06-07 05:47:35.336952,abfc5a53914d81b910fc584807d45770f614c8effe75aa22820be20071532e7a,NEW,,0
https://cafef.vn/model-ai-bi-an-tu-nhan-khong-biet-minh-la-ai-ca-the-gioi-nghi-la-deepseek-v4-hoa-ra-la-cua-xiaomi-188260320070032054.chn,2026-03-20 07:54:00,2026,3,2026-06-07 05:47:35.389785,8243d7ee30b000af66f3b80a8ca2bcf27ca51b39181210488753d1854d4163a7,NEW,,0
https://cafef.vn/mot-thu-dang-duoc-jensen-huang-khen-tan-may-xanh-den-nguoi-trung-quoc-cung-phat-cuong-phep-mau-gi-vay-188260320070640976.chn,2026-03-20 07:20:00,2026,3,2026-06-07 05:47:35.445690,a559d7c2307c59453c31a0e35048775cba8d005148eefa6837a4fb68ab48a5a9,NEW,,0
https://cafef.vn/bo-cong-an-de-xuat-dinh-danh-chu-quan-siet-quan-ly-hoi-nhom-mang-xa-hoi-188260319163040515.chn,2026-03-19 17:30:00,2026,3,2026-06-07 05:47:35.497653,c490a1e69e3e9d9c6c340671c1f72e9913f02e29337cb20b05ddad873379f626,NEW,,0
https://cafef.vn/so-ke-openclaw-va-chatgpt-agent-ai-nao-that-su-lam-duoc-viec-188260319164740785.chn,2026-03-19 17:08:00,2026,3,2026-06-07 05:47:35.551413,c0882e93ffba23b49ea8e3e684549299b602aa72d5a0dcc54fe40f051874a4dc,NEW,,0
https://cafef.vn/zalo-van-la-ung-dung-duoc-su-dung-nhieu-nhat-tai-viet-nam-188260319160638413.chn,2026-03-19 17:02:00,2026,3,2026-06-07 05:47:35.610733,b45cdf44cd1841aaac34e56c585c4ab6106f1bd8282682db5b11742e71681b2a,NEW,,0
https://cafef.vn/phat-hien-93-lan-giao-dich-voi-tong-so-tien-hon-45-trieu-dong-cong-an-khoi-to-thanh-nien-sn-2007-188260319163739636.chn,2026-03-19 16:38:00,2026,3,2026-06-07 05:47:35.668577,6a9b39938a6a166e960f2deb4e35fc95fbd3be0ea8fe9b11bc6cb385a370b5c2,NEW,,0
https://cafef.vn/cong-an-co-luu-y-quan-trong-ve-giay-to-dang-kiem-tat-ca-chu-xe-o-to-can-biet-188260319160010993.chn,2026-03-19 16:01:00,2026,3,2026-06-07 05:47:35.735806,ddeee056722a438bc8da733cf0a292a0f789261741da516c4e1113ceb8beaf59,NEW,,0
https://cafef.vn/openclaw-la-gi-ma-ceo-nvidia-ca-ngoi-se-tro-thanh-chatgpt-tiep-theo-188260319154602684.chn,2026-03-19 15:47:00,2026,3,2026-06-07 05:47:35.789039,36def00817423253df51d666a984a16aa649eb337f025d858c9da56bf991a523,NEW,,0
https://cafef.vn/lg-ra-mat-sieu-pham-man-hinh-all-in-one-ho-tro-ca-cong-viec-hoc-tap-giai-tri-188260319190337431.chn,2026-03-19 15:02:00,2026,3,2026-06-07 05:47:35.844341,d2f712834c4b9107d24fb4fda5eb2e74f0042d84ae15195f9a48c84b3e533b2c,NEW,,0
https://cafef.vn/ai-chi-mat-vai-giay-de-giai-thanh-cong-bai-toan-lam-kho-gioi-vat-ly-suot-mot-the-ky-188260319133916693.chn,2026-03-19 14:30:00,2026,3,2026-06-07 05:47:35.895575,593ea8866faf70d4d81e314262d5d848ee6b71cbf6ca852e5a728227c41318bf,NEW,,0
https://cafef.vn/ceo-nvidia-tuyen-bo-game-thu-hoan-toan-sai-khi-chi-trich-dlss-5-khang-dinh-ai-khong-pha-hong-ma-con-nang-tam-do-hoa-188260319133223554.chn,2026-03-19 14:00:00,2026,3,2026-06-07 05:47:36.002543,776b32b58d5267c6a6f32489b26dc9def39333c7e21ad9a34fb538316d5381d8,NEW,,0
https://cafef.vn/chu-tich-tao-duc-thang-noi-gi-khi-viettel-tro-thanh-thuong-hieu-vien-thong-manh-nhat-the-gioi-188260319135906191.chn,2026-03-19 13:59:00,2026,3,2026-06-07 05:47:36.110481,d2d160cb0b578d994e830e850b09911704bb073316d5895e48c8cc40a46bee05,NEW,,0
https://cafef.vn/sony-gap-kho-khan-san-xuat-cam-bien-camera-iphone-samsung-co-the-tro-thanh-doi-tac-moi-cua-apple-188260319085929054.chn,2026-03-19 13:30:00,2026,3,2026-06-07 05:47:36.166926,a7cfc159fdcad6a9a4852de820afd843e74415db7886e9a01284de83d677814a,NEW,,0
https://cafef.vn/tin-vui-cho-hang-trieu-nguoi-dan-dung-vneid-bo-qua-la-lo-quyen-loi-188260319112650208.chn,2026-03-19 11:26:00,2026,3,2026-06-07 05:47:36.220603,0544b0ec916c3045738155f153f1b4960d0947134d0e28f4bb6e0a33be683a21,NEW,,0
https://cafef.vn/ra-mat-ai-de-va-loi-openclaw-hang-bao-mat-lon-nhat-trung-quoc-tu-tay-tang-hacker-chia-khoa-toan-bo-he-thong-188260318130243579.chn,2026-03-19 10:35:00,2026,3,2026-06-07 05:47:36.273519,5a4a3c53bf3fa82e214df678ce0164ec5fcbbd0cad9446eba9d0a885a17842f7,NEW,,0
https://cafef.vn/nong-facebook-gap-loi-tren-dien-rong-giao-dien-trang-xoa-188260319102420021.chn,2026-03-19 10:24:00,2026,3,2026-06-07 05:47:36.328174,bed9a10390b5038a759fb0965661c5091784e43b9d2a7ca975c12303e182d421,NEW,,0
https://cafef.vn/mot-cuon-tu-dien-khoi-kien-openai-188260318160811047.chn,2026-03-19 09:29:00,2026,3,2026-06-07 05:47:36.380839,f9f093e0c928455b6af1628ba3562672ea4749cb95ff000b66afdf340ac9cd53,NEW,,0
https://cafef.vn/may-ai-ngo-de-che-nvidia-huy-hoang-se-co-ngay-het-thoi-the-nay-jensen-huang-dang-ngoi-tren-dong-lua-188260319084842301.chn,2026-03-19 09:00:00,2026,3,2026-06-07 05:47:36.435976,148e066c1c24bfe9d369c091b3c03a23fde4e0cbb004a1bc13769c4cf7515330,NEW,,0
https://cafef.vn/18-ty-usd-bay-mau-con-ac-mong-ma-doc-tong-tien-trong-nganh-san-xuat-188260319070308158.chn,2026-03-19 08:28:00,2026,3,2026-06-07 05:47:36.498911,11983cc77217d701c7906812bd035e85d0985258c57cc837101b72c0d3fb4ab2,NEW,,0
https://cafef.vn/vinh-ha-long-se-duoc-phu-song-starlink-188260318133858858.chn,2026-03-19 07:59:00,2026,3,2026-06-07 05:47:36.555947,401b410609ead097558b795b2f89804092c8331879f8e48891b12404bc83375e,NEW,,0
https://cafef.vn/tim-cook-phu-nhan-tin-don-roi-ghe-ceo-apple-khang-dinh-tiep-tuc-gan-bo-trong-nhieu-nam-toi-188260319071913002.chn,2026-03-19 07:26:00,2026,3,2026-06-07 05:47:36.610447,244baf99f8940bde22cc4ca6b1248a0fbf8d3664b4c6add5e5d7c1e09128951b,NEW,,0
https://cafef.vn/sau-khi-xac-minh-giao-dich-10-trieu-dong-trong-tai-khoan-ngan-hang-cong-an-tam-giu-nguoi-dan-ong-sn-1985-188260318162004247.chn,2026-03-18 17:22:00,2026,3,2026-06-07 05:47:36.671718,5ff282b8764171525e52d5c6870b2d60fd6273961180fd413936f304eac1d402,NEW,,0
https://cafef.vn/nha-sang-lap-openclaw-ban-cong-ty-100-trieu-euro-roi-di-lam-thue-tu-bo-13-nam-tam-huyet-de-tao-ra-quai-vat-ai-trong-60-phut-188260318152050307.chn,2026-03-18 16:51:00,2026,3,2026-06-07 05:47:36.725495,13b1901516a05dc6022b93899e80388f9ebda0286f4194d34f2169388a03abf3,NEW,,0
https://cafef.vn/nguoi-dan-can-kiem-tra-ngay-thong-tin-nay-tren-vssid-188260318161705429.chn,2026-03-18 16:16:00,2026,3,2026-06-07 05:47:36.791832,8f4ad803298fc7387dc9aad05c05a5159fc763a26251d03aa525135fbd52c125,NEW,,0
https://cafef.vn/cong-ty-ngan-luong-cua-shark-binh-rua-tien-cho-trum-lua-dao-mr-pips-188260318144951855.chn,2026-03-18 15:32:00,2026,3,2026-06-07 05:47:36.844915,afbfde5a70d3193b70166a0b431df3f6da2f16f8c0d087b7e9c1f81503bc75c7,NEW,,0
https://cafef.vn/tai-khoan-ngan-hang-co-giao-dich-800-trieu-dong-nu-sinh-2006-bi-cong-an-moi-len-lam-viec-188260318153009183.chn,2026-03-18 15:30:00,2026,3,2026-06-07 05:47:36.899338,8e9707efe4177fb64be8265ee48fe683cb1317e9e71a216bdbc1088bb6db06fb,NEW,,0
https://cafef.vn/mr-pips-bi-cao-buoc-chiem-doat-hon-1301-ty-dong-18826031814185861.chn,2026-03-18 15:20:00,2026,3,2026-06-07 05:47:36.952346,6a26deebb9d98e25df1e6e67e831c9a116ccb1ad85def4debb30070f9add3ed5,NEW,,0
https://cafef.vn/nghien-cuu-moi-ai-don-le-thanh-cong-100-nhung-lam-viec-nhom-that-bai-toi-68-188260318103717107.chn,2026-03-18 14:37:00,2026,3,2026-06-07 05:47:37.004516,6b0b6816c4eed89b5cf4efdeb2e97f6b845cbe2f8b4582e3c0ce11739bf4c846,NEW,,0
https://cafef.vn/tin-buon-cho-hang-trieu-nguoi-dung-chatgpt-188260318134316794.chn,2026-03-18 13:46:00,2026,3,2026-06-07 05:47:37.058691,3871b3e6bac6b034023f7babdd0f598daf2156b7459f6b6b6c6fba1e90bc4a3e,NEW,,0
https://cafef.vn/google-maps-cap-nhat-dia-gioi-hanh-chinh-moi-cua-viet-nam-sau-8-thang-sap-nhap-188260318104524879.chn,2026-03-18 11:34:00,2026,3,2026-06-07 05:47:37.113273,f0e30eb6e934a7d75a9b6852203a91655f95f062daa832c2d28b0de637d5445c,NEW,,0
https://cafef.vn/cong-an-phat-hien-ra-ly-do-nguoi-dan-bi-lo-thong-tin-dang-nhap-du-lieu-ca-nhan-tham-chi-bi-chiem-doat-tien-188260318112936717.chn,2026-03-18 11:30:00,2026,3,2026-06-07 05:47:37.164870,44514efcea37aaff36947bc523eec524b540a68ce2728694a5f7f185240cd091,NEW,,0
https://cafef.vn/grab-ho-tro-ca-tai-xe-xe-xang-va-xe-dien-188260318111526176.chn,2026-03-18 11:15:00,2026,3,2026-06-07 05:49:14.385663,eaeb81854bc0948bfa10e2968bd489098e66aa77ed5b07629866174b3b2181de,NEW,,0
https://cafef.vn/50-doanh-thu-chi-den-tu-3-khach-hang-de-che-nvidia-tri-gia-5000-ty-usd-bat-dau-lo-nhung-vet-nut-188260318101340787.chn,2026-03-18 10:50:00,2026,3,2026-06-07 05:49:14.438961,871e9aeef06235b7675de883cdd81e9710a3430c7b8d105871cc2e531d9daa4a,NEW,,0
https://cafef.vn/cong-an-canh-bao-tin-nhan-zalo-sms-co-the-khien-tai-khoan-ngan-hang-bi-rut-sach-188260318104452485.chn,2026-03-18 10:45:00,2026,3,2026-06-07 05:49:14.488942,9ed47a6f20958710858d6b7bb03102efcac549ec0e9c41f713c9441fff5c4e9e,NEW,,0
https://cafef.vn/nvidia-ra-mat-nemoclaw-ceo-jensen-huang-tuyen-bo-moi-cong-ty-deu-can-mot-chien-luoc-openclaw-188260318085655945.chn,2026-03-18 10:17:00,2026,3,2026-06-07 05:49:14.541864,670efe7ff9a70d6bb34ab764cd7600767d31c9f8b6928eac2039b5c02036b5ff,NEW,,0
https://cafef.vn/phat-hien-chenh-lech-giua-thu-nhap-hien-thi-tren-etax-mobile-voi-chung-tu-khau-tru-thue-tncn-cong-ty-cap-can-bo-thue-huong-dan-cach-xu-ly-188260318100802539.chn,2026-03-18 10:11:00,2026,3,2026-06-07 05:49:14.595619,5925d79629a7d5c58df102e028f83aca492f7b3af6457b8fc88495169de11b6e,NEW,,0
https://cafef.vn/cong-nghe-18-3-youtube-bat-tay-fifa-boox-ra-mat-may-doc-sieu-mong-18826031808323033.chn,2026-03-18 09:45:00,2026,3,2026-06-07 05:49:14.648990,4ddce2bc40c5fc7b50a25410c508762e8f6840b269b6342d607117f534e25e5c,NEW,,0
https://cafef.vn/viet-nam-se-tro-thanh-diem-den-phai-lua-chon-cua-cac-ty-phu-nhu-elon-musk-jensen-huang-188260318082825622.chn,2026-03-18 09:06:00,2026,3,2026-06-07 05:49:14.702134,3e8c50560446dacf1ce4fc94c91561d5a0d0ad21dfa011362caf51061f17f7e7,NEW,,0
https://cafef.vn/ai-khong-tot-nhu-quang-cao-75-cio-thua-nhan-da-mac-bay-khi-chon-nen-tang-tri-tue-nhan-tao-dot-hang-trieu-usd-de-mua-ve-su-hoi-han-188260318072007095.chn,2026-03-18 08:30:00,2026,3,2026-06-07 05:49:14.753491,d45b99762e3f43dc0aae90fbbdcc8fa4cc4b88047f5ebc4b6d4300155ca9a32a,NEW,,0
https://cafef.vn/nvidia-trinh-dien-khay-tinh-toan-lai-voi-groq3-lpx-huong-toi-hieu-suat-suy-luan-vuot-troi-18826031807132658.chn,2026-03-18 07:54:00,2026,3,2026-06-07 05:49:14.804851,68987a70e5a1c6bd5e0b8bf1c0a6213143fa794aa5151ec6751247d97e4b9792,NEW,,0
https://cafef.vn/elon-musk-chao-moi-goi-cuoc-22-trieu-dong-nam-o-viet-nam-gia-dat-gap-10-lan-lieu-co-the-canh-tranh-188260318071554812.chn,2026-03-18 07:17:00,2026,3,2026-06-07 05:49:14.856254,8ecd4387c81f1ba1bfb27a4d38bb7d7936ed00711f3422eddd6ac8cfabf25e64,NEW,,0
https://cafef.vn/tin-vui-cho-nguoi-thich-mua-hang-trung-quoc-han-quoc-chinh-hang-188260317171659452.chn,2026-03-17 17:16:00,2026,3,2026-06-07 05:49:14.908366,5c7ddaf32cb6af95d0e33aeef74fddc332ae0b6e089a7414c3c56ac24f22ccb3,NEW,,0
https://cafef.vn/kiem-tien-tu-affiliate-tren-tiktok-shopee-co-phai-tu-quyet-toan-thue-cuc-thue-noi-ro-2-truong-hop-de-nham-188260317163301791.chn,2026-03-17 16:50:00,2026,3,2026-06-07 05:49:14.961645,7a50b86cff83d0e80453f29d7264265186c6aa948d3db2450fc5b8fe89302898,NEW,,0
https://cafef.vn/intel-viet-nam-tham-gia-san-xuat-vi-xu-ly-cong-nghe-hien-dai-nhat-the-gioi-188260317155208764.chn,2026-03-17 16:20:00,2026,3,2026-06-07 05:49:15.015054,962bd31fd9825d75ffa02669731a5675c327bd445d49ef3fc4d1de4e61283b08,NEW,,0
https://cafef.vn/netflix-thau-tom-cong-ty-ai-cua-ben-affleck-thuong-vu-tri-gia-gan-600-trieu-usd-188260317153051289.chn,2026-03-17 15:50:00,2026,3,2026-06-07 05:49:15.068040,f75e121c9fc86ff82c49c31178f20201c4d44a85317e4d4136554608fcc564c2,NEW,,0
https://cafef.vn/ha-noi-so-hoa-10-thu-tuc-bao-hiem-xa-hoi-bao-hiem-y-te-188260317085136786.chn,2026-03-17 15:46:00,2026,3,2026-06-07 05:49:15.131769,9b42ccb5c19727c5e2009e30f21c314b4375afd008ca8bd24d20cd96fc0a9108,NEW,,0
https://cafef.vn/facebook-marketplace-tich-hop-ai-tu-dong-tra-loi-tin-nhan-tao-bai-dang-cho-nguoi-ban-188260317083516034.chn,2026-03-17 15:46:00,2026,3,2026-06-07 05:49:15.185585,df11b7cef082a3dbbe7254b4858ca8c8e14afddad9db587e23db9bf72f84dd83,NEW,,0
https://cafef.vn/google-hoan-tat-thuong-vu-mua-wiz-tri-gia-32-ty-usd-188260317071306179.chn,2026-03-17 15:46:00,2026,3,2026-06-07 05:49:15.238371,c51d19522fcde440446106af7667b0e797978eeba26d52f3bc70c561700375f4,NEW,,0
https://cafef.vn/chi-phi-dung-internet-starlink-tai-viet-nam-khoang-35-trieu-dong-nam-dau-tien-188260317142752747.chn,2026-03-17 15:18:00,2026,3,2026-06-07 05:49:15.293758,c0502242cb83cbb68d506530ed3eee1e1933b0fc5d16868f7b8a27acc1a1f3f7,NEW,,0
https://cafef.vn/cong-ty-ai-thue-dien-vien-ngau-hung-de-huan-luyen-cam-xuc-cho-ai-188260317142019199.chn,2026-03-17 15:08:00,2026,3,2026-06-07 05:49:15.345071,ebc4c357885e96071a9039f078280dd19d9145412cd0574ee2ec4db690b09c0a,NEW,,0
https://cafef.vn/loat-chuyen-gia-tai-silicon-valley-hien-ke-de-viet-nam-tro-thanh-diem-den-phai-lua-chon-cua-cac-ty-phu-the-gioi-1882603171502051.chn,2026-03-17 15:01:00,2026,3,2026-06-07 05:49:15.400354,bbc964e8be34fb491eecf6ffc44620bce1b42bd8352e296999d12a3a3c5659b5,NEW,,0
https://cafef.vn/tin-vui-voi-tat-ca-nguoi-dung-dien-thoai-android-188260317145120981.chn,2026-03-17 14:51:00,2026,3,2026-06-07 05:49:15.468664,8baf44ce978352decca2f9b09ef38fcd10d71861593452247d2217a92f42219b,NEW,,0
https://cafef.vn/alibaba-phat-trien-cong-cu-ai-giup-doanh-nghiep-tu-dong-hoa-cong-viec-188260317135114453.chn,2026-03-17 14:30:00,2026,3,2026-06-07 05:49:15.522742,a18d43f6af37699bbe7b805ded8b01bb2dd19568a8bb24d8156ab610e9a19d27,NEW,,0
https://cafef.vn/nong-canh-bao-lo-hong-bao-mat-cua-google-lan-dau-tien-xay-ra-trong-nam-2026-188260317095103769.chn,2026-03-17 14:15:00,2026,3,2026-06-07 05:49:15.577087,32781289f75ce0f51dd1eecb66827bb045d55cf7346bdb0e752d77ab0d480624,NEW,,0
https://cafef.vn/cong-an-co-thong-bao-quan-trong-toi-nguoi-dan-dang-su-dung-thiet-bi-wifi-188260317135754546.chn,2026-03-17 13:57:00,2026,3,2026-06-07 05:49:15.632701,d53accf35ea773438641e3989a0fb2ab85b7f76617ade5400e3b86cf4383df0d,NEW,,0
https://cafef.vn/6-dong-iphone-ai-dang-dung-can-nen-kiem-tra-ngay-188260317111437932.chn,2026-03-17 13:31:00,2026,3,2026-06-07 05:49:15.685321,8baa06e00baadfab5314f433763ffa0f8a7066ebd508989cb010e3b5f015139c,NEW,,0
https://cafef.vn/nvidia-du-bao-doanh-thu-vuot-1000-ty-usd-nho-nhu-cau-tinh-toan-ai-tang-vot-den-nam-2027-188260317105527035.chn,2026-03-17 10:57:00,2026,3,2026-06-07 05:49:15.739455,0df4f4fa5213f926b13ab53a68e0b1cfd4f3d1c3b7f636f2ef12d88c28145b30,NEW,,0
https://cafef.vn/ong-trum-giang-bay-lua-dao-thong-qua-dong-tien-so-ftxf-188260317081946701.chn,2026-03-17 09:40:00,2026,3,2026-06-07 05:49:15.790920,6e27e70823a117dc288f78e3b01fd0ffd36e8a32a5465f60e1ee3ba2da423d8a,NEW,,0
https://cafef.vn/cach-chan-tin-nhan-va-cuoc-goi-rac-cho-tat-ca-nguoi-dung-sim-viettel-188260317080441243.chn,2026-03-17 08:40:00,2026,3,2026-06-07 05:49:15.925853,e0f91e2c24ed90f3698a5c7379bc633f275939a9e0722173f8c93632137a29a2,NEW,,0
https://cafef.vn/vietjet-air-huong-dan-cach-check-in-online-qua-vneid-nhanh-nhat-188260317071751995.chn,2026-03-17 07:45:00,2026,3,2026-06-07 05:49:16.224686,4ad46e2480f507aa767d3e7cfbe872c62f323cff215b402eb4bfb18bb69e6c9a,NEW,,0
https://cafef.vn/cuc-thue-phat-thong-bao-moi-18826031616584137.chn,2026-03-16 16:59:00,2026,3,2026-06-07 05:49:16.459081,4037846ab1b264de799ae967fe511495fdd20f275398cd8be159652ec4761980,NEW,,0
https://cafef.vn/nhieu-nguoi-mat-tien-de-go-cai-dat-openclaw-nguoi-dan-trung-quoc-lai-mot-lan-nua-tai-hien-kich-ban-kinh-dien-cua-noi-lo-ai-188260316154130571.chn,2026-03-16 16:46:00,2026,3,2026-06-07 05:49:16.739987,b5421c7c02352d3115584fe6b8e87e66c61dd659560047bc3cd89c70e25d73df,NEW,,0
https://cafef.vn/5-trieu-robot-voi-chi-phi-2-usd-gio-sap-dat-dau-cham-het-cho-nhan-cong-gia-re-trong-nha-may-lam-8-tieng-ngay-khong-nghi-om-hay-doi-tang-luong-188260316145627354.chn,2026-03-16 16:14:00,2026,3,2026-06-07 05:49:16.790831,669734734d8afe64c86ada6aa782406b7203ffd2e7b41a6c0535e6eb19c07461,NEW,,0
https://cafef.vn/grab-danh-hon-84-ty-dong-lam-dieu-dac-biet-188260316160021384.chn,2026-03-16 16:00:00,2026,3,2026-06-07 05:49:16.841095,a40a07a9ba8075c07ece46ffe1863accbc3d5242e79f58239036c5e472df1044,NEW,,0
https://cafef.vn/nghich-ly-so-phan-lap-trinh-vien-thoi-ai-lao-lang-len-chuc-coder-tre-thanh-nguoi-thua-188260316143431746.chn,2026-03-16 15:49:00,2026,3,2026-06-07 05:49:16.893854,60ff197dd2ca47dc0d14674396982bc30ed2e0a94856037f44f34c337db8247d,NEW,,0
https://cafef.vn/cong-an-phat-canh-bao-quan-trong-ve-ho-chieu-188260316145311042.chn,2026-03-16 15:15:00,2026,3,2026-06-07 05:49:16.946346,b68aac3e7515085cf3d811ab602751be8f4350e82bfa4ef8ef1904e847c8120f,NEW,,0
https://cafef.vn/875-trieu-dien-thoai-co-the-bi-hack-trong-60-giay-kiem-tra-ngay-ban-co-nam-trong-danh-sach-188260316141103847.chn,2026-03-16 14:32:00,2026,3,2026-06-07 05:49:16.998063,71a832481f8c3747c9e2693ae1e6b58328af9b03ecb209f9eba27df137419e18,NEW,,0
https://cafef.vn/cong-an-da-nang-tim-bi-hai-trong-vu-lua-dao-tai-trung-tam-the-kan-188260316134713681.chn,2026-03-16 13:50:00,2026,3,2026-06-07 05:49:17.052582,8051c779903d09dd18a6f8c1103c39b2415c105546e9d4a93dce8b82bb50d975,NEW,,0
https://cafef.vn/dung-de-bi-sa-thai-cuoc-cach-mang-nuoi-tom-openclaw-tai-trung-quoc-va-loi-canh-tinh-cho-300-trieu-viec-lam-tren-toan-cau-188260316111042292.chn,2026-03-16 11:30:00,2026,3,2026-06-07 05:49:17.106321,17cd30727b3ff5db503383e0f4201788e8141d041632fcabd92158958c746b83,NEW,,0
https://cafef.vn/den-tham-cuc-thue-chuyen-gia-tu-phap-ve-viet-nam-vo-cung-an-tuong-khi-du-lieu-ve-hoa-don-so-lieu-quan-ly-thue-duoc-cap-nhat-lien-tuc-den-tung-giay-18826031611264489.chn,2026-03-16 11:26:00,2026,3,2026-06-07 05:49:17.158904,b0b96a7e6aac8a5340b9b089746209f13d3077f07d9bf90724be99f0aaec3a80,NEW,,0
https://cafef.vn/livestream-va-ban-hang-tren-shopee-tiktok-thue-7-hay-35-chuyen-gia-thue-giai-thich-188260316104320663.chn,2026-03-16 10:54:00,2026,3,2026-06-07 05:49:17.211548,ccb783065b6990bd0f7666a4c53d0cede6a366931fb9bc6d94f754f27e37cdf4,NEW,,0
https://cafef.vn/cha-de-chatgpt-ai-dang-tro-thanh-vat-te-than-de-cac-cong-ty-sa-thai-nhan-su-188260316094957692.chn,2026-03-16 10:29:00,2026,3,2026-06-07 05:49:17.276445,06ed209c4dd453df8bfc1516c050a17fd44405e97726fd79bf0cca4ca83e89e9,NEW,,0
https://cafef.vn/bi-kich-gam-nham-nganh-cong-nghe-ty-usd-ai-khien-loat-ky-su-tram-cam-tu-tu-vi-lam-90-gio-tuan-chi-10-sinh-vien-tot-nghiep-tim-duoc-viec-188260316092811315.chn,2026-03-16 09:41:00,2026,3,2026-06-07 05:49:17.329409,89ebab0b28edb60fb53bc079dffec1db309bdfc99a14d071192b49bbabcc80e1,NEW,,0
https://cafef.vn/vi-the-amazon-lung-lay-boi-1-ung-dung-trung-quoc-vua-ra-mat-chi-can-hon-100-nghin-dong-thang-de-nhan-hang-mien-phi-khong-gioi-han-18826031608571552.chn,2026-03-16 09:11:00,2026,3,2026-06-07 05:49:17.382959,268f5f71c1f6970d9c1174294e6ec8152a4f42aa5e5c308a7cf434bb346a89ff,NEW,,0
https://cafef.vn/vibe-code-voi-cursor-sinh-vien-trung-quoc-nhan-dau-tu-hon-114-ty-dong-188260316072622177.chn,2026-03-16 08:12:00,2026,3,2026-06-07 05:49:17.435293,76c503c06e77f7cd17e51441f322cfe54621ce3d736f9db1e607868bd7814ef7,NEW,,0
https://cafef.vn/nho-dau-viettel-vuot-starlink-cua-elon-musk-tro-thanh-thuong-hieu-vien-thong-manh-nhat-the-gioi-188260316072032897.chn,2026-03-16 07:25:00,2026,3,2026-06-07 05:49:17.487055,016671902547f1294b09c8b40d68cc1e8e5bece20383e5390b75d8b8306db4a7,NEW,,0
https://cafef.vn/thong-bao-nong-tu-cong-an-nhung-ai-da-up-anh-the-cu-tri-len-mang-can-lam-ngay-viec-sau-188260315184020935.chn,2026-03-15 18:39:00,2026,3,2026-06-07 05:50:58.020175,6814169338b3008c864a417d01cb2e8892c207a96b07841acff9dd2ad78841a6,NEW,,0
https://cafef.vn/elon-musk-chuan-bi-cong-bo-du-an-terafab-san-xuat-chip-quy-mo-hang-tram-ty-moi-nam-188260315170424296.chn,2026-03-15 17:30:00,2026,3,2026-06-07 05:50:58.160781,67b4be27f2c116ce7ed1e6bee0c1348a9eb15fca56217d882e33a6cee3cbad27,NEW,,0
https://cafef.vn/sau-khi-chuyen-khoan-thanh-cong-9999999-dong-nguoi-phu-nu-sn-1983-kiem-tra-tai-khoan-roi-voi-bao-cong-an-188260315163028387.chn,2026-03-15 16:34:00,2026,3,2026-06-07 05:50:58.212799,06e3c74a6ec417a2c0c51843ef7e2ec115afa08e5883263672f342e529204bbf,NEW,,0
https://cafef.vn/canh-bao-35-ty-nguoi-dung-chrome-ve-lo-hong-bao-mat-zero-day-moi-duoc-phat-hien-188260315144915615.chn,2026-03-15 16:30:00,2026,3,2026-06-07 05:50:58.265487,0e5749c121dad6150879cf0c5e1d468235b29a2b8e6d7034772ab234c3bb765a,NEW,,0
https://cafef.vn/cong-nghe-15-3-meta-co-the-sa-thai-20-nhan-su-ai-video-trung-quoc-hoan-ra-mat-188260315144148419.chn,2026-03-15 15:34:00,2026,3,2026-06-07 05:50:58.410156,7a70cdc65924d560e4d71e72fb346bb5ce62d93a1d42c8c3ef41b24a8ac474ae,NEW,,0
https://cafef.vn/an-ninh-mang-viet-nam-cai-thien-tich-cuc-188260315133630715.chn,2026-03-15 14:30:00,2026,3,2026-06-07 05:50:58.460398,969115d67f51c10f8ebbffb2bbe8b3ad67f83dd1495c7f23d928d176a4795839,NEW,,0
https://cafef.vn/thung-lung-silicon-me-theo-doi-ai-lam-viec-thay-con-nguoi-188260315134041123.chn,2026-03-15 13:43:00,2026,3,2026-06-07 05:50:58.512712,914a79e18496d500cb4cce4287aa283c0090498fff6d6c9afdcc529d9a9a6a5d,NEW,,0
https://cafef.vn/khong-nghi-ngo-gi-nua-viet-nam-chinh-la-kho-bau-vo-gia-ma-elon-musk-da-luon-khao-khat-o-dong-nam-a-188260315104354786.chn,2026-03-15 10:44:00,2026,3,2026-06-07 05:50:58.563543,6c93b9251327b7ef9abde7425af5f064e9f14b7985a3d7352ed904b5349b4987,NEW,,0
https://cafef.vn/thuc-te-khac-nghiet-khi-con-nguoi-lam-thue-cho-ai-hon-600000-nguoi-dang-ky-trung-binh-60-nguoi-tranh-nhau-mot-cong-viec-188260315100311155.chn,2026-03-15 10:36:00,2026,3,2026-06-07 05:50:58.940259,1c22db36ccb78db7046724cce7ec00c4f3a97c165a0dd95bfd83b31568cc8859,NEW,,0
https://cafef.vn/kham-xet-tong-hanh-dinh-cua-tap-doan-xintel-bat-ong-trum-nguyen-bang-thao-sn-1990-va-17-nguoi-188260315071809531.chn,2026-03-15 09:49:00,2026,3,2026-06-07 05:50:59.422400,b11ed7d571bcceb831d5ba1209882c114ac5b1809951e606032c3e33cccf77bd,NEW,,0
https://cafef.vn/thay-doi-moi-tren-google-maps-anh-huong-den-2-ty-nguoi-dung-18826031509235537.chn,2026-03-15 09:23:00,2026,3,2026-06-07 05:50:59.719555,d56050ae630b1ec51e365b1215b9c552e1a0646463793a1aae4617e9f3881a93,NEW,,0
https://cafef.vn/sieu-du-an-metro-150-ty-usd-viet-nam-se-mua-phan-cung-hay-lam-chu-bo-nao-ai-188260315071231778.chn,2026-03-15 08:24:00,2026,3,2026-06-07 05:50:59.866976,c580ae3ca195e32f1b4fffab72ff84dcd433180f1580165af5e7c0a934593706,NEW,,0
https://cafef.vn/truc-trac-he-thong-hai-quan-dien-tu-188260314213424877.chn,2026-03-14 21:34:00,2026,3,2026-06-07 05:50:59.917782,96639d45c8efd95cf6729c27f7c1300c5b03e2a79dfb64c535b96bee4dca2a9a,NEW,,0
https://cafef.vn/viettel-vuot-starlink-cua-elon-musk-188260314211246087.chn,2026-03-14 21:12:00,2026,3,2026-06-07 05:50:59.970121,47b98075852c28be8ede8ebaccb6a6bb6c8476de6c7996ad694576aeb46bfad5,NEW,,0
https://cafef.vn/dn-viet-ra-mat-uav-bay-dan-dung-ai-binh-doan-bau-troi-tu-dong-dap-lua-cuu-nguoi-tu-cao-do-300m-188260314205919968.chn,2026-03-14 20:59:00,2026,3,2026-06-07 05:51:00.029890,3ec1f5c83fd613b23fcdd45590ef365388a305f300a8e385f2a04c43ecd12c71,NEW,,0
https://cafef.vn/cong-an-canh-bao-nguoi-dan-can-doi-ngay-mat-khau-email-mang-xa-hoi-tham-chi-ca-tai-khoan-ngan-hang-neu-lo-lam-dieu-nay-188260314180945357.chn,2026-03-14 20:55:00,2026,3,2026-06-07 05:51:00.082369,a454087cec039e3b39f24e50d45c9dd61d23e581936a25b9d45b4cc0cb0c0093,NEW,,0
https://cafef.vn/vi-sao-pin-dien-thoai-nhanh-het-trong-tinh-huong-khan-cap-18826031416111448.chn,2026-03-14 19:15:00,2026,3,2026-06-07 05:51:00.139967,848bf5a43720ab8ce6bbe7a5d7a9a48057cd57ef925c262666cc27bd8e5a8a55,NEW,,0
https://cafef.vn/cong-an-thong-bao-nong-den-tat-ca-nhung-ai-nhan-duoc-cuoc-goi-nho-co-dau-hieu-nay-188260314160852063.chn,2026-03-14 17:38:00,2026,3,2026-06-07 05:51:00.212856,17b4cd2cd17d1e78a32d8bce620707b55e1218b973fbb376527aa55f9d51c86d,NEW,,0
https://cafef.vn/mot-thay-doi-nho-tren-claude-vua-khien-google-va-openai-phai-dau-dau-188260314134240548.chn,2026-03-14 16:30:00,2026,3,2026-06-07 05:51:00.406164,877c3e0e5c301dc91d167025501ead0beae5e7d62489240b862c6d447d74b473,NEW,,0
https://cafef.vn/apple-co-tin-vui-cho-tat-ca-nguoi-dung-iphone-cu-188260314161102587.chn,2026-03-14 16:12:00,2026,3,2026-06-07 05:51:00.459200,38cf368d90f84bf0a298770ab733029a139e17eb44ff1284a87e95bd7e92d1e6,NEW,,0
https://cafef.vn/gia-dinh-nao-lap-camera-trong-nha-can-dac-biet-luu-y-van-de-sau-18826031415590484.chn,2026-03-14 16:02:00,2026,3,2026-06-07 05:51:00.584858,09383af0b2bf9b6229601c8aac6b75b6a1af1e4c98a659ac2d7e75c9dabb4217,NEW,,0
https://cafef.vn/ha-tang-ai-cu-da-cham-nguong-amd-nvidia-microsoft-va-openai-lap-lien-minh-tao-buoc-ngoat-moi-ve-cong-nghe-ha-tang-188260314141139855.chn,2026-03-14 15:28:00,2026,3,2026-06-07 05:51:00.715121,88dbb0325dec2ab7280ddf25d89f8ee2380f113096d71bb3e1976498ab491e50,NEW,,0
https://cafef.vn/can-bo-cong-an-bat-ngo-nhan-duoc-so-tai-khoan-la-chuyen-toi-nua-ti-dong-188260314130626641.chn,2026-03-14 14:30:00,2026,3,2026-06-07 05:51:00.767330,1a1b472ac0562ab0a9c581b6a04d76d7f76bca4b6e0c2cc28fddf78bd9a3dbae,NEW,,0
https://cafef.vn/csgt-co-thong-bao-quan-trong-ve-viec-thi-giay-phep-lai-xe-tu-16-3-14-trieu-nguoi-dan-chu-y-188260314130443984.chn,2026-03-14 14:10:00,2026,3,2026-06-07 05:51:00.944152,72ef1b2e882c647b768b3838cadb58b98ef42023c9f70e951409563de3c6b267,NEW,,0
https://cafef.vn/cong-an-tphcm-tim-bi-hai-trong-vu-chiem-doat-tai-san-chuyen-tien-vao-ngan-hang-188260314131927529.chn,2026-03-14 13:34:00,2026,3,2026-06-07 05:51:00.994221,ed3524f4382280d663e8561c8da01ede3f589074b83caf1b17d41d1b55c237b1,NEW,,0
https://cafef.vn/fpt-hien-ke-phat-trien-metro-tai-viet-nam-188260314131416501.chn,2026-03-14 13:14:00,2026,3,2026-06-07 05:51:01.044355,22fe977ee5972cec5f294d90d9f3230f8a3c0a120eeaae162d385d09fbfdbce9,NEW,,0
https://cafef.vn/vi-sao-co-quan-thue-phat-hien-duoc-ho-kinh-doanh-che-giau-doanh-thu-bang-tai-khoan-khac-188260314124718813.chn,2026-03-14 12:47:00,2026,3,2026-06-07 05:51:01.097248,cf136b11874af1099b44118532c078d51dc7d0e2db460e05b7d664464340d223,NEW,,0
https://cafef.vn/duoc-dau-tu-ca-tram-ty-usd-ai-meta-van-gay-that-vong-mark-zuckerberg-du-tinh-thue-gemini-ai-cua-google-de-dung-tam-18826031409155632.chn,2026-03-14 11:42:00,2026,3,2026-06-07 05:51:01.148508,952bd88ac70a1adff16b846dba7acd9462ef77beef810ee15c172fc2b69b84c4,NEW,,0
https://cafef.vn/thay-doi-lon-nhat-lich-su-cua-google-maps-ban-do-hieu-chuyen-nho-gemini-hoi-gi-dap-nay-them-dieu-huong-3d-18826031408425722.chn,2026-03-14 09:42:00,2026,3,2026-06-07 05:51:01.198428,9f2beb681e6ca9e6d831c98a6314a2a95b1fe2d34394b93acdbf21782303d92f,NEW,,0
https://cafef.vn/ly-do-tem-dang-kiem-moi-khong-in-ngay-het-han-188260314061602265.chn,2026-03-14 09:29:00,2026,3,2026-06-07 05:51:01.249880,e3bca4c73ab18cac6113ce992887f77fdbeb67232c074e83412b911eebbceb0d,NEW,,0
https://cafef.vn/cong-nghe-14-3-steven-spielberg-noi-khong-voi-ai-apple-cai-tien-macbook-neo-188260314080123797.chn,2026-03-14 08:53:00,2026,3,2026-06-07 05:51:01.301168,b283b204ee67a046605d57c16e8c3ac32bb715c410b69b5f08cae740143e452b,NEW,,0
https://cafef.vn/cong-an-lam-viec-voi-nguoi-quan-ly-gan-700-nhom-facebook-dat-ten-theo-xa-phuong-188260314084119266.chn,2026-03-14 08:41:00,2026,3,2026-06-07 05:51:01.352897,b129101aefb5167878027534723544982d524c2b45267192e40adcab327d6a96,NEW,,0
https://cafef.vn/canh-bao-chieu-tro-lua-dao-moi-cao-ve-so-ho-no-ro-tren-livestream-nhieu-nguoi-mat-tien-oan-188260313162853067.chn,2026-03-14 07:36:00,2026,3,2026-06-07 05:51:01.404719,47a78f0ed45d162598a252d6e8b9940937930b51eb9bb980bce4e0831eea96fc,NEW,,0
https://cafef.vn/ceo-nvidia-card-do-hoa-geforce-25-nam-tuoi-chinh-la-khoi-nguon-cua-cuoc-cach-mang-ai-188260313150352752.chn,2026-03-13 15:49:00,2026,3,2026-06-07 05:51:01.455601,58fc36762e71cf6bc6df9298d01671adafa860f37d48641c609cd9fe0a93942e,NEW,,0
https://cafef.vn/2-ty-nguoi-dung-google-maps-sap-trai-nghiem-dieu-chua-tung-co-ai-bien-ung-dung-ban-do-thanh-nguoi-tu-van-dan-duong-188260313150805745.chn,2026-03-13 15:07:00,2026,3,2026-06-07 05:51:01.506806,f24a92be47e204abea5de1841dab5722bfe5e10ce2b85794bd2e991ecc795118,NEW,,0
https://cafef.vn/9-11-nha-dong-sang-lap-xai-dut-ao-ra-di-tham-von-lat-do-chatgpt-cua-elon-musk-co-nguy-co-pha-san-188260313140617252.chn,2026-03-13 14:47:00,2026,3,2026-06-07 05:51:01.558984,e6a5bf285859c6b79e664f6aba7a7cbea8b3e63f81751856effaa50b372bf1be,NEW,,0
https://cafef.vn/bi-chatgpt-cuop-viec-lam-nhieu-chuyen-gia-marketing-tien-si-phai-di-dan-nhan-du-lieu-thue-188260313111651807.chn,2026-03-13 13:35:00,2026,3,2026-06-07 05:51:01.609867,8221f0337e47a382f9088fc79325d9423f51498de47fde8e2aaac29d22e78197,NEW,,0
https://cafef.vn/xu-huong-cong-ty-mot-nguoi-o-trung-quoc-188260313100554423.chn,2026-03-13 11:03:00,2026,3,2026-06-07 05:51:01.661719,ceab3ae8f4eebd9bc1d5955faf3e7a678e83c2e7cb2d4703a6f79058dc3d963e,NEW,,0
https://cafef.vn/hoa-ra-android-cung-co-co-che-hop-cat-nhu-iphone-de-tang-bao-mat-nhung-cach-hoat-dong-rat-khac-188260313091959487.chn,2026-03-13 09:47:00,2026,3,2026-06-07 05:51:01.715641,1f2bcb2e19314f9aa5907854fd38636eda378a4e04e430c7e8e6250cb7f10939,NEW,,0
https://cafef.vn/cach-tich-hop-tai-khoan-huong-an-sinh-xa-hoi-tren-vneid-188260313081152459.chn,2026-03-13 09:11:00,2026,3,2026-06-07 05:51:01.767636,25efd432100241f77597f9c45db256193321c12f1dfa66342fb8184632f678ea,NEW,,0
https://cafef.vn/89-doanh-nghiep-viet-nam-da-dung-ai-cho-marketing-lieu-nhan-su-nganh-co-doi-dien-lan-song-sa-thai-lon-188260313072946962.chn,2026-03-13 08:40:00,2026,3,2026-06-07 05:51:01.874555,c29f51ebe02be9ba2913081fb1381157409e1196fd06c42f82560cc3d462c511,NEW,,0
https://cafef.vn/dung-de-bo-me-gia-sap-bay-lua-dao-huu-tri-3-buoc-phong-ve-don-gian-nhung-cuc-hieu-qua-ma-gia-dinh-nao-cung-can-biet-188260313065552579.chn,2026-03-13 08:00:00,2026,3,2026-06-07 05:51:02.082337,dc75a2e31983117bac4d640fb38c37a940f8339c004c4a5c713dd72e5013d57d,NEW,,0
https://cafef.vn/qua-thong-minh-claude-ai-tu-nhan-ra-minh-dang-bi-kiem-tra-tu-viet-code-pha-ma-hoa-bao-mat-de-hack-dap-an-gian-lan-bai-test-188260313065744004.chn,2026-03-13 07:20:00,2026,3,2026-06-07 05:51:02.135518,d102afb820e91f5dc0803c49a6bce4286f68a30cc3e29242917ff235b40cc706,NEW,,0
https://cafef.vn/hon-80-nguoi-viet-dang-song-cung-ai-pho-chu-tich-google-thua-nhan-mot-su-that-tai-thi-truong-dong-nam-a-188260312170724602.chn,2026-03-12 17:13:00,2026,3,2026-06-07 05:51:02.325236,30796ab99f621d24e8a080934b69919e7e9372537c7ac401390c0afc3abf96e4,NEW,,0
https://cafef.vn/adobe-mo-rong-ai-cho-photoshop-va-firefly-tang-cuong-kha-nang-chinh-sua-hinh-anh-188260312161927449.chn,2026-03-12 16:30:00,2026,3,2026-06-07 05:51:02.455254,012d85aa1209522a3884d1bf7ed97bc44427a04a12d10ea563540467a4dd6434,NEW,,0
https://cafef.vn/agentmail-huy-dong-6-trieu-usd-de-tao-dia-chi-email-rieng-cho-cac-tac-nhan-ai-188260312101127404.chn,2026-03-12 16:14:00,2026,3,2026-06-07 05:52:46.111108,ec6468e9b705156703170aa3741e5299e1ce201700b0a9ab1b604409e7f2efc9,NEW,,0
https://cafef.vn/ung-dung-ai-kho-giu-chan-nguoi-dung-lau-dai-188260312142115102.chn,2026-03-12 15:45:00,2026,3,2026-06-07 05:52:46.165201,f73db3ba2c9693251ce9dcf846b4be7df497535931fb0ffd20fea6ddc02faf77,NEW,,0
https://cafef.vn/phat-hien-10-tau-trung-quoc-cho-thiet-bi-dac-biet-hoat-dong-lien-tuc-24-7-thuc-hien-nhiem-vu-quan-trong-188260312153714926.chn,2026-03-12 15:37:00,2026,3,2026-06-07 05:52:46.217520,f4fa0053019edc8285bc77d7b6d705595c991d54e0f969b4e73e784f93f0b48c,NEW,,0
https://cafef.vn/google-tich-hop-ai-gemini-sau-rong-vao-docs-sheets-slides-va-drive-nang-cao-nang-suat-lam-viec-188260312133206731.chn,2026-03-12 15:05:00,2026,3,2026-06-07 05:52:46.278204,2496d91fab7eef01f454261b9c63af0b34961a2a6114f7d6dd965cead762e730,NEW,,0
https://cafef.vn/giao-hang-tiet-kiem-viettel-post-va-vietnam-post-dong-loat-ap-dung-phu-phi-xang-dau-188260312142220565.chn,2026-03-12 14:30:00,2026,3,2026-06-07 05:52:46.330408,4e3d191756fdbf508b83aacc29a04b81ea9ec3b7abd93a0d70c22033d8d2564b,NEW,,0
https://cafef.vn/youtube-trien-khai-cong-nghe-phat-hien-deepfake-ai-cho-quan-chuc-nha-bao-tang-cuong-tinh-toan-ven-thong-tin-188260312105726764.chn,2026-03-12 14:06:00,2026,3,2026-06-07 05:52:46.434000,8b1a00faacd4ef139aad6e6be8dc0d84154b7383b408b654a726e83869b1a5f5,NEW,,0
https://cafef.vn/thiet-bi-cham-luong-tu-trung-quoc-tao-photon-doi-tinh-khiet-983-mo-duong-cho-mang-luong-tu-va-truyen-thong-sieu-bao-mat-188260312133135458.chn,2026-03-12 13:32:00,2026,3,2026-06-07 05:52:46.483876,b504d4ee59e63ba5c7fa64ad1f064b8f9207069defeb5f4fe1cbccc5be0c992f,NEW,,0
https://cafef.vn/fpt-don-tin-vui-kep-ve-dich-vu-phan-mem-va-ai-188260312105047169.chn,2026-03-12 10:50:00,2026,3,2026-06-07 05:52:46.535847,11028e3bf4ba2d270bb88267a855a48e9a0e7fb8e701ba53fb8bf079aee10cd5,NEW,,0
https://cafef.vn/tin-vui-cho-hang-trieu-nguoi-dung-gemini-188260312085537005.chn,2026-03-12 10:31:00,2026,3,2026-06-07 05:52:46.631240,4085fcb73a6867dd70d24f7dba87a9a90cb51586201bf65055dfdf7d7b049405,NEW,,0
https://cafef.vn/chi-3-ngay-nua-quy-dinh-ve-cccd-cua-hang-trieu-nguoi-dan-se-co-thay-doi-quan-trong-188260312092211365.chn,2026-03-12 09:21:00,2026,3,2026-06-07 05:52:46.683668,e021adeed360f9061bb3c6907c42f3f70d955beef93b8b96bbdcb59abd75c0d7,NEW,,0
https://cafef.vn/cong-nghe-12-3-trung-quoc-canh-bao-ai-openclaw-trong-khu-vuc-nha-nuoc-188260312084551746.chn,2026-03-12 09:09:00,2026,3,2026-06-07 05:52:46.736468,1e828c6449dc9c8f0beba6c9024f081edf70019262a3c46831eff83737da4b40,NEW,,0
https://cafef.vn/tphcm-sap-khoi-cong-du-an-trung-tam-du-lieu-ai-tri-gia-21-ty-usd-188260312084243195.chn,2026-03-12 08:45:00,2026,3,2026-06-07 05:52:46.788226,f154a0d9a0dd66e1a2248789180fcabb7ca63403d1e2fc1a6a279de1a6ea3bd1,NEW,,0
https://cafef.vn/google-photos-bo-sung-tuy-chon-tat-tim-kiem-ai-cho-phep-nguoi-dung-quay-lai-trai-nghiem-cu-18826031207303572.chn,2026-03-12 08:40:00,2026,3,2026-06-07 05:52:46.884776,0f5c73468ea1101640d4ecfc598ac9404dbef7b7ee7d107a70504e6010e8e9fb,NEW,,0
https://cafef.vn/viet-nam-co-kho-bau-khung-my-4-lan-danh-tieng-trung-quoc-2-lan-ngo-y-hop-tac-cong-nghe-2-sieu-cuong-co-gi-188260311153840038.chn,2026-03-11 22:27:00,2026,3,2026-06-07 05:52:46.935638,964ac36109b9b44075214c2973d0986eac2d1faf59ece792c550adae49f97ec1,NEW,,0
https://cafef.vn/viettel-money-bat-tay-fintech-my-thuc-day-thanh-toan-xuyen-bien-gioi-bang-cong-nghe-blockchain-188260311213826667.chn,2026-03-11 21:38:00,2026,3,2026-06-07 05:52:46.989123,ed42ca2e78f410fa644c748d12dd41313d62bb396630fbb31a89ebcdece8b088,NEW,,0
https://cafef.vn/cong-an-canh-bao-nong-den-tat-ca-nhung-ai-nhan-duoc-tin-nhan-zalo-facebook-sms-co-noi-dung-sau-188260311154804872.chn,2026-03-11 16:48:00,2026,3,2026-06-07 05:52:47.040292,1358b91eb2c9173ca556faa748c8daf8fbd1fdd0be427c1ca9f4ffa7655e403d,NEW,,0
https://cafef.vn/nguoi-dung-mang-internet-viettel-co-tin-vui-lon-188260311150931062.chn,2026-03-11 16:03:00,2026,3,2026-06-07 05:52:47.090109,9c27d22297d88d8f927a2adfd541e6a7417f63ef117cfdea3ddd6b46fbec05bd,NEW,,0
https://cafef.vn/ung-dung-ai-gap-kho-khan-trong-viec-giu-chan-nguoi-dung-ty-le-huy-dang-ky-cao-hon-30-188260311145204874.chn,2026-03-11 15:50:00,2026,3,2026-06-07 05:52:47.250038,d3d2447eb757709b37f59d2bc5f4bf982005f140c1cacf17e80b9c358c9b4fc4,NEW,,0
https://cafef.vn/phong-thi-nghiem-ai-cua-dong-sang-lap-openai-hop-tac-chien-luoc-voi-nvidia-188260311131231429.chn,2026-03-11 14:40:00,2026,3,2026-06-07 05:52:47.582884,f39a4f5e46224bda4dad476d3855218d10547fb82c16072e1fd719c36a9bc9de,NEW,,0
https://cafef.vn/tphcm-xay-trung-tam-du-lieu-ai-21-ti-usd-188260311131555465.chn,2026-03-11 13:36:00,2026,3,2026-06-07 05:52:47.865898,9ad3d6385cb95f2ba4e1e0f8644596197a1ca61c540bf1f019c79fac68bdf20d,NEW,,0
https://cafef.vn/ceo-nvidia-jensen-huang-vi-von-ai-nhu-banh-5-lop-khang-dinh-tiem-nang-lon-chua-khai-thac-188260311110625862.chn,2026-03-11 11:28:00,2026,3,2026-06-07 05:52:48.164086,81c9a73a59538daa8c80dc9fe9b5e630cd87a2202b3176a7e1536ecc9bc2142d,NEW,,0
https://cafef.vn/lan-dau-tien-viet-nam-se-to-chuc-dong-thoi-hai-trien-lam-cong-nghiep-quoc-te-quy-tu-hang-loat-ten-tuoi-tu-30-quoc-gia-vung-lanh-tho-khap-the-gioi-188260317160520778.chn,2026-03-11 11:04:00,2026,3,2026-06-07 05:52:48.464157,e413d7d01dbee815cfe5d2d0b8a12c53977fc9f64c92b77eb74e61d38fc4dec3,NEW,,0
https://cafef.vn/tu-nuoc-di-37-chan-dong-toan-cau-gio-ai-da-di-xa-den-dau-188260311105535911.chn,2026-03-11 10:55:00,2026,3,2026-06-07 05:52:48.728766,ad3fad130b5630788ad9c7230718056b6ca0e49ee96027b9ecc3f2660be7af76,NEW,,0
https://cafef.vn/meta-thau-tom-moltbook-mang-xa-hoi-danh-rieng-cho-ai-agents-188260311092430817.chn,2026-03-11 10:47:00,2026,3,2026-06-07 05:52:48.825330,aba1654faa9bfd952c9447c9b8b19d01c9404e1772be9689fb0fb89d14af1032,NEW,,0
https://cafef.vn/vua-nhan-duoc-gan-13-ty-dong-chuyen-khoan-nguoi-dan-ong-tphcm-lien-bao-cong-an-truy-tim-chu-nhan-so-tien-188260311100329768.chn,2026-03-11 10:42:00,2026,3,2026-06-07 05:52:48.875924,f5f482b38e9c8670527c6ddcb04059b8142ee478283ed3e8e4b86fab1577632d,NEW,,0
https://cafef.vn/suc-manh-khong-tuong-cua-mark-zuckerberg-dang-nam-trong-tay-facebook-voi-3-ty-nguoi-dung-meta-vua-chi-tien-mua-them-mang-xa-hoi-cho-cac-bot-ai-188260311092227638.chn,2026-03-11 10:16:00,2026,3,2026-06-07 05:52:48.927247,18dae5cb927340d332c05d59080a7199317698ac6c392893ff6af0ccccef7a69,NEW,,0
https://cafef.vn/nganh-cong-nghiep-ban-dan-keu-cuu-von-hoa-samsung-electronics-sk-hynix-boc-hoi-200-ty-usd-chi-trong-1-phien-chuyen-gi-dang-xay-ra-188260311092314338.chn,2026-03-11 09:45:00,2026,3,2026-06-07 05:52:48.977873,40c1dc36c3582caace34b796b4c0ac5a078cc48aeaa7a5249640fed73bb66663,NEW,,0
https://cafef.vn/cong-nghe-11-3-meta-se-tinh-phi-nha-quang-cao-188260311082838204.chn,2026-03-11 09:17:00,2026,3,2026-06-07 05:52:49.030214,0a7d0c47d18959aeaf5f33c99f60cb3bd382cbf15715d6d8b952998e086f1a48,NEW,,0
https://cafef.vn/tien-si-9x-nguoi-viet-trong-doi-phat-trien-o-google-research-188260311074731542.chn,2026-03-11 08:43:00,2026,3,2026-06-07 05:52:49.080882,7307a24718a16eab66fd4f5fbd5713471175fd34fd91b6b06ef33ffdb110b820,NEW,,0
https://cafef.vn/chi-can-dung-tinh-nang-don-gian-nay-tren-google-maps-gio-day-toi-tra-duong-di-nhanh-hon-han-thu-lam-xem-188260311071426656.chn,2026-03-11 08:32:00,2026,3,2026-06-07 05:52:49.132004,d059a9b4959ce26d65dde1629824385b62a20a4f8c0c016ad329eb651d9045aa,NEW,,0
https://cafef.vn/cong-ty-ha-tang-ai-nscale-dat-dinh-gia-146-ty-usd-chuan-bi-ipo-188260311000351619.chn,2026-03-11 07:55:00,2026,3,2026-06-07 05:52:49.183226,a55ca3a917f614ea7241e18444fbafc011b244d7080a9fcbcfb12bfe46379e41,NEW,,0
https://cafef.vn/thong-bao-moi-tu-google-tat-ca-nguoi-dung-thuc-hien-ngay-188260311070833614.chn,2026-03-11 07:40:00,2026,3,2026-06-07 05:52:49.232496,ebe7f7bf1053c5715abcc7a18c81dd3c7bb1d850cafa93b196dd8f1bffc9b685,NEW,,0
https://cafef.vn/ma-nguon-mo-nen-tang-ai-agent-nvidia-tao-nen-vong-lap-tan-nhan-cang-nhieu-nguoi-that-nghiep-cang-ban-duoc-nhieu-chip-188260311000250833.chn,2026-03-11 07:21:00,2026,3,2026-06-07 05:52:49.284598,4598193367be9980975f5d9d9b93c6c9a49861accdff10a6ee8fe4ac66c19b9f,NEW,,0
https://cafef.vn/gia-xang-dau-bien-dong-grab-ho-tro-tai-xe-ra-sao-188260310215919765.chn,2026-03-10 21:59:00,2026,3,2026-06-07 05:52:49.600321,74c02b1b44ef560b2fb63b909463980660d1466e78ee0c1f0e4758cd5f022843,NEW,,0
https://cafef.vn/nguoc-chieu-ca-the-gioi-mot-ca-voi-vua-chi-hon-1-ty-usd-mua-18000-bitcoin-hien-da-so-huu-gan-4-tong-nguon-cung-188260310180506748.chn,2026-03-10 18:04:00,2026,3,2026-06-07 05:52:49.867533,1af515a795a2d3292c39cee7f67f2d23c0ae5975bd447cc5812bd47699cb4427,NEW,,0
https://cafef.vn/google-canh-bao-khan-nguoi-dung-chrome-phai-thuc-hien-1-cap-nhat-ngay-188260310173046641.chn,2026-03-10 17:31:00,2026,3,2026-06-07 05:52:49.919216,80db66cc97cc0d7e2a72b704734e9f52a60448ed4522ba9e44abed0f0b441963,NEW,,0
https://cafef.vn/bill-gates-chi-ra-3-nghanh-nghe-chiu-anh-huong-manh-boi-ai-qua-trinh-nay-se-dien-ra-theo-tung-buoc-188260310165553047.chn,2026-03-10 16:57:00,2026,3,2026-06-07 05:52:49.980312,7771967c5ac0537bc43dcb890b9aeeb9d5f3e65bf011f9a46945eccb9ab233ce,NEW,,0
https://cafef.vn/bao-hiem-xa-hoi-phat-canh-bao-dac-biet-nguoi-dan-can-luu-y-188260310154252946.chn,2026-03-10 15:44:00,2026,3,2026-06-07 05:52:50.211329,5e7701a2619a64c862afa133a649f97ec7907eca47dd6035ce042fbc455c6c59,NEW,,0
https://cafef.vn/cha-de-deep-learning-khang-dinh-ai-hien-tai-dang-di-vao-ngo-cut-va-day-la-vu-khi-moi-188260310152935433.chn,2026-03-10 15:36:00,2026,3,2026-06-07 05:52:50.263050,7b883570162621d045836d3c6f8e2a15d01e462447516b45c441ad87f79e5de0,NEW,,0
https://cafef.vn/882-chu-xe-may-o-to-trong-danh-sach-sau-khan-truong-lien-he-nop-phat-nguoi-theo-nghi-dinh-168-188260310103847535.chn,2026-03-10 15:02:00,2026,3,2026-06-07 05:52:50.378432,597c615a4cad46b634668e581ca10ad3c2db8379369f69cf852eb61d038859dc,NEW,,0
https://cafef.vn/khoc-liet-cuoc-chien-ai-coding-tu-cho-khong-the-ngan-can-cursor-da-bi-doi-tac-than-thiet-anthropic-de-bep-chi-trong-6-thang-188260310144246857.chn,2026-03-10 14:57:00,2026,3,2026-06-07 05:52:50.476042,984c3ae78c21d6f99f42c0de78034a369920018eb8602f2d2a4246951de87493,NEW,,0
https://cafef.vn/han-chot-20-4-ca-nhan-ho-kinh-doanh-dung-tai-khoan-ngan-hang-vi-dien-tu-can-lam-ngay-dieu-sau-188260310133907351.chn,2026-03-10 14:05:00,2026,3,2026-06-07 05:52:50.526865,3ae7db16d05103a147a7358bfb089ab7e2adbb33f88281c9b37640516686a196,NEW,,0
https://cafef.vn/meta-buoc-phai-mo-cua-whatsapp-cho-chatbot-ai-doi-thu-tai-brazil-thu-phi-tung-tin-nhan-188260310133311317.chn,2026-03-10 13:35:00,2026,3,2026-06-07 05:52:50.578836,6dab12065ba0eb3d8e89ff6074f314db143ebcc63664be0b8bdb2fe28540375f,NEW,,0
https://cafef.vn/tai-khoan-vietinbank-phat-sinh-giao-dich-5-trieu-dong-cong-an-lam-viec-voi-nguoi-dan-ong-phu-tho-188260310104832666.chn,2026-03-10 10:51:00,2026,3,2026-06-07 05:52:50.630861,35cfbfda8001be8769270b8aff6aca6ede6381f2cd9ed703ce235dc27710b5e9,NEW,,0
https://cafef.vn/chi-can-vai-thao-tac-tren-dien-thoai-cach-lam-ho-chieu-online-2026-va-nhan-tan-nha-nhieu-nguoi-chua-biet-188260310094352626.chn,2026-03-10 10:47:00,2026,3,2026-06-07 05:52:50.684724,0e9de63058b13cb2d020bae0262b979c775d34fe24485f448a5536b9ae6d69c9,NEW,,0
https://cafef.vn/vneid-co-thay-doi-moi-nguoi-dan-can-cap-nhat-ngay-trong-tuan-nay-de-khong-bo-lo-quyen-loi-188260310100353987.chn,2026-03-10 10:03:00,2026,3,2026-06-07 05:54:43.613585,654a8cb1503ccc86435e73912aaf540ba298b17abb84e450603c2963f9dd1641,NEW,,0
https://cafef.vn/khi-camera-do-thi-khong-duoc-phep-mat-du-lieu-188260310095254521.chn,2026-03-10 10:00:00,2026,3,2026-06-07 05:54:43.674590,062e3946ebfaf23e3ac4d0324caf7d5747232b886dd81f7fd36fd054c54d18ab,NEW,,0
https://cafef.vn/ung-dung-google-maps-ghi-lai-moi-noi-ban-den-dieu-khong-phai-ai-cung-biet-188260310081528057.chn,2026-03-10 09:47:00,2026,3,2026-06-07 05:54:43.725417,87b4ecf94cfc0746edbd0d3433abd9a7035dacaa258fcc1e237962c3390ca51c,NEW,,0
https://cafef.vn/hang-xe-cong-nghe-dau-tien-ho-tro-phi-nhien-lieu-cho-tai-xe-188260310082952984.chn,2026-03-10 09:21:00,2026,3,2026-06-07 05:54:43.776257,33e687e9fdd2de83cf9e117313a62252d1aa4f77aa36c420ca404fe4ade8f01d,NEW,,0
https://cafef.vn/nguoi-dan-ong-o-ha-noi-vao-nghe-an-nhan-lai-hon-900-trieu-chuyen-khoan-nham-188260310070710689.chn,2026-03-10 08:43:00,2026,3,2026-06-07 05:54:43.827494,f0ee43c3d746754d0542108ced31f1f63895b2c4e64ac55d09106f700e5371cd,NEW,,0
https://cafef.vn/nang-tam-ha-tang-giao-thong-viet-khi-doanh-nghiep-cong-nghe-trong-nuoc-lam-chu-he-thong-van-hanh-cao-toc-188260310083528224.chn,2026-03-10 08:35:00,2026,3,2026-06-07 05:54:43.878232,d86e01cb7b7dbc535bea2935aa4af8a3e8c85e9ef952baf5231e32a313bb9be6,NEW,,0
https://cafef.vn/google-huong-dan-cach-tranh-bi-khoa-tai-khoan-188260310071648027.chn,2026-03-10 07:40:00,2026,3,2026-06-07 05:54:43.928420,b82fa099498ad5f4c8bd30989cc397cb90a86b576c1f652973b291474632b0de,NEW,,0
https://cafef.vn/tai-khoan-co-22-giao-dich-lien-tuc-len-toi-500-trieu-dong-cong-an-dieu-tra-nguoi-phu-nu-o-ha-noi-188260309175720396.chn,2026-03-09 19:25:00,2026,3,2026-06-07 05:54:43.978755,8e7455e5b7b6726f34968dbd8f152a3873a01a2d69a00b8a24a1280eaed46c47,NEW,,0
https://cafef.vn/can-lam-gi-khi-bi-lua-dao-truc-tuyen-188260309153545266.chn,2026-03-09 17:30:00,2026,3,2026-06-07 05:54:44.030375,5e5cf738d7a951e0013ae11e0d7a784b877cabfc2b4ab1ac5c95686e155e1d27,NEW,,0
https://cafef.vn/vi-sao-ung-dung-ai-claude-cua-anthropic-bat-ngo-vuot-mat-chatgpt-ve-luot-tai-188260309151956478.chn,2026-03-09 16:34:00,2026,3,2026-06-07 05:54:44.082211,b0f3b71d7a09fca4df8e8c99ed74150055186fe7133f8516ab4bea9626462a33,NEW,,0
https://cafef.vn/mo-rong-dieu-tra-vu-gia-mao-vietlott-lua-dao-hon-2300-ty-dong-188260309134026214.chn,2026-03-09 14:32:00,2026,3,2026-06-07 05:54:44.134151,52d4928eb848d02a1f17f79acf13aa7c91238e7f821a87d9b04d3c5629b92477,NEW,,0
https://cafef.vn/viet-nam-la-nuoc-dna-dau-tien-lam-duoc-dieu-the-gioi-moi-co-eu-va-han-quoc-ap-dung-quoc-te-nhan-dinh-viet-nam-co-the-se-thanh-hinh-mau-cho-khu-vuc-188260309134633975.chn,2026-03-09 13:46:00,2026,3,2026-06-07 05:54:44.184989,5055923078011be51e15dc1a6758a9780980274051d0cea208806c0b36c9e512,NEW,,0
https://cafef.vn/mot-hien-tuong-la-xay-ra-tren-toan-cau-tinh-nang-ai-cung-co-tren-dien-thoai-bi-vo-hieu-hoa-o-nhieu-noi-188260309111215844.chn,2026-03-09 11:18:00,2026,3,2026-06-07 05:54:44.237028,1eb55c5b1c2c1e0623082447a4bf47c79e17bb67f202c23bac81e541dea9bab1,NEW,,0
https://cafef.vn/tuong-ai-se-thay-lao-dong-pho-thong-truoc-nhung-du-lieu-moi-lai-chi-sang-mot-nhom-nghe-khac-18826030910283326.chn,2026-03-09 10:45:00,2026,3,2026-06-07 05:54:44.288233,eab3b2e7b8dec7d6168c341835a8da19fb974c322b1834bcebb283567210ca06,NEW,,0
https://cafef.vn/ai-claude-cua-anthropic-chi-mat-2-tuan-de-tim-ra-22-lo-hong-nguy-hiem-trong-trinh-duyet-firefox-188260309091714968.chn,2026-03-09 09:17:00,2026,3,2026-06-07 05:54:44.341499,1c06f6a6a9562d31950ba264cf792684fd6d2ca1a28808c2eb6e49028e80ec83,NEW,,0
https://cafef.vn/ceo-xiaomi-noi-gi-truoc-nguy-co-smartphone-tang-gia-vi-khung-hoang-chip-nho-188260309072144443.chn,2026-03-09 08:05:00,2026,3,2026-06-07 05:54:44.393600,141c4d6991580bb03d1c8de42371f3e161631b70bcc277b47c9e69fe612fbd19,NEW,,0
https://cafef.vn/goi-luong-692-trieu-usd-cua-ceo-google-sundar-pichai-va-su-xa-hoa-cua-cac-nha-sang-lap-188260309072411356.chn,2026-03-09 07:31:00,2026,3,2026-06-07 05:54:44.444737,14e399ecc67a2c3eef0c694c802efc92a5d328b5df3835547b9e334ef3a634e3,NEW,,0
https://cafef.vn/chu-tich-intel-nghi-huu-mo-duong-cho-chien-luoc-san-xuat-chip-moi-188260308152051657.chn,2026-03-08 17:30:00,2026,3,2026-06-07 05:54:44.496765,c0308d7008a280b76885064f20331c2477fda7c67a8e93e7610c69fe831b6695,NEW,,0
https://cafef.vn/tin-vui-cho-tat-ca-nguoi-dung-dien-thoai-android-188260308072533308.chn,2026-03-08 17:30:00,2026,3,2026-06-07 05:54:44.548765,4b9ca30919c051f5a5ef542a5fe9fa275b473c508344c038dc56f5c7d7dac537,NEW,,0
https://cafef.vn/openai-ra-mat-gpt-54-voi-cac-phien-ban-pro-va-thinking-188260308155246686.chn,2026-03-08 16:55:00,2026,3,2026-06-07 05:54:44.599671,d87ea2dc19e9e592ff8a30126d7040e0c3e95eb10725acae815deb333d005f5a,NEW,,0
https://cafef.vn/microsoft-he-lo-xbox-moi-project-helix-co-the-choi-game-pc-188260308155335991.chn,2026-03-08 16:54:00,2026,3,2026-06-07 05:54:44.659700,b8f854b521fb63515e8dc6d19b7ecf6575653a476adcf564d74231f0fbb848da,NEW,,0
https://cafef.vn/dua-ai-vao-truong-hoc-nhung-rui-ro-neu-trien-khai-thieu-kiem-soat-bai-2-188260308140120094.chn,2026-03-08 15:54:00,2026,3,2026-06-07 05:54:44.720493,5c2fa0c81b6537ffd87974b90eb85225f4ac2ef260a0b49bd1ea10e316cc2bee,NEW,,0
https://cafef.vn/cang-thang-openai-anthropic-khi-tham-vong-ai-bien-thanh-cuoc-chien-quyen-luc-moi-cua-thung-lung-silicon-188260308095959899.chn,2026-03-08 15:30:00,2026,3,2026-06-07 05:54:44.771829,1d9a85d577e92e841fc9cec3bffa53a2d835b6ee92caf1009a7533f99a61fa31,NEW,,0
https://cafef.vn/tu-trinh-bao-cua-nguoi-tro-ve-tu-campuchia-cong-an-o-can-tho-ra-canh-bao-khan-188260308131808406.chn,2026-03-08 14:30:00,2026,3,2026-06-07 05:54:44.821507,6e574be24a9c697d744a71b078b7817d88f2af0ef11c62c8512210abe07f8f1d,NEW,,0
https://cafef.vn/tai-khoan-ngan-hang-co-giao-dich-20-trieu-dong-cong-an-yeu-cau-mot-nguoi-dan-o-ha-noi-len-lam-viec-188260308135354178.chn,2026-03-08 13:53:00,2026,3,2026-06-07 05:54:44.874876,3cfb05cea5e673f7249d5ce8e54e36ac58396abce80640aac12bd38dfdced033,NEW,,0
https://cafef.vn/bo-cong-an-de-xuat-pham-nhan-duoc-goi-video-call-nhan-tien-gui-tu-nguoi-than-qua-ma-qr-188260308131932101.chn,2026-03-08 13:35:00,2026,3,2026-06-07 05:54:44.925980,92957e5635ec85851b0db3cb98ec00356d874d33803417d748afa2fa61a03d83,NEW,,0
https://cafef.vn/tac-dong-cua-phim-cuc-ngan-ai-toi-nganh-cong-nghiep-san-xuat-phim-trung-quoc-188260308090954458.chn,2026-03-08 09:49:00,2026,3,2026-06-07 05:54:44.977091,249511d0f2538ae4d7fe5b0168547a8405174e8352e88c28479d9f3856114b9e,NEW,,0
https://cafef.vn/giai-ma-cong-nghe-dang-sau-cac-nen-tang-theo-doi-chuyen-bay-truc-tuyen-188260308085727078.chn,2026-03-08 09:34:00,2026,3,2026-06-07 05:54:45.028422,4dc933e6792994c0d94423773375509518377c93cdc66c2d9a0baac105178bfc,NEW,,0
https://cafef.vn/fpt-bat-tay-doi-tac-quoc-te-dao-tao-nhan-luc-cho-cac-nganh-mui-nhon-ai-ban-dan-an-ninh-mang-va-uav-188260308075956634.chn,2026-03-08 08:44:00,2026,3,2026-06-07 05:54:45.079586,3b392e8b9385e3be5bf70cee7f4c56012ab978414f12b68cc0561dc4c6e56e17,NEW,,0
https://cafef.vn/tu-xoi-lac-tv-den-phan-mem-crack-vi-sao-noi-dung-lau-van-pho-bien-188260308073501973.chn,2026-03-08 07:55:00,2026,3,2026-06-07 05:54:45.132689,c8b4109711e763a84db876297fa4938b4cf2fa69e3f2190233aae48d0bfe4bac,NEW,,0
https://cafef.vn/sep-momo-thong-tin-ve-tinh-hinh-lo-lai-va-ke-hoach-ipo-188260306165952177.chn,2026-03-07 21:59:00,2026,3,2026-06-07 05:54:45.184806,4a6223ca051eee78085b9ed2172d8947fc9770dde79c1a238962cd54631ffd9c,NEW,,0
https://cafef.vn/bo-von-10-trieu-dong-lam-phim-ai-5-ngay-san-xuat-80-tap-gay-bao-toan-mang-voi-hon-500-trieu-luot-xem-188260307203222592.chn,2026-03-07 20:32:00,2026,3,2026-06-07 05:54:45.236271,a7e5740520b0fafa88fb6c6993ce0d608e4976afcf2dec3df7e821ecaf02da2b,NEW,,0
https://cafef.vn/autodesk-va-ky-nguyen-so-hoa-ha-tang-khi-cong-nghe-tro-thanh-bien-so-quyet-dinh-cuoc-choi-ngan-ty-188260307175244133.chn,2026-03-07 17:52:00,2026,3,2026-06-07 05:54:45.288770,a277f703155b530eb8252c055c12e6382d0c98182ac8c37f1b4d7ab3d358ebd8,NEW,,0
https://cafef.vn/vu-khi-hack-iphone-cua-chinh-phu-my-bi-tuon-ra-cho-den-vet-sach-vi-tien-ao-cua-nguoi-dung-1882603071658099.chn,2026-03-07 17:46:00,2026,3,2026-06-07 05:54:45.348538,b73c7b5bad036cce5a5c638633629d2fceae9c8775187e1b88fcc128461b4530,NEW,,0
https://cafef.vn/cac-nha-mang-dong-loat-dieu-chinh-gia-cuoc-internet-188260307153716274.chn,2026-03-07 17:30:00,2026,3,2026-06-07 05:54:45.402998,db166814f40194d80bda16ac02fcf7e805dcec682f36680c80ce75e379abf16f,NEW,,0
https://cafef.vn/xay-dung-de-an-khu-kinh-te-so-va-tri-thuc-tu-do-quang-ninh-gan-26400ha-188260307124909472.chn,2026-03-07 16:11:00,2026,3,2026-06-07 05:54:45.454882,2e5f312a720fcedc0836703287808458cded9f93d90f3fe5d16cdcd3a1ccb1f6,NEW,,0
https://cafef.vn/anthropic-vua-tung-bao-cao-khien-nhieu-nguoi-giat-minh-ai-chua-cuop-viec-cua-ban-nhung-dang-am-tham-khoa-cua-nguoi-moi-di-lam-188260307131944889.chn,2026-03-07 15:30:00,2026,3,2026-06-07 05:54:45.509814,48118aade1a599719bdb70a9ee7e8cbbbebd5f00791ad1d29b7599c5075feee0,NEW,,0
https://cafef.vn/dung-google-maps-nhung-van-di-nham-duong-3-van-de-thuong-gap-va-cach-tranh-188260307131510974.chn,2026-03-07 14:30:00,2026,3,2026-06-07 05:54:45.563536,0afa5140c2e754342ac0c15b4c5e2327ede60e6f0765796a373b3963cbf7de5d,NEW,,0
https://cafef.vn/viettel-dang-o-vi-the-dac-biet-trong-nganh-vien-thong-toan-cau-188260307133908695.chn,2026-03-07 13:39:00,2026,3,2026-06-07 05:54:45.613483,262eaf47156d9f61e14b904ba5a4ff300ca6c424429c5a69536f9628ee65d07c,NEW,,0
https://cafef.vn/78-doanh-nghiep-da-dung-ai-nhung-bao-nhieu-phan-tram-thuc-su-sinh-loi-188260307094503857.chn,2026-03-07 11:48:00,2026,3,2026-06-07 05:54:45.665068,553193c2de8f50a4b7da5edb0f3c64530051407fd16e2f667524876a128a851f,NEW,,0
https://cafef.vn/cong-nghe-7-3-ai-viet-duoc-ua-chuong-indonesia-cam-tre-dung-mang-xa-hoi-188260307090229597.chn,2026-03-07 10:46:00,2026,3,2026-06-07 05:54:45.723030,54ce6e2c0d0bbe6c1f464e45ebada08f1544ffa2121372147d9858517746ec4a,NEW,,0
https://cafef.vn/pho-thu-tuong-giao-nhiem-vu-cho-viettel-188260307102756259.chn,2026-03-07 10:27:00,2026,3,2026-06-07 05:54:45.782749,068e1fc07398ab409cafee9c6b7b415ac2cf4fd210790c2d2a292c4505d4fa04,NEW,,0
https://cafef.vn/chuoi-cung-ung-chip-gap-them-thu-thach-188260307074535991.chn,2026-03-07 10:00:00,2026,3,2026-06-07 05:54:45.835772,a8e897f2d1776b8560ae5f3cd1bbf6be81a5e0438375b66b101d75a289b058ba,NEW,,0
https://cafef.vn/cong-an-thong-bao-toi-tat-ca-nhung-ai-nhan-duoc-tin-nhan-cuoc-goi-video-zalo-co-noi-dung-sau-188260307092136627.chn,2026-03-07 09:22:00,2026,3,2026-06-07 05:54:45.896635,ea0e315d465ac1382b826366c11427806c1bf6155da74f734b5560f9c0d88a6c,NEW,,0
https://cafef.vn/mot-cu-click-vao-website-lau-nguy-co-mat-sach-du-lieu-ca-nhan-188260307075111947.chn,2026-03-07 08:37:00,2026,3,2026-06-07 05:54:45.951521,8ee726cb8e2e7bb7057e65fe2d059325b200449c8ec04fed5de6ef95e0a8cf2c,NEW,,0
https://cafef.vn/so-bhxh-the-bhyt-dien-tu-dung-the-nao-de-khong-phai-nop-ban-giay-188260307001701517.chn,2026-03-07 07:39:00,2026,3,2026-06-07 05:56:46.086539,6ab768b424bddf1b8f2c49e7b734e515d3485dc63d3ca4176c8efa870edc870c,NEW,,0
https://cafef.vn/my-tinh-siet-chat-xuat-khau-chip-ai-toan-cau-moi-lo-hang-co-the-phai-xin-giay-phep-dua-theo-suc-manh-tinh-toan-188260306162441451.chn,2026-03-06 18:01:00,2026,3,2026-06-07 05:56:46.141336,9e13246023a77000d071fbacd38bc1f1044682f1b42e67eca89ebf9d2f4cdc7a,NEW,,0
https://cafef.vn/cuc-thue-tam-dung-ung-dung-etax-icanhan-etax-mobile-tu-20h-hom-nay-188260306175756392.chn,2026-03-06 17:57:00,2026,3,2026-06-07 05:56:46.192390,1acdb6593edfbc3dde157b932c1d63e372a0bfdc89c151de64a4293df9af557d,NEW,,0
https://cafef.vn/ceo-nvidia-openclaw-la-phan-mem-quan-trong-nhat-lich-su-vuot-linux-chi-sau-vai-tuan-188260306160007128.chn,2026-03-06 16:40:00,2026,3,2026-06-07 05:56:46.254809,857e11945a12f89399f49b3d809b326f992dbd2da61eb717e6d949baf3ceb2a2,NEW,,0
https://cafef.vn/toi-da-tim-thay-ly-do-pin-iphone-cu-tut-am-am-xuong-con-20-khi-de-qua-dem-duoi-day-la-cach-khac-phuc-188260306133505198.chn,2026-03-06 15:24:00,2026,3,2026-06-07 05:56:46.306699,663a45bfd48577b825e7ba23ab2c9c8b400ef3f8fce665faa87dbcca5d3ad75b,NEW,,0
https://cafef.vn/viet-nam-vua-ghi-nhan-ky-luc-moi-cua-5g-188260306134322978.chn,2026-03-06 14:30:00,2026,3,2026-06-07 05:56:46.408727,ddf98863c587c729e1f705f71d1e533d89480990b00a37965b4d6e4081031787,NEW,,0
https://cafef.vn/phat-hien-246-kg-vang-hang-tram-mieng-vang-sjc-tri-gia-5315-ty-dong-cong-an-ha-noi-tiep-tuc-dua-thong-tin-moi-188260306135118682.chn,2026-03-06 13:51:00,2026,3,2026-06-07 05:56:46.462694,88ba61c43afb20f7c61a0073369820186d276f0e83dad0e644a76258140ea13b,NEW,,0
https://cafef.vn/thong-tin-moi-nhat-ve-vu-xoi-lac-tv-kham-xet-khan-cap-khoi-to-38-doi-tuong-18826030613495521.chn,2026-03-06 13:49:00,2026,3,2026-06-07 05:56:46.515601,af95eed57be9a48cb5814b00a5bfc2a4a3978f3340ba280b7869a39646e4b2a8,NEW,,0
https://cafef.vn/nguoi-ban-hang-online-can-cong-nhung-khoan-nao-vao-doanh-thu-khi-ke-khai-thue-shopee-len-tieng-188260306110205.chn,2026-03-06 13:30:00,2026,3,2026-06-07 05:56:46.566294,9db6043f3ca2166ad3b4fdc3b91c61afe94b866d317b30d8853aa2f30da30842,NEW,,0
https://cafef.vn/chi-thi-57-siet-sim-rac-tai-khoan-ao-de-bao-ve-nguoi-dan-tren-khong-gian-mang-188260306100243683.chn,2026-03-06 11:30:00,2026,3,2026-06-07 05:56:46.664985,4ac288c75c796f479d7dee77658c7cd8c44f20e62d311bbfec40b88ab6ec3123,NEW,,0
https://cafef.vn/bi-ai-cuop-viec-tai-xe-cong-nghe-chuyen-sang-lam-nghe-chan-dat-robot-voi-muc-luong-14-ty-dong-188260306101958053.chn,2026-03-06 10:55:00,2026,3,2026-06-07 05:56:46.717533,469472ccf74c36bc02321081c464adf31282189718b2f1c52edb4b7e54378c51,NEW,,0
https://cafef.vn/bao-quoc-te-khong-phai-singapore-hay-thai-lan-viet-nam-la-quoc-gia-dau-tien-o-dong-nam-a-lam-duoc-dieu-nay-188260306101723759.chn,2026-03-06 10:15:00,2026,3,2026-06-07 05:56:46.766250,15a76914e911e823771bfd0960b7c13f7a38c7e3a33305fb7c387c6c558cba9d,NEW,,0
https://cafef.vn/mot-kho-bau-ben-trong-tru-so-xoi-lac-tv-duoc-long-khung-dong-kinh-can-than-188260306095812382.chn,2026-03-06 09:58:00,2026,3,2026-06-07 05:56:46.840297,087cb81872ccfcfc7f710e6e25e9bd94ebb43f624119a65a538fb13a93bec8bd,NEW,,0
https://cafef.vn/bat-ngo-vi-tai-khoan-no-13-ty-dong-188260306091549402.chn,2026-03-06 09:33:00,2026,3,2026-06-07 05:56:46.890541,a49534bb88523692e00aa56d130ed52e03a867ee8191b26b620acf2b746879b9,NEW,,0
https://cafef.vn/tp-ho-chi-minh-lap-quy-dau-tu-500-ty-dong-mo-co-hoi-cho-startup-cong-nghe-188260306071645584.chn,2026-03-06 09:09:00,2026,3,2026-06-07 05:56:46.941470,1e754ea624ab3c0fbce13e7a7e6346061922f3a7fa612f905fa6109a9d987cab,NEW,,0
https://cafef.vn/tri-tue-nhan-tao-dang-tro-thanh-tro-thu-dac-luc-cho-toi-pham-mang-thuc-hien-cac-cuoc-tan-cong-quy-mo-lon-188260306073041619.chn,2026-03-06 08:09:00,2026,3,2026-06-07 05:56:46.995336,6fffb291a6b527ce657f493aa61e0ee1d72b452532a516fff7b9ed1a441419b0,NEW,,0
https://cafef.vn/chuyen-gi-khien-fanpage-thong-tin-chinh-phu-phat-canh-bao-188260306072042036.chn,2026-03-06 07:31:00,2026,3,2026-06-07 05:56:47.046442,f66f82f37fb41fe08448b9610c11431a1b2b73e44f99bdb0d540c2e1f9d6bac1,NEW,,0
https://cafef.vn/nong-shopee-gui-thong-bao-quan-trong-den-nguoi-ban-ve-viec-thuc-hien-ke-khai-thue-ho-kinh-doanh-ca-nhan-kinh-doanh-tu-nam-2026-188260305211127541.chn,2026-03-05 21:11:00,2026,3,2026-06-07 05:56:47.100278,169525eb0b50229d71432cec3e116a9b9176a688c1c2dd1ac9d80ea61666f8b1,NEW,,0
https://cafef.vn/momo-nhan-giay-khen-cua-cuc-a05-188260305202155045.chn,2026-03-05 20:21:00,2026,3,2026-06-07 05:56:47.290284,1f4d75df8bbe576627fcc35bf7a6321a01b12cc52e6cdccdf73e13f23fb0321f,NEW,,0
https://cafef.vn/toi-xoa-sach-cac-ung-dung-nay-tren-dien-thoai-android-gio-may-dung-cu-nhu-moi-mua-qua-la-bat-ngo-188260305194756756.chn,2026-03-05 19:47:00,2026,3,2026-06-07 05:56:47.640761,eb2c09770eb33b3cd94001bf3bad47ae234bc9ab510d9b6909bf1ba4a6e92336,NEW,,0
https://cafef.vn/nghich-ly-nang-suat-thoi-dai-so-khi-tri-tue-nhan-tao-khong-biet-met-con-con-nguoi-thi-kiet-que-vi-chay-dua-188260305144720628.chn,2026-03-05 19:42:00,2026,3,2026-06-07 05:56:47.975507,fd63948f34f1325a0fb341f44cb2bc39b5942a45564989a16a1530e65c3d38c4,NEW,,0
https://cafef.vn/thong-tin-quan-trong-ma-nguoi-dan-ca-nuoc-nen-cap-nhat-ngay-tren-vneid-18826030518071943.chn,2026-03-05 18:07:00,2026,3,2026-06-07 05:56:48.472512,e3a8751fd5ce63b75b46944e91618a1503ef7a290fce5f1b0ed954b162839b42,NEW,,0
https://cafef.vn/giao-dich-92-trieu-dong-cua-nguoi-phu-nu-ha-noi-cong-an-khan-truong-xac-minh-roi-lien-he-voi-nguoi-dan-ong-sn-1964-188260305171857497.chn,2026-03-05 17:47:00,2026,3,2026-06-07 05:56:48.807579,8856d34764a4bfe3c25a267b311e84f74927ce78cd2abd65e38962721e53579b,NEW,,0
https://cafef.vn/openai-ky-hop-dong-voi-lau-nam-goc-go-chatgpt-tang-295-danh-gia-1-sao-tang-775-188260305072124405.chn,2026-03-05 17:06:00,2026,3,2026-06-07 05:56:49.154985,e6e3c6d88a185c2ea3fe73a2d9df8ec7cd0189a565c7ff63a7cd49cee9458536,NEW,,0
https://cafef.vn/bat-buoc-phai-mo-tai-khoan-rieng-de-tiep-nhan-tien-tu-thien-188260305151304145.chn,2026-03-05 16:30:00,2026,3,2026-06-07 05:56:49.491931,8ce92594278e5ec2574df6a28bd335a23f2aa641b73bc360c0568de9150995e1,NEW,,0
https://cafef.vn/thong-tin-moi-ve-bhxh-bhyt-bhtn-nguoi-dan-ha-noi-nen-biet-188260305162012256.chn,2026-03-05 16:21:00,2026,3,2026-06-07 05:56:49.858493,6e6d0f971724bb988f721e80dc58ef90188dca83c5f887d97f610d4534353924,NEW,,0
https://cafef.vn/khuyen-khich-nhan-rong-mo-hinh-cua-trung-tam-phat-trien-cong-nghe-va-sang-tao-viet-nam-188260305150943585.chn,2026-03-05 15:55:00,2026,3,2026-06-07 05:56:50.204256,a619c34cc45fc1e075d85dd59ec36eefff65ecb30b8814ebb19418efb1d4615e,NEW,,0
https://cafef.vn/tai-khoan-mb-bank-cua-nguoi-phu-nu-sn-1984-co-giao-dich-20-trieu-dong-cong-an-nhanh-chong-vao-cuoc-xac-minh-188260305154354807.chn,2026-03-05 15:44:00,2026,3,2026-06-07 05:56:50.508919,d0ec51334ce303b45229c10050691b250399a8c1d315030f4d2cdddfad17925a,NEW,,0
https://cafef.vn/giai-ma-ma-tran-cong-nghe-restream-tinh-vi-cua-xoi-lac-tv-188260305143543713.chn,2026-03-05 15:30:00,2026,3,2026-06-07 05:56:50.837498,b94ffe35be2d9d06fff6f5791399528d18c718ac7904fe476850b7f6c107b60d,NEW,,0
https://cafef.vn/tuyen-bo-cuoi-cung-gay-soc-cua-ceo-nvidia-jensen-huang-ve-du-an-30-ty-usd-hop-tac-cung-openai-18826030515000754.chn,2026-03-05 15:04:00,2026,3,2026-06-07 05:56:51.318775,51e6505c2ecd9d3787a83015fd4db79983e1473af0599a80a08778f07d3f0b1c,NEW,,0
https://cafef.vn/cong-an-ha-noi-ra-quyet-dinh-quan-trong-doi-voi-tran-van-lam-sn-1993-188260305143538866.chn,2026-03-05 14:35:00,2026,3,2026-06-07 05:56:51.485814,ebf183a3c8d571af67f303797e16e14eeb9e4d0ebc51de5be4d710d26ace289f,NEW,,0
https://cafef.vn/ai-tham-gia-gan-mot-nua-vu-tan-cong-ddos-tai-viet-nam-188260305135208841.chn,2026-03-05 14:15:00,2026,3,2026-06-07 05:56:51.539198,2e6c32c276c027b78869e585f98ee751f020d07596ea8985fa123f4a63d9e041,NEW,,0
https://cafef.vn/hang-chuc-trieu-nguoi-dung-vneid-can-biet-ro-tinh-nang-nay-188260305133356188.chn,2026-03-05 13:45:00,2026,3,2026-06-07 05:56:51.588981,1ad3b797009efd83a8ae6d110cf3558c778f598cf97c73f296f0d77d5b57b300,NEW,,0
https://cafef.vn/dua-tin-ve-viec-ai-lam-loan-phong-vien-chuyen-ai-cua-ars-technica-bi-sa-thai-vi-su-dung-noi-dung-do-ai-bia-ra-188260305071854665.chn,2026-03-05 13:32:00,2026,3,2026-06-07 05:56:51.639161,26e5ed8f3455662fb81ebe2e2815bc2f737ff0c3c092f8a6eb5b114b0027fce8,NEW,,0
https://cafef.vn/tin-vui-tu-grab-den-nguoi-dung-ca-nuoc-188260305110616383.chn,2026-03-05 11:06:00,2026,3,2026-06-07 05:56:51.691039,a3e6876fe2f6edfe0b5897ff397509ca6e5ac4c97dbf6e1003390a78da327df6,NEW,,0
https://cafef.vn/cong-cu-hack-iphone-cua-chinh-phu-bi-toi-pham-mang-su-dung-188260305082100135.chn,2026-03-05 11:06:00,2026,3,2026-06-07 05:56:51.741641,4b2e70bf472d4825278e9d87334d57b8402c96f0b8f556c4deb7925410046405,NEW,,0
https://cafef.vn/gioi-han-vat-ly-70-nam-bi-pha-vo-trung-quoc-che-tao-thanh-chip-1nm-nho-nhat-the-gioi-188260305091015259.chn,2026-03-05 09:39:00,2026,3,2026-06-07 05:56:51.791602,87358ecd0b1130c79c92203ba9e9b8a3f5a99a1c1fc32c570f654a19b31ce129,NEW,,0
https://cafef.vn/mot-ngan-hang-noi-tieng-sa-thai-thai-2500-nhan-su-vi-ai-188260305085812473.chn,2026-03-05 09:08:00,2026,3,2026-06-07 05:56:51.844894,a89a651e09fa13f7dd1ea40a54c0e945a5aa04c98832a2254b6a4f1e4ab2e3e6,NEW,,0
https://cafef.vn/mang-6g-viettel-sap-co-thay-doi-lon-188260305084724584.chn,2026-03-05 08:47:00,2026,3,2026-06-07 05:56:51.907808,8f7eee1386c32d9e8ec731d3c9528838a5ec91fb5a98f061c569cc7ed027915a,NEW,,0
https://cafef.vn/san-thuong-mai-dien-tu-lien-tuc-tang-phi-18826030507241102.chn,2026-03-05 07:32:00,2026,3,2026-06-07 05:56:51.959526,367a51b17b7901011b42065c55d41b143fd0002bf7f886290732dd92143239da,NEW,,0
https://cafef.vn/bao-hiem-so-va-bai-toan-xay-dung-niem-tin-trong-ky-nguyen-du-lieu-188260304201822586.chn,2026-03-04 20:00:00,2026,3,2026-06-07 05:56:52.011219,0736e416bab38ac2d787d463bdff6d45ea0d1c834d8b93ae9ea16b05604332f9,NEW,,0
https://cafef.vn/cong-an-ha-noi-phat-thong-bao-quan-trong-ve-le-ha-trang-sinh-nam-1996-188260304173417101.chn,2026-03-04 17:34:00,2026,3,2026-06-07 05:56:52.061564,7a588d3183768e52bd9ae6a72581d0a848d049ab6dc45f04bea5c7a8a9ade07b,NEW,,0
https://cafef.vn/ben-trong-le-ky-ket-hop-tac-chien-luoc-dau-tien-tai-mwc-2026-cua-viettel-co-gi-188260304173058504.chn,2026-03-04 17:30:00,2026,3,2026-06-07 05:56:52.120757,9f2b72a3735a1cf9063a09965749a3687179fd3bcd51adc85b89aeb4106e7e6f,NEW,,0
https://cafef.vn/nguoi-tung-tham-gia-dau-tu-dong-tien-ao-nay-khan-truong-lien-he-voi-co-quan-cong-an-18826030417055561.chn,2026-03-04 17:26:00,2026,3,2026-06-07 05:56:52.183507,ecfadcd9bcfd9d6b899e65638e4aefc0cf49c5a0857ea690efefd741ae771d0b,NEW,,0
https://cafef.vn/van-hanh-he-thong-thu-phi-5-tuyen-cao-toc-bac-nam-dau-moc-moi-khang-dinh-nang-luc-tu-chu-ha-tang-so-188260304170356292.chn,2026-03-04 17:03:00,2026,3,2026-06-07 05:56:52.236993,b1cc1f8a5331de0443e9d4fddf373003225cd2df7f1cef2cb39ab7083b1e655a,NEW,,0
https://cafef.vn/chuyen-nham-hon-100-trieu-dong-cho-nguoi-la-trung-ten-vtb-nguoi-phu-nu-co-cai-ket-vo-oa-18826030414053874.chn,2026-03-04 15:44:00,2026,3,2026-06-07 05:59:07.462783,41dc19b9d7e40dcb7c8afc1692a64d51e88ba27f8a189d23ac569294623f6a67,NEW,,0
https://cafef.vn/viettel-bat-tay-ericsson-thuc-hien-ke-hoach-moi-188260304153921247.chn,2026-03-04 15:39:00,2026,3,2026-06-07 05:59:07.517155,1f51b72bc489e5452774afef7f57b723414cfdb54339a6bd011b9e6e15ac6d00,NEW,,0
https://cafef.vn/vneid-dat-hon-500-trieu-luot-truy-cap-du-lieu-dan-cu-phat-huy-hieu-qua-188260304130914905.chn,2026-03-04 14:49:00,2026,3,2026-06-07 05:59:07.572609,4818b13e416d1ff31fb49351edcfb1e0fb8c521adb4e973ee6e523fd0a2aa8e2,NEW,,0
https://cafef.vn/100-doanh-nghiep-viet-co-ma-doc-moi-phut-mat-86-ty-dong-nganh-ngan-hang-la-muc-tieu-so-1-188260304130128938.chn,2026-03-04 13:46:00,2026,3,2026-06-07 05:59:07.622802,e15fb8f00168da790b4419f150e2a192b6177b47e49dd56df3ea7a62495aa007,NEW,,0
https://cafef.vn/nhan-duoc-cuoc-goi-ma-dau-ben-kia-khong-noi-gi-dung-co-cup-may-bang-moi-gia-phai-tuyet-doi-im-lang-188260304133452765.chn,2026-03-04 13:34:00,2026,3,2026-06-07 05:59:07.672656,40aa339d13f5a2bcd9f177a46a49f4c83af09ed623bab90018030744ebaea339,NEW,,0
https://cafef.vn/len-may-bay-phai-bat-che-do-may-bay-cu-dan-threads-binh-luan-soi-noi-co-phi-cong-khang-dinh-toi-chang-bao-gio-bat-188260304100542572.chn,2026-03-04 11:30:00,2026,3,2026-06-07 05:59:07.728392,17fb35de8a4f230d4c7c13affe72c35ad3173eaf40991be9c48149ad1d2d7e81,NEW,,0
https://cafef.vn/3-nganh-nghe-du-bao-kiem-nhieu-tien-nhat-nam-2026-188260304104439176.chn,2026-03-04 11:15:00,2026,3,2026-06-07 05:59:07.779391,4e5410fed00fd0189cbe49039fec9d1384e67ddcbb5f0cf8758188f04f38af61,NEW,,0
https://cafef.vn/cong-an-canh-bao-nguoi-dan-khong-gui-thong-tin-va-hinh-anh-sau-cho-bat-ky-ai-lien-he-qua-zalo-dien-thoai-tin-nhan-188260304103844159.chn,2026-03-04 10:39:00,2026,3,2026-06-07 05:59:07.831654,c545e55d121dba083e5272d1d7cbe09092515d568861a751c54851a8b9513c7b,NEW,,0
https://cafef.vn/vua-youtube-lan-san-mang-tai-chinh-se-tan-dung-469-trieu-nguoi-dang-ky-lam-stablecoin-cho-lai-suat-hap-dan-188260304100457948.chn,2026-03-04 10:04:00,2026,3,2026-06-07 05:59:07.882428,6f15815dd78bbf0d4921df2fca404ff73795e58308e1ebc7050641cdf905952f,NEW,,0
https://cafef.vn/trung-quoc-vua-lam-dieu-ibm-va-google-chua-dam-lam-tang-mien-phi-he-dieu-hanh-cho-may-tinh-luong-tu-188260304092605742.chn,2026-03-04 09:28:00,2026,3,2026-06-07 05:59:07.933600,4dedcec75d8d57a9b324a28a2794dca66101a7be50878972178c3cd0a504decb,NEW,,0
https://cafef.vn/amazon-dau-tu-gan-40-ty-usd-mo-rong-trung-tam-du-lieu-tai-tay-ban-nha-188260304082628495.chn,2026-03-04 08:39:00,2026,3,2026-06-07 05:59:07.986070,feecd02d65b25f3897222869e9ffb6c6921ce2b4fad312bc5fbf869b2187b79a,NEW,,0
https://cafef.vn/khac-phuc-loi-ky-thuat-phat-hanh-gan-21000-giay-chung-nhan-dang-kiem-dien-tu-188260304075659941.chn,2026-03-04 08:08:00,2026,3,2026-06-07 05:59:08.037753,38b7bac2e886935783e65f892f05c214b553fb85502a26c846f63796254dbe1a,NEW,,0
https://cafef.vn/cuoc-chien-bang-sang-che-6g-my-chiem-35-nhat-ban-99-the-gioi-lang-di-khi-du-lieu-cua-trung-quoc-duoc-tiet-lo-188260304071056988.chn,2026-03-04 07:20:00,2026,3,2026-06-07 05:59:08.089501,e846c2f7cefd90fa7a946f212f7dfa161f2e6081c2430e1fbe3f95c98a2a96d4,NEW,,0
https://cafef.vn/ong-nguyen-ngoc-dung-nguyen-chu-tich-hiep-hoi-thuong-mai-dien-tu-viet-nam-qua-doi-188260304054226948.chn,2026-03-04 05:42:00,2026,3,2026-06-07 05:59:08.399967,a83e3c95017c9fff166e2f92b996e3da6f33964d161c7f537b5513170cf1f338,NEW,,0
https://cafef.vn/tai-khoan-tu-dong-chuyen-khoan-1-ty-dong-nguoi-phu-nu-o-ha-noi-bao-cong-an-18826030322151624.chn,2026-03-03 22:15:00,2026,3,2026-06-07 05:59:08.750649,0175180cc6e628ce4d5ee1181001aa07e96b8048054aa574dc4f654714239afa,NEW,,0
https://cafef.vn/lan-song-sa-thai-do-ai-188260303075643977.chn,2026-03-03 19:38:00,2026,3,2026-06-07 05:59:09.151708,9f3294ce64b8d7667e6941011dc669cf0e6f589332281ed6e5725faf2bcb4481,NEW,,0
https://cafef.vn/canh-giac-chieu-tro-gia-danh-ho-tro-de-lua-dao-188260303091518713.chn,2026-03-03 19:21:00,2026,3,2026-06-07 05:59:09.594006,f650e602a3279ac86e4ad8204aa00de64c99f6ef1007f3fc876032b516e1aabc,NEW,,0
https://cafef.vn/nvidia-dau-tu-4-ty-usd-vao-lumentum-coherent-188260303142841735.chn,2026-03-03 19:18:00,2026,3,2026-06-07 05:59:09.659509,113a49359dea185ebbb3065f7dd2e36f039e057d97c432e2d763ad24ce7a8db6,NEW,,0
https://cafef.vn/cong-an-canh-bao-toi-nguoi-dan-co-tien-vao-tai-khoan-voi-noi-dung-chuyen-khoan-sau-18826030316313076.chn,2026-03-03 18:29:00,2026,3,2026-06-07 05:59:09.712448,aa9ae5128cc40f8c07082b779989e5ba94a4f2d0db1f844a9fa95ce7a2682b53,NEW,,0
https://cafef.vn/viettel-la-mot-trong-nhung-doi-ngu-tien-tien-nhat-the-gioi-ma-qualcomm-tung-hop-tac-188260303173952254.chn,2026-03-03 17:39:00,2026,3,2026-06-07 05:59:09.762694,f2603880354fa5658309b97b46eef3791d8a837cd76aaf756700fa456ddd1f43,NEW,,0
https://cafef.vn/khi-nen-kinh-te-thich-nghi-voi-su-co-don-188260303160848237.chn,2026-03-03 17:30:00,2026,3,2026-06-07 05:59:09.814754,6c76b0988c6cfba997ea916b224917777610ac9fbd4e319c8be3059ed5b5cb8f,NEW,,0
https://cafef.vn/cong-an-co-thong-bao-quan-trong-ve-cccd-nguoi-dan-dac-biet-chu-y-188260303152832775.chn,2026-03-03 17:17:00,2026,3,2026-06-07 05:59:09.865710,fbe788e589769fb65af3e56f2dc89baabd4b7186f991378ad22cb22b9ef40d91,NEW,,0
https://cafef.vn/go-nut-that-phap-ly-trong-quan-ly-tri-tue-nhan-tao-188260303161103063.chn,2026-03-03 17:00:00,2026,3,2026-06-07 05:59:09.916042,f851a08302677c6ad5a011e7b668851c750aa449dbbddbb44179508e072d0740,NEW,,0
https://cafef.vn/cau-chuyen-fpt-bo-nhiem-cto-lan-song-san-dau-nguoi-ai-tu-silicon-valley-den-viet-nam-va-con-so-60-day-am-anh-18826030316064036.chn,2026-03-03 16:30:00,2026,3,2026-06-07 05:59:09.967085,f71271ef0c503834ff901b0cdde9ef8dcde7b5297f1c0b153042d6c7b2773646,NEW,,0
https://cafef.vn/my-han-muon-trao-cong-nghe-trung-quoc-2-lan-len-tieng-nhung-viet-nam-nham-nuoc-khac-lam-du-an-quoc-gia-dai-su-chua-tung-co-188260303151057975.chn,2026-03-03 16:08:00,2026,3,2026-06-07 05:59:10.019852,aa82cb913141e291b1acacaf514e9e4d9a0d760e43922d047263315011daa12f,NEW,,0
https://cafef.vn/ai-claude-sap-dien-rong-anh-huong-hang-tram-trieu-nguoi-dung-188260303143813886.chn,2026-03-03 15:55:00,2026,3,2026-06-07 05:59:10.074725,25ae2ecfa61641126de0e815e902a69bec2f28194c1af8783f80f5e940a84fae,NEW,,0
https://cafef.vn/xuat-hien-thu-doan-lua-dao-moi-nguoi-dan-khi-xem-boi-giai-han-dau-nam-dac-biet-chu-y-18826030314453345.chn,2026-03-03 15:15:00,2026,3,2026-06-07 05:59:10.127029,c896d23b09cbac1aeb5e886795da313240ab269a6b32d69c4bfba9bbcd3a1e55,NEW,,0
https://cafef.vn/chi-trong-7-ngay-mot-nha-nghien-cuu-da-day-duoc-cum-200000-te-bao-nao-choi-doom-188260303144137872.chn,2026-03-03 14:43:00,2026,3,2026-06-07 05:59:10.179706,a58f4d8a00b0d8b8f58b13852df6237967e53af6cb0dfa8763b9960da50947e8,NEW,,0
https://cafef.vn/them-mot-cong-ty-viet-nam-hien-dien-tai-my-188260303143603795.chn,2026-03-03 14:35:00,2026,3,2026-06-07 05:59:10.231785,4174a4f79fbc57b38a3bd439fce4ce0b158daabe803852353f7d4725e8f583d7,NEW,,0
https://cafef.vn/youtube-xoa-47-ti-video-ai-slop-hoa-ra-de-don-duong-cho-tinh-nang-tao-video-ai-chinh-chu-nay-188260303095354243.chn,2026-03-03 14:14:00,2026,3,2026-06-07 05:59:10.282949,60ca43dedf2117a21119e3e3975301206412f4202803932ea113891c34df91f7,NEW,,0
https://cafef.vn/nguoi-dung-openclaw-gap-nguy-hiem-188260303133545332.chn,2026-03-03 13:37:00,2026,3,2026-06-07 05:59:10.334506,059854225be3e2a89cee28f32a68842bc100aa9992f4932ad1fc14a892d2e0dc,NEW,,0
https://cafef.vn/ong-lon-cong-nghe-viet-cung-qualcomm-meta-google-gia-nhap-lien-minh-phat-trien-6g-toan-cau-188260303114506288.chn,2026-03-03 11:45:00,2026,3,2026-06-07 05:59:10.386646,e0cd3e37d84ee467a2bcf638ad2bc2fe3e1a19e1e9c7fffe5504557f97595ca1,NEW,,0
https://cafef.vn/grab-bat-tay-yadea-188260303111339288.chn,2026-03-03 11:12:00,2026,3,2026-06-07 05:59:10.444664,1b3ff47582830bebab474bb3f0129bb3cd61bf5aec29537b83174bac976841cb,NEW,,0
https://cafef.vn/thong-tin-moi-nhat-tu-viettel-188260303102931659.chn,2026-03-03 10:29:00,2026,3,2026-06-07 05:59:10.495873,4ae4d49250a589ed1e70065e5095cc16f7b2fb3cf90446ddd076495a1e0c97b5,NEW,,0
https://cafef.vn/thu-tuc-quyet-toan-thue-tncn-cho-nguoi-lam-cho-2-cong-ty-tro-len-co-thay-doi-quan-trong-nguoi-lao-dong-can-luu-y-nhung-gi-de-tranh-bi-phat-tien-188260303102115936.chn,2026-03-03 10:18:00,2026,3,2026-06-07 05:59:10.548078,ffbbdffe5dc602d231dfb93f648e4e0954bedeef517b5614fbc0d6cd77cefbac,NEW,,0
https://cafef.vn/phat-hien-6-lan-giao-dich-tong-cong-18-trieu-dong-tu-tai-khoan-mb-cong-an-khoi-to-thanh-nien-sn-2008-188260303093249602.chn,2026-03-03 09:34:00,2026,3,2026-06-07 05:59:10.600313,b8fa5e0089ff44935e10e974e1c0cf245ca7de872617500f7a9869e9235f786c,NEW,,0
https://cafef.vn/mot-nut-bam-tren-dien-thoai-tuong-vo-hai-nhung-thuc-chat-khong-khac-gi-mo-cua-cho-trom-vao-nha-188260303083826798.chn,2026-03-03 09:00:00,2026,3,2026-06-07 05:59:10.652005,d0a9c8ba6dae99cf9d7e86642e96085a975f600f7be01ee7208c8dc021166920,NEW,,0
https://cafef.vn/he-sinh-thai-cong-nghe-make-in-viet-nam-lon-nhat-lich-su-chinh-thuc-lo-dien-18826030308482339.chn,2026-03-03 08:48:00,2026,3,2026-06-07 05:59:10.704546,ee0637042ad138739fd1ae8978b87b0e94650e89ae259f9966deb8a1597423e1,NEW,,0
https://cafef.vn/cach-tra-cuu-giay-chung-nhan-kiem-dinh-dien-tu-chu-xe-can-biet-188260303065657082.chn,2026-03-03 08:40:00,2026,3,2026-06-07 05:59:10.757968,2274966ac1bc3fb1edd464c4a693acf854cfe3f50458bd58ccc3362f006b95b7,NEW,,0
https://cafef.vn/openai-lap-ky-luc-goi-von-188260303070437592.chn,2026-03-03 08:17:00,2026,3,2026-06-07 05:59:10.810199,89e6d7b2fe64afccf4c0a2ef9c064be5837e49ab648f1a9d62bd185a27a3a05f,NEW,,0
https://cafef.vn/cong-an-canh-bao-thu-doan-lua-dao-khien-nguoi-dan-mat-tien-trong-tai-khoan-co-nguoi-bi-chiem-doat-hon-900-trieu-dong-188260302171304303.chn,2026-03-02 18:39:00,2026,3,2026-06-07 05:59:10.860128,34749912bf66fc1fa079a68bde73a03d82cc16d1443f3f3f252220fc45bb84d9,NEW,,0
https://cafef.vn/samsung-muon-bien-toan-bo-nha-may-toan-cau-thanh-nha-may-ai-vao-nam-2030-robot-hinh-nguoi-se-xuat-hien-tren-day-chuyen-san-xuat-188260302155401789.chn,2026-03-02 16:49:00,2026,3,2026-06-07 05:59:10.939893,2cc193586976a00d13df545871efbc788fab4b1a6c502af699afd805400aa610,NEW,,0
https://cafef.vn/khung-hoang-sinh-ke-75-trieu-tai-xe-cong-nghe-tai-mot-quoc-gia-chau-a-lam-14-tieng-ngay-chi-de-kiem-10-trieu-dong-thang-e-khach-phai-danh-bai-giet-thoi-gian-188260302152835324.chn,2026-03-02 16:16:00,2026,3,2026-06-07 05:59:10.994647,b81a97c218f48d81161d6da2c79d9c2534696fdbe75ebca0410edd4c7248f4e3,NEW,,0
https://cafef.vn/sau-ngay-1-3-dien-thoai-xach-tay-van-dung-app-ngan-hang-binh-thuong-hieu-sai-mot-chi-tiet-khien-nhieu-nguoi-lo-oan-18826030214373656.chn,2026-03-02 15:45:00,2026,3,2026-06-07 05:59:11.055924,3ea35a8d349c38cfd8b332704dcc225d81b63b446ea399330d8bb57e722d3fc2,NEW,,0
https://cafef.vn/ung-dung-vneid-vua-co-5-cap-nhat-bo-sung-moi-nguoi-dung-can-biet-de-tranh-lo-quyen-loi-188260302140505483.chn,2026-03-02 15:15:00,2026,3,2026-06-07 05:59:11.109761,e1e556bf383025de5da1ba5608b8f5a452f5ae98fe61ad72224f4b8511171035,NEW,,0
https://cafef.vn/lam-the-nao-de-tra-cuu-ma-dinh-danh-bat-dong-san-188260302134219388.chn,2026-03-02 14:57:00,2026,3,2026-06-07 06:01:34.502984,96a95c722526819d68f1300cf7c122eebd1ff72e3ca789fac7f5446776cfb8c9,NEW,,0
https://cafef.vn/benh-vien-bac-si-ai-dau-tien-tren-the-gioi-xuat-hien-tai-trung-quoc-188260302124401589.chn,2026-03-02 14:05:00,2026,3,2026-06-07 06:01:34.555905,27eb5ef6943087cb79c7dde6a30ee7f1c21fe74fd09f1e90e3956ca8d575ba97,NEW,,0
https://cafef.vn/doraemon-co-phai-ai-dau-tien-cua-tuoi-tho-8x-9x-188260302111428279.chn,2026-03-02 11:31:00,2026,3,2026-06-07 06:01:34.604527,c1bf197c92439df24283ec56a805de23d72e274d6ea99b5142034274d9322757,NEW,,0
https://cafef.vn/huong-dan-chu-xe-tra-cuu-giay-chung-nhan-dang-kiem-dien-tu-moi-nhat-188260302110247072.chn,2026-03-02 11:03:00,2026,3,2026-06-07 06:01:34.654464,90b6c4d93927edf6dc77fe6a1a02514c9f6c992f71369cebd16f3760cf47c4a2,NEW,,0
https://cafef.vn/bitcoin-phuc-hoi-nhe-sau-cu-soc-188260302104247504.chn,2026-03-02 10:43:00,2026,3,2026-06-07 06:01:34.744424,26b640ad03910ed725b5b07a1fa26042a75bbfc284d8522e912738b59bfbf20f,NEW,,0
https://cafef.vn/5-ung-dung-mien-phi-tot-hon-phan-mem-dat-tien-188260302100421679.chn,2026-03-02 10:32:00,2026,3,2026-06-07 06:01:34.838435,6a2e796f1a85e5aa127d91468cb885cd2828017dd0ffdbb6a6d067475af00795,NEW,,0
https://cafef.vn/canh-bao-nong-toi-tat-ca-nguoi-dan-khi-duoc-de-nghi-chup-anh-cccd-va-tra-tien-188260302090702917.chn,2026-03-02 09:07:00,2026,3,2026-06-07 06:01:34.921428,464fb92ea3866cba4f94c0407e40f95dc643d8797a1c86318f4b4c35c05771ce,NEW,,0
https://cafef.vn/tiet-lo-moi-nhat-ve-sieu-mang-blockchain-made-in-vietnam-dang-xay-dung-hang-loat-ung-dung-da-tich-hop-trong-vneid-188260302072817363.chn,2026-03-02 08:00:00,2026,3,2026-06-07 06:01:34.972926,2cb26fbc2f905b61098a32e3e645c04682340b36e4f5e9e846b76ddbe3d53273,NEW,,0
https://cafef.vn/youtuber-pewdiepie-tu-train-ai-tuyen-bo-vuot-gpt-4-nhung-lai-quay-xe-vi-ly-do-ngo-ngan-188260302071441103.chn,2026-03-02 07:24:00,2026,3,2026-06-07 06:01:35.025875,b1eb372f43f9b734cddfad6f85ec80103e7f73386fb632756282771ecc3ca443,NEW,,0
https://cafef.vn/luat-tri-tue-nhan-tao-va-nhieu-luat-moi-co-hieu-luc-tu-ngay-1-3-2026-188260301162044505.chn,2026-03-01 17:30:00,2026,3,2026-06-07 06:01:35.077926,27edda005c5e2006c78025562f12ea47b6c882bc52e047297d3156a834dfa3b3,NEW,,0
https://cafef.vn/mit-tim-ra-cach-tang-toc-huan-luyen-ai-toi-hon-2-lan-ma-khong-can-them-gpu-chia-khoa-nam-o-thoi-gian-chet-cua-he-thong-188260301155612123.chn,2026-03-01 16:30:00,2026,3,2026-06-07 06:01:35.128615,1b70459e4a0842ebbab4e84273db2abd30602b186cf5ed2690904f0b8a381419,NEW,,0
https://cafef.vn/giam-doc-cong-an-ha-noi-som-su-dung-thiet-bi-bay-khong-nguoi-lai-giam-sat-an-ninh-188260301131344561.chn,2026-03-01 15:30:00,2026,3,2026-06-07 06:01:35.180739,e96b266b4d7fb313b34eca6836f9e7a0129ee2fed33ee7f20daee1b0deba236c,NEW,,0
https://cafef.vn/lai-chau-phat-sinh-giao-dich-170-trieu-dong-chu-tai-khoan-vietcombank-lam-viec-voi-cong-an-18826030114511945.chn,2026-03-01 14:52:00,2026,3,2026-06-07 06:01:35.232057,390692c5c11fe19b770391bf20b94cfe66785789388a20ccb4e003bc6e7bb145,NEW,,0
https://cafef.vn/chinh-thuc-tu-hom-nay-1-3-2026-anh-video-do-ai-tao-ra-phai-co-dau-hieu-nhan-biet-188260301144129264.chn,2026-03-01 14:41:00,2026,3,2026-06-07 06:01:35.283583,0faed6c637a1c2f2a57f6ccc18878a326f2bdd1025bc73c1671ebb3f413a883b,NEW,,0
https://cafef.vn/meta-kien-cac-doanh-nghiep-su-dung-deepfake-quang-cao-trai-phep-188260301131847523.chn,2026-03-01 14:30:00,2026,3,2026-06-07 06:01:35.334419,3f80ddaa47c28374f44821b5c71a42cee0415d0e5e05517a467a6ccd849708ac,NEW,,0
https://cafef.vn/ai-dang-tro-thanh-dieu-binh-thuong-moi-cua-lang-giai-tri-han-quoc-188260301104321306.chn,2026-03-01 14:04:00,2026,3,2026-06-07 06:01:35.386286,a9b69d1a80a529394df7ff4da03eb673368905539173551aa9d60c6f776dccf0,NEW,,0
https://cafef.vn/huong-dan-tra-cuu-giay-chung-nhan-kiem-dinh-dien-tu-18826030113201802.chn,2026-03-01 13:34:00,2026,3,2026-06-07 06:01:35.438530,feca299a029c9749ea4d0399af5dfd9a8c2f1bb79dd0ab5a24043274a611e236,NEW,,0
https://cafef.vn/tu-hom-nay-mot-so-dien-thoai-di-dong-o-viet-nam-se-khong-mo-duoc-ung-dung-ngan-hang-nhung-ai-can-chu-y-188260301101341172.chn,2026-03-01 13:03:00,2026,3,2026-06-07 06:01:35.489892,5f66dd21dc8732873b082a90d34e7bb5b5b9f1425bf461a0d5d950c524048304,NEW,,0
https://cafef.vn/tu-ky-lan-ty-usd-den-pha-san-de-che-in-3d-desktop-metal-sup-do-giac-mo-cach-mang-hoa-san-xuat-do-vo-khi-doi-mat-thuc-te-18826030108550417.chn,2026-03-01 10:54:00,2026,3,2026-06-07 06:01:35.553361,af969f524244f9ac7d39c1fd012fbf6238413e50fd07c72e3912e5ef07fb65c3,NEW,,0
https://cafef.vn/cu-hich-cho-ai-viet-nam-but-pha-18826030109392053.chn,2026-03-01 10:01:00,2026,3,2026-06-07 06:01:35.619938,6683dd2e7bd295b3bd377fcb807244b9595529d065d773f62e7ab65d0f537f29,NEW,,0
https://cafef.vn/nhung-ong-lon-dung-sau-dan-robot-nhay-mua-pha-tro-tren-song-truyen-hinh-trung-quoc-tu-san-khau-gala-den-tham-vong-thong-linh-thi-truong-toan-cau-188260301085214231.chn,2026-03-01 08:52:00,2026,3,2026-06-07 06:01:35.672301,3a6a162c0727da8d94d3b4cd3eafc9b79e979c7f12d409e4d100e53bf4d46aa5,NEW,,0
https://cafef.vn/2-ung-dung-nguoi-dung-nen-xoa-ngay-de-khong-bi-lo-tin-nhan-188260228234725126.chn,2026-03-01 07:55:00,2026,3,2026-06-07 06:01:35.723885,7c7a9efdd0ab21c3e280dcb162b6502d127c22bf33e55ab45b8c6800ec8996cb,NEW,,0
https://cafef.vn/tuyen-quang-nghe-loi-nguoi-la-tren-mang-5-hoc-sinh-lop-8-bo-nha-di-lam-thue-188260228090927082.chn,2026-02-28 17:31:00,2026,2,2026-06-07 06:01:35.774966,5b4adeb4d98355251057057f85fb9183eb1cb42ead88a9386cedfc686ec98b61,NEW,,0
https://cafef.vn/deepseek-dang-phat-trien-mo-hinh-ai-moi-188260228135805609.chn,2026-02-28 17:30:00,2026,2,2026-06-07 06:01:35.832646,d3d217a5bf98c0fcc239e2809a4a410865729a290f66f98cc19516e9a10e5fa2,NEW,,0
https://cafef.vn/nguoi-dan-ong-bi-lua-mat-69-ty-dong-vi-qua-co-don-188260228134153969.chn,2026-02-28 16:30:00,2026,2,2026-06-07 06:01:35.884115,0926598f86505cca4fa0c561def951a816082b1de566c923998267a3cf4e8034,NEW,,0
https://cafef.vn/quy-dinh-moi-tu-1-3-tai-xe-o-to-va-xe-may-chinh-thuc-chuyen-sang-dung-giay-dang-kiem-dien-tu-188260228125646372.chn,2026-02-28 15:30:00,2026,2,2026-06-07 06:01:35.936598,e8471b18a92505c1a351f546edc0364dde7b908eff0ecc9319b5222185c523db,NEW,,0
https://cafef.vn/cong-an-thong-bao-toi-tat-ca-nhung-ai-co-giao-dich-voi-vu-thanh-binh-sn-2009-188260228152447315.chn,2026-02-28 15:25:00,2026,2,2026-06-07 06:01:35.988335,5ff06f45d6b607a1a215ee0e23066b468af494729b9729b248bce7794d86002a,NEW,,0
https://cafef.vn/canh-bao-man-hinh-dang-sang-bong-nhien-toi-den-trong-1-2-phut-tien-trong-tai-khoan-khong-canh-ma-bay-188260228125238884.chn,2026-02-28 14:30:00,2026,2,2026-06-07 06:01:36.039565,6cc36e793e8d09d141202a3dcf099221a9c0e1c892a8cddd40e7a6f5e924499e,NEW,,0
https://cafef.vn/cong-nghe-28-2-google-maps-duoc-go-han-che-robot-nhay-mua-cung-nguoi-cao-tuoi-188260228091038587.chn,2026-02-28 10:45:00,2026,2,2026-06-07 06:01:36.092351,1da6f26a11104be2ea975f3ac5be191d0e6878ee158d92f4f6c49df40e408513,NEW,,0
https://cafef.vn/ly-do-nen-tang-goi-xe-doanh-nghiep-van-tai-khach-gap-kho-ve-hoa-don-dien-tu-188260228004637437.chn,2026-02-28 09:32:00,2026,2,2026-06-07 06:01:36.144725,89fd9706a0d37f5024718a07ce3df8429e5978588cb4a7be0419d28260e3f805,NEW,,0
https://cafef.vn/phat-hien-nhieu-lan-giao-dich-voi-tong-so-tien-hang-tram-trieu-dong-thanh-nien-sn-2007-bi-cong-an-dieu-tra-18826022808424906.chn,2026-02-28 08:53:00,2026,2,2026-06-07 06:01:36.198044,903773726f7d2b0b078d4c67129e01a7c37a3b2a8ab7800e1f73e4dcf086a21d,NEW,,0
https://cafef.vn/den-luot-trung-quoc-ap-dat-cuoc-choi-deepseek-cam-cua-chip-my-uu-ai-chip-ai-huawei-188260228003845036.chn,2026-02-28 08:41:00,2026,2,2026-06-07 06:01:36.251563,93b4a998a37ee973402879429c8db039dd06ebb2b56fd725994448e1123d6239,NEW,,0
https://cafef.vn/viet-nam-co-kho-bau-thuoc-top-lon-nhat-dong-nam-a-bo-cong-an-truc-tiep-lam-thu-tuong-giao-nhiem-vu-gi-188260228004221203.chn,2026-02-28 07:42:00,2026,2,2026-06-07 06:01:36.303526,3376215b2a843df9ca12c5b7dc826c51c010a71e480bcb788a963ea82c948a81,NEW,,0
https://cafef.vn/one-mount-bat-tay-voi-trung-tam-doi-moi-sang-tao-ha-noi-xay-dung-he-thong-du-lieu-mo-tao-be-do-cho-cac-startupnho-co-cung-vach-xuat-phat-188260228050152399.chn,2026-02-28 05:01:00,2026,2,2026-06-07 06:01:36.361010,a898f285f99a572979adbc7c6ea8ad58526befe6e64ad29d9f95c2235a350946,NEW,,0
https://cafef.vn/dung-tu-hoi-tai-sao-dien-thoai-nghe-len-ban-su-that-kinh-hoang-ve-thuat-toan-ai-188260227152604382.chn,2026-02-27 16:45:00,2026,2,2026-06-07 06:01:36.413084,282ec4f29b33c24ad09c2f7b04bcfadd2d754ad12b8d90e936756ffaeaf26ebd,NEW,,0
https://cafef.vn/facebook-kien-mot-nguoi-viet-vi-quang-cao-lua-dao-188260227154146845.chn,2026-02-27 15:41:00,2026,2,2026-06-07 06:01:36.468824,19d3d182581cb40103482a243d5ce316eaa4a12cf220e602e9279db4f26f0a73,NEW,,0
https://cafef.vn/ts-tran-quoc-hung-neu-my-khoi-phat-cong-nghe-trung-quoc-co-trung-tam-du-lieu-an-do-la-van-phong-the-gioi-thi-ha-noi-co-co-hoi-tro-thanh-hub-thu-nghiem-toan-cau-188260227145941165.chn,2026-02-27 14:58:00,2026,2,2026-06-07 06:01:36.520345,3476e36c8aac73cee8762af1718e7d3b19f1911df69e33c8553c30fc78a43489,NEW,,0
https://cafef.vn/the-gioi-no-ai-mot-loi-xin-loi-tri-tue-nhan-tao-khong-cuop-viec-cua-dan-cong-nghe-nguoc-lai-tao-ra-chu-ky-tang-truong-moi-188260227143600885.chn,2026-02-27 14:44:00,2026,2,2026-06-07 06:01:36.571614,b514627c0f23dd8338bee0cf74f5eea9fd382afa1e97f24269554aeedacf7b76,NEW,,0
https://cafef.vn/co-quan-thue-phat-thong-bao-moi-188260227130907296.chn,2026-02-27 14:00:00,2026,2,2026-06-07 06:01:36.636575,347a7e01c351c644a4177df7681cd831969d71c30d491c1e6d7dedaf4e26558e,NEW,,0
https://cafef.vn/lan-dau-dau-gia-ten-mien-hiem-2-ky-tu-quoc-gia-vn-188260227133133483.chn,2026-02-27 13:53:00,2026,2,2026-06-07 06:01:36.688292,01c4c2c4fdc39cb591f50fa573b30222241b331b01e5b53917a09ddb5780900b,NEW,,0
https://cafef.vn/6000-ceo-cay-dang-thua-nhan-du-dau-tu-den-250-ty-usd-ai-gan-nhu-khong-dong-gop-gi-cho-kinh-te-my-18826022710083665.chn,2026-02-27 10:49:00,2026,2,2026-06-07 06:01:36.764186,b04048b2d5761b9fbac3f1f573a155aa5e56c62c69d88281a8e02efa43348874,NEW,,0
https://cafef.vn/thong-tin-cua-hang-trieu-nguoi-dan-tren-vneid-se-co-cap-nhat-quan-trong-tu-thang-sau-188260227093456188.chn,2026-02-27 09:34:00,2026,2,2026-06-07 06:01:36.842039,461572300957e92892560bdbae31edc451bb2e29245821ff12072a0010ceb157,NEW,,0
https://cafef.vn/quy-dinh-moi-can-luu-y-ve-cap-doi-the-can-cuoc-co-hieu-luc-tu-ngay-15-3-2026-188260227075133659.chn,2026-02-27 08:36:00,2026,2,2026-06-07 06:01:36.908128,a557f15666cc893fb441ae8dcef65b755f895d49304844cdbe1bf4d729f8591a,NEW,,0
https://cafef.vn/nvidia-pha-ky-luc-ve-doanh-thu-nho-ai-188260227071253548.chn,2026-02-27 07:54:00,2026,2,2026-06-07 06:01:36.976166,4b4129838bce7c5b21f0dac5f5b16f8e8464dfc06ae5a30b778144a5d044e25e,NEW,,0
https://cafef.vn/ky-su-viet-nghi-openai-vi-kiet-suc-nhung-de-lai-canh-bao-lanh-gay-ai-dang-tang-toc-vuot-khoi-con-nguoi-188260227070002028.chn,2026-02-27 07:20:00,2026,2,2026-06-07 06:01:37.059727,905c29533c82fc0a4d62cad3f2292a197f8bc959c51d4b4652239188ec5df921,NEW,,0
https://cafef.vn/cmc-gop-phan-kien-tao-hic-ket-noi-doi-moi-sang-tao-viet-nam-voi-toan-cau-188260226200928276.chn,2026-02-26 20:08:00,2026,2,2026-06-07 06:04:29.298427,d52163c89e1aa0f157e33ae0679b044820e14b9ecc8015701ecdeaa76186489f,NEW,,0
https://cafef.vn/ts-tran-quang-hung-1-trieu-do-o-los-angeles-nuoi-doi-ngu-4-nguoi-trong-1-nam-nhung-o-viet-nam-thi-gay-dung-duoc-doi-ngu-10-nguoi-manh-cong-nghe-trong-2-3-nam-188260226201255257.chn,2026-02-26 19:28:00,2026,2,2026-06-07 06:04:29.350276,3c463c0866b7203dbd08b81145e66f41893345e6af399c162fa9ff77f3b9156f,NEW,,0
https://cafef.vn/chatbot-viet-bao-cao-300-trang-trong-10-phut-khien-the-gioi-rung-dong-co-hon-300000-khach-hang-cong-ty-me-dinh-gia-380-ty-usd-188260226152601935.chn,2026-02-26 16:32:00,2026,2,2026-06-07 06:04:29.400288,8c26b607550a86ea00844b0de5dededa9dfd3e32ce9242ee08f238936a0953de,NEW,,0
https://cafef.vn/nvidia-giat-minh-mark-zuckerberg-vua-ky-voi-amd-thoa-thuan-lon-nhat-lich-su-chip-ai-6-gigawatt-gpu-188260226071229984.chn,2026-02-26 15:56:00,2026,2,2026-06-07 06:04:29.450869,9efb81204a645e6c25a874e58263be8cec93aaecf99e1e84c5157edf8305506d,NEW,,0
https://cafef.vn/tai-sao-cham-chi-dung-ai-lai-khien-nguoi-lao-dong-de-bi-thay-the-hon-1882602260701441.chn,2026-02-26 15:25:00,2026,2,2026-06-07 06:04:29.502295,a166293a853eb628ca30c9ee04f75eca889aa71ddbe381457eaa91439b1544fd,NEW,,0
https://cafef.vn/khi-co-phieu-tro-thanh-chiet-khau-amd-dang-viet-lai-luat-choi-nganh-chip-ai-188260226133957483.chn,2026-02-26 14:52:00,2026,2,2026-06-07 06:04:29.552838,c768cf5f983dfdb1c5115dc047e39071ed23b70cf38a39240a43e5c5f53c91db,NEW,,0
https://cafef.vn/lua-dao-qua-email-da-den-muc-bao-dong-188260226134518929.chn,2026-02-26 14:19:00,2026,2,2026-06-07 06:04:29.605204,2ba2885ee946f95c20dc6ea1c4e85e9906b45ffcbb0681bf47cd847965a9fa00,NEW,,0
https://cafef.vn/xuat-hien-nhom-nguoi-nuoc-ngoai-den-viet-nam-chup-anh-can-cuoc-quet-nhan-dien-khuon-mat-cong-an-phat-canh-bao-nong-toi-nguoi-dan-188260226134217005.chn,2026-02-26 13:44:00,2026,2,2026-06-07 06:04:29.655109,35540e36ad06ce2172b96852a479feaf0598226e8737c9ed634ffdb7f8063fb2,NEW,,0
https://cafef.vn/tinh-nang-tren-google-maps-ma-nguoi-chay-xe-nen-biet-188260226132347334.chn,2026-02-26 13:31:00,2026,2,2026-06-07 06:04:29.705396,59473e30c54545ebd44557f16e42fe61796ee3c04f870e3b6a726a110e15917e,NEW,,0
https://cafef.vn/cach-tich-hop-dang-ky-xe-vao-vneid-de-thay-the-giay-to-vat-ly-ma-ai-cung-nen-lam-ngay-18826022611113064.chn,2026-02-26 11:55:00,2026,2,2026-06-07 06:04:29.756617,09a0ffa74db6089242c7bcde12971edd0095de76f32264cad5bbb5253c177fb7,NEW,,0
https://cafef.vn/cuoc-goi-thoai-truyen-thong-that-the-truoc-zalo-messenger-188260226110324828.chn,2026-02-26 11:03:00,2026,2,2026-06-07 06:04:29.807602,96144a44d657f39af3ebff2c2d51a9fb81c4d6063ab429993cd85f17ac8d536b,NEW,,0
https://cafef.vn/chuyen-gia-trung-quoc-dang-tut-hau-so-voi-my-trong-mot-linh-vuc-nhung-rat-co-the-nhanh-chong-bat-kip-188260226071547824.chn,2026-02-26 09:35:00,2026,2,2026-06-07 06:04:29.858582,e8df69308093b723f080fee4860f1c16b80d33c2617684ff4ec9f28561d2a4a6,NEW,,0
https://cafef.vn/lai-120-ty-usd-nam-nvidia-tro-thanh-co-may-in-tien-khong-lo-xoa-tan-hoai-nghi-ve-bong-bong-ai-188260226085648984.chn,2026-02-26 08:57:00,2026,2,2026-06-07 06:04:29.910550,85461756597d82bd0a2a1f383fbc057cf91ac67bb6ae250992e307eef33eb437,NEW,,0
https://cafef.vn/ha-noi-buoc-vao-ky-nguyen-chuyen-doi-so-vi-sao-can-mot-bo-nao-dieu-phoi-doi-moi-sang-tao-kieu-moi-18826022517105319.chn,2026-02-26 07:50:00,2026,2,2026-06-07 06:04:29.961426,30791d014ec51e54995e93007ca365b989b9ea754204c33db583c21152cd9a67,NEW,,0
https://cafef.vn/mambu-payments-mo-rong-tai-chau-a-thong-qua-nen-tang-payments-hub-188260226094954518.chn,2026-02-25 21:49:00,2026,2,2026-06-07 06:04:30.081152,15cc2ba2bf895c10c384a0d25dfd8e9321244cb8ddd0c65c39e8db947180154b,NEW,,0
https://cafef.vn/tai-khoan-ngan-hang-co-giao-dich-50-trieu-dong-cong-an-yeu-cau-mot-nguoi-dan-o-ha-noi-len-lam-viec-188260225181102894.chn,2026-02-25 18:10:00,2026,2,2026-06-07 06:04:30.166085,266bab5f79e9271d8f4d49809de2b19f840fe9229799066e453e7b890c87b8c6,NEW,,0
https://cafef.vn/robot-15000-usd-chi-mat-3-tuan-de-duoi-viec-nhan-su-4-ty-may-moc-sap-tran-ngap-the-gioi-nguoi-lao-dong-se-di-ve-dau-188260225160921253.chn,2026-02-25 16:38:00,2026,2,2026-06-07 06:04:30.218743,09e4242ba103cdf85dd46d04c46f3f133a328188d24b69452e94e323dacfd564,NEW,,0
https://cafef.vn/amazon-dau-tu-12-ty-usd-vao-cac-trung-tam-du-lieu-ai-188260225143026433.chn,2026-02-25 15:37:00,2026,2,2026-06-07 06:04:30.272063,f166631d791de40d91319a52f6dd9c1126587aa585e97f051c61786059fcdb26,NEW,,0
https://cafef.vn/khi-van-hoa-va-cong-nghe-hop-luc-lam-nen-chat-rieng-cho-ha-noi-188260225135837648.chn,2026-02-25 14:15:00,2026,2,2026-06-07 06:04:30.330639,9edce6cf010837d736cc4a05ddb2b1b1aba02fb76d1b3b01fedc606f39149f80,NEW,,0
https://cafef.vn/ngay-mai-ha-noi-se-chinh-thuc-co-mot-thiet-che-dieu-phoi-cho-nhieu-startup-viet-lien-minh-3-nha-dinh-hinh-cuoc-choi-doi-moi-sang-tao-1882602251351256.chn,2026-02-25 13:50:00,2026,2,2026-06-07 06:04:30.396642,1aeddad4cbef26ecefc90b1cb8ca897679a2c1f57dad8f514251c9f0a188171d,NEW,,0
https://cafef.vn/ceo-9x-nguoi-viet-nam-duoc-tap-doan-cua-ty-phu-elon-musk-chon-mat-gui-vang-la-ai-188260225110711629.chn,2026-02-25 13:47:00,2026,2,2026-06-07 06:04:30.448567,51f5baa355fb3cf1ce5bd19df1ada06636198d6b6ffdbc45d3643e9c01b4e5b1,NEW,,0
https://cafef.vn/tu-1-4-vneid-co-them-tinh-nang-moi-nguoi-dan-ca-nuoc-can-nam-ro-188260225111702537.chn,2026-02-25 11:17:00,2026,2,2026-06-07 06:04:30.502254,9b0a9fec03fe3801916ee323c0f98f0744c9f72e0a11fc1388e4d64e15643e07,NEW,,0
https://cafef.vn/cong-an-phat-canh-bao-moi-lien-quan-den-so-do-nguoi-dan-can-biet-188260225111414102.chn,2026-02-25 11:15:00,2026,2,2026-06-07 06:04:30.553521,e9cd5994a8efdc1c0345d5d21ef66d1e22252ac8ebbb72b1938ced82c2243f2f,NEW,,0
https://cafef.vn/sieu-hop-dong-100-ty-usd-moi-cua-mark-zuckerberg-vay-no-bat-chap-hang-chuc-ty-usd-de-thoat-khoi-cai-bong-nvidia-18826022510141004.chn,2026-02-25 10:48:00,2026,2,2026-06-07 06:04:30.604377,c6289570e2e14d176359ec358fc08a7e25956b2e4002f926fd1100e29cfc8e0a,NEW,,0
https://cafef.vn/ke-hoach-dan-roi-xa-chau-a-tri-gia-600-ty-usd-cua-apple-188260225085520543.chn,2026-02-25 09:57:00,2026,2,2026-06-07 06:04:30.665416,adb3aa6063e4d28cf3c47f89b856e62e1ec36c00d0b6fbaa4fb3a7a3195ae18d,NEW,,0
https://cafef.vn/nhung-ty-phu-moi-giup-trung-quoc-canh-tranh-voi-openai-va-nvidia-188260225084851015.chn,2026-02-25 09:29:00,2026,2,2026-06-07 06:04:30.721562,6c5c64038c89eaf0fb405d340581b5c3e6f27f55594737b069cc05a5fd2c80a0,NEW,,0
https://cafef.vn/sam-altman-che-y-tuong-trung-tam-du-lieu-ngoai-khong-gian-cua-elon-musk-la-nuc-cuoi-188260225075538402.chn,2026-02-25 08:50:00,2026,2,2026-06-07 06:04:30.904740,c2b373f892656db260b7be750d0dbf83715c53a21b4942561bc46b31c1ce5c9f,NEW,,0
https://cafef.vn/nganh-an-ninh-mang-nhu-buoc-vao-thoi-ky-tan-the-hon-52-ty-usd-von-hoa-boc-hoi-khi-claude-code-security-ra-mat-188260225075044985.chn,2026-02-25 08:08:00,2026,2,2026-06-07 06:04:30.973597,b4ebae561db2b40ad2c596b73fae66cdd8ef7cf48818fac1c671da842d2366ea,NEW,,0
https://cafef.vn/lam-the-nao-de-tra-cuu-xe-bi-phat-nguoi-188260225073416852.chn,2026-02-25 07:36:00,2026,2,2026-06-07 06:04:31.024586,f7a3806a8a922018c09aa4433a4b51bc4e17ca563df2399060d8fe496c019bb7,NEW,,0
https://cafef.vn/lo-dien-dia-phuong-se-co-mang-6g-dau-tien-tai-viet-nam-18826022421305273.chn,2026-02-24 21:30:00,2026,2,2026-06-07 06:04:31.075623,30c5417af972fb329bdb3a01e48d055f70dab184bd21e0e4c8d569eb92f27226,NEW,,0
https://cafef.vn/cong-an-kiem-tra-giao-dich-20-trieu-dong-cua-luu-duc-dung-188260224171216667.chn,2026-02-24 17:12:00,2026,2,2026-06-07 06:04:31.273542,d9d9ece4f829f9f349ea541aa2e2be839819a55a22daf01fcfc02b72a8c89d0d,NEW,,0
https://cafef.vn/nu-doanh-nhan-70-tuoi-chuyen-khoan-841-ty-dong-vao-6-tai-khoan-ngan-hang-cong-an-vao-cuoc-dieu-tra-188260224165701758.chn,2026-02-24 16:58:00,2026,2,2026-06-07 06:04:31.324989,848ad3682b0b31e196116375fa763493db28d5648eec96b601a0bd4476eb513f,NEW,,0
https://cafef.vn/bi-lua-chuyen-khoan-1000-dong-cung-bao-cong-an-thi-co-duoc-giai-quyet-khong-can-bo-cong-an-tra-loi-188260224160700191.chn,2026-02-24 16:36:00,2026,2,2026-06-07 06:04:31.376644,394ab7a6b2712bce933852be634f8163f175e4d11a0a18a6676380bec681f533,NEW,,0
https://cafef.vn/viet-nam-phat-hien-mot-mo-dau-khong-bao-gio-can-my-va-trung-quoc-cung-dang-khai-thac-manh-188260224145601325.chn,2026-02-24 16:22:00,2026,2,2026-06-07 06:04:31.723375,ccf3c94eea78de4caf42cc8889e174f95ffd07adeadf6153df4e2d99560cf359,NEW,,0
https://cafef.vn/ky-nguyen-vibe-code-luat-su-bac-si-nhac-si-keo-nhau-di-thi-hackathon-ai-dat-giai-top-va-deu-khong-biet-code-188260224144951292.chn,2026-02-24 15:30:00,2026,2,2026-06-07 06:04:32.124161,fbdfaa2d42d7c02447a6b841a577b2163071429fcbc50ce297c3e8b0d984de93,NEW,,0
https://cafef.vn/nguoi-dung-can-xoa-ngay-2-ung-dung-sau-keo-lo-so-dien-thoai-ho-ten-ngay-sinh-dia-chi-188260224152406385.chn,2026-02-24 15:24:00,2026,2,2026-06-07 06:04:32.202370,46b18d980df8ea4c8b5fbdcf5b0c010a9ecba8f90dc93fa5269be69037d4a84f,NEW,,0
https://cafef.vn/ai-thanh-trung-hon-17-trieu-app-khong-dat-tieu-chuan-tren-googleplay-google-quyet-tam-pha-bo-dinh-kien-android-lam-virus-188260224065940533.chn,2026-02-24 15:00:00,2026,2,2026-06-07 06:04:32.262476,8ccfc38f5d75a8f553715950a2d118a2e111d25fc574aaea2e112e23c335bbfb,NEW,,0
https://cafef.vn/khung-hoang-ai-2028-gdp-ma-va-kich-ban-suy-thoai-co-con-trang-khien-gioi-tai-chinh-am-anh-188260224134149315.chn,2026-02-24 14:32:00,2026,2,2026-06-07 06:04:32.312341,1996fe4fba3e78d6a2784925499d845842718db2915ffc47365a87d87e72dd06,NEW,,0
https://cafef.vn/phan-tich-hon-200000-doan-hoi-thoai-nha-nghien-cuu-phat-hien-bi-mat-dang-so-cua-chatgpt-va-gemini-188260224133435585.chn,2026-02-24 14:00:00,2026,2,2026-06-07 06:04:32.362972,3efe3256fd05a326d40f73fd27df2649cc726b47826c0b3874e3145a9c48ba6e,NEW,,0
https://cafef.vn/24000-tai-khoan-gia-16-trieu-luot-hoi-dap-anthropic-to-deepseek-va-hai-cong-ty-trung-quoc-bi-mat-hut-can-claude-188260224100920382.chn,2026-02-24 13:32:00,2026,2,2026-06-07 06:04:32.413738,9837a9f51f0ebd27fb474315fd2079b64aff1826dcc5867ec472a78ac1565f95,NEW,,0
https://cafef.vn/khoi-nghiep-thoi-ai-kiem-30-trieu-usd-tu-phong-ngu-nhung-ceo-15-tuoi-chi-viet-10-dong-code-roi-pho-thac-cho-chatgpt-188260224105059094.chn,2026-02-24 10:55:00,2026,2,2026-06-07 06:04:32.463693,af3e56a67a8fec338cd59f0f17fd0b7b1be54c8cc2b56f3ed10913226357fdcd,NEW,,0
https://cafef.vn/mark-zuckerberg-bien-meta-tu-co-may-in-tien-tro-thanh-lo-dot-tien-hien-dang-no-gan-60-ty-usd-188260224092750018.chn,2026-02-24 10:00:00,2026,2,2026-06-07 06:04:32.516788,d0deba956372d86d569c952bff5c1bdf525f2fdfc9e6c1112fef7ac41bbd1acc,NEW,,0
https://cafef.vn/bong-bong-ky-lan-chuc-no-tung-co-startup-tang-dinh-gia-600-trieu-usd-chi-trong-1-tuan-vu-khi-hoa-bang-can-doi-ke-toan-de-lua-nha-dau-tu-188260224083830195.chn,2026-02-24 09:36:00,2026,2,2026-06-07 06:04:32.567759,88d46d20b4e3ad24f487ffd6340ec1a01095d78741dd4cbbbfd032fe1bc97c82,NEW,,0
https://cafef.vn/cong-dong-lo-ngai-chatgpt-ton-dien-ton-nuoc-ceo-sam-altman-phan-bac-an-thua-gi-so-voi-con-nguoi-188260224084101537.chn,2026-02-24 09:02:00,2026,2,2026-06-07 06:04:32.923617,0ede93359bc0900d7366e3e8d0df6ceff7a727c4f61027dbcbcb046c7724f796,NEW,,0
https://cafef.vn/camera-ai-o-phu-tho-soi-hon-2800-o-to-vi-pham-trong-ky-nghi-tet-188260224074826581.chn,2026-02-24 07:52:00,2026,2,2026-06-07 06:04:33.273830,66ea60d308387807037202ccd66876bd5a52f6a9670af20a35131d599bf2942f,NEW,,0
https://cafef.vn/thong-tin-quan-trong-nguoi-dung-android-va-ios-can-dac-biet-chu-y-188260223170213274.chn,2026-02-23 17:02:00,2026,2,2026-06-07 06:08:58.459699,e2cc892e8ca36b7a2da9e7d5c19efafcef33c648c6414f578602bf48166c00bf,NEW,,0
https://cafef.vn/thu-tuong-tao-moi-truong-tu-do-sang-tao-dam-uoc-mo-dam-khat-vong-de-thu-hut-nhan-tai-1882602231437463.chn,2026-02-23 15:31:00,2026,2,2026-06-07 06:08:58.879055,bd1e1eb7c8f0f949d34248d005a437e7773bdeb02a847b0ca12854ae8d23986c,NEW,,0
https://cafef.vn/cong-an-thong-tin-ve-tinh-nang-tren-vneid-nguoi-dan-can-biet-188260223151848277.chn,2026-02-23 15:18:00,2026,2,2026-06-07 06:08:59.426524,9e5cdc46b7e94a24ac63ae0d57f8660fd0d600b644eb421d812cf55886fae9e1,NEW,,0
https://cafef.vn/tam-biet-giac-mo-ram-trung-quoc-gia-re-gia-ram-ddr5-tai-trung-quoc-da-ngang-bang-the-gioi-188260223135337923.chn,2026-02-23 14:48:00,2026,2,2026-06-07 06:08:59.863112,6d013f6925e1dfccdf264592f60fa94f725fb4765d9f0d94a8b4113e097c50d5,NEW,,0
https://cafef.vn/hollywood-bi-to-noi-doi-ve-ai-nguoi-trong-cuoc-khang-dinh-phim-nao-cung-dung-188260223133117188.chn,2026-02-23 13:53:00,2026,2,2026-06-07 06:09:00.246696,eadc8a077b5cbcebd869eb74dac73d18ab76ae587c7f0b7f4ad50009c0950ad1,NEW,,0
https://cafef.vn/nong-bitcoin-thung-moc-65000-usd-vang-ky-thuat-tro-thanh-tai-san-rui-ro-bac-nhat-188260223110744474.chn,2026-02-23 11:30:00,2026,2,2026-06-07 06:09:00.794199,a29615ac7c3b363ca597308e6786bf31d6621de74a0944964f6b7fbd6436db69,NEW,,0
https://cafef.vn/210000-viec-lam-cua-nguoi-tre-han-quoc-bien-mat-vi-ai-188260223105919834.chn,2026-02-23 11:01:00,2026,2,2026-06-07 06:09:01.494732,cabd9116c19544e6449a61c5ca702abdea54fecefffd2d57616ad5e3480a7837,NEW,,0
https://cafef.vn/google-dai-chien-nvidia-canh-bac-100-trieu-usd-va-tham-vong-lat-do-vuong-trieu-chip-ai-dung-tien-de-xoay-chuyen-cuc-dien-thi-truong-ban-dan-188260223095248155.chn,2026-02-23 10:00:00,2026,2,2026-06-07 06:09:01.943761,8b48e27517571892e5227b37f64df25f77b044f39fe64eea3be9895f7d0d88ec,NEW,,0
https://cafef.vn/ma-qr-nho-nhat-the-gioi-chi-198-micromet-vuong-be-hon-ca-vi-khuan-va-duoc-guinness-cong-nhan-188260223084515715.chn,2026-02-23 09:20:00,2026,2,2026-06-07 06:09:02.430129,4af4859442a0bb5be4493b98a16de1f56743b0fb28780478c9d0345e5fbaae94,NEW,,0
https://cafef.vn/cac-xu-huong-cong-nghe-noi-bat-nam-2026-18826022308001873.chn,2026-02-23 08:40:00,2026,2,2026-06-07 06:09:02.861284,f2b81235641e441d78f7bc50a0b34b5904d55315c4e04b85af458ea7c3db3967,NEW,,0
https://cafef.vn/cach-xoa-phuong-tien-khong-con-su-dung-tren-app-vnetraffic-tranh-rui-ro-phap-ly-188260223074423306.chn,2026-02-23 07:43:00,2026,2,2026-06-07 06:09:03.327526,1849676835eb19f11a7245f4ac6c4425e06a20ad3875dbbccf50ac1dcade904f,NEW,,0
https://cafef.vn/cmc-tang-toc-ai-x-cam-co-quoc-te-voi-ha-tang-ai-an-ninh-va-dam-may-188260222203503064.chn,2026-02-22 20:34:00,2026,2,2026-06-07 06:09:03.397646,c242ea27103bffa1b06105501073480b52dab33f663a5fe24a0ead5b548bd95c,NEW,,0
https://cafef.vn/5-cach-dung-gemini-31-pro-mien-phi-tu-google-gemini-den-vertex-ai-188260222131224511.chn,2026-02-22 17:30:00,2026,2,2026-06-07 06:09:03.447861,00fb968ce823c52e36737e10d0317fa16ca2c5350d360779f7522356758974b3,NEW,,0
https://cafef.vn/cong-an-chi-ra-nguyen-nhan-nguoi-dan-bi-lo-lot-cac-thong-tin-ca-nhan-nhu-ho-ten-dia-chi-so-dien-thoai-188260222161510077.chn,2026-02-22 16:30:00,2026,2,2026-06-07 06:09:03.498183,f30dab2ff20f78e4c85822699f4487daf85923211cf8e7269e58c273f2b5a196,NEW,,0
https://cafef.vn/hang-bon-cau-nhat-ban-bat-ngo-tro-thanh-cong-ty-ai-bi-danh-gia-thap-nhat-the-gioi-co-phieu-tang-soc-60-188260222131400469.chn,2026-02-22 15:40:00,2026,2,2026-06-07 06:09:03.548442,a76bb578c9e6e93e79ee5b31471e926d034d59b131ee32b1cc48d4815f022305,NEW,,0
https://cafef.vn/canh-bao-bung-phat-lua-dao-deepfake-chiem-doat-tien-trong-tai-khoan-188260222132838922.chn,2026-02-22 14:38:00,2026,2,2026-06-07 06:09:03.599389,20325baee68e442fc4767210093777cb81fba291c0136c1e8d386d02ae95caae,NEW,,0
https://cafef.vn/microsoft-phat-minh-tam-kinh-ky-dieu-giai-bai-toan-10-thien-nien-ky-cu-nhay-vot-chua-tung-co-cua-nhan-loai-188260222131624491.chn,2026-02-22 13:40:00,2026,2,2026-06-07 06:09:03.649605,6a6f17eeb97f3bb6b214063b4f03afc20ae371d4fc120b2e8219cef7f590fc10,NEW,,0
https://cafef.vn/chi-dao-moi-nghien-cuu-tich-hop-mang-xa-hoi-vao-vneid-de-dinh-danh-nguoi-dung-ngay-trong-nam-2026-188260222095328367.chn,2026-02-22 10:47:00,2026,2,2026-06-07 06:09:03.699176,9f101cfeee655869ba422b0cbded636cf57478ffa1ed8683914631ca9ed232e6,NEW,,0
https://cafef.vn/chi-mot-bai-dang-cua-anthropic-da-lam-thi-truong-hoang-loan-von-hoa-nganh-an-ninh-mang-boc-hoi-hon-10-ty-usd-188260222090753637.chn,2026-02-22 09:41:00,2026,2,2026-06-07 06:09:03.749151,32f5e516107282a459495f09b8efb3a862ec1ad3cf43d9186425f6fb0389dc5f,NEW,,0
https://cafef.vn/cong-nghe-22-2-apple-phat-hanh-ios-264-google-hen-ngay-cong-bo-android-17-188260222071327963.chn,2026-02-22 08:52:00,2026,2,2026-06-07 06:09:03.799362,e0be6be3ce6a5293d7f85259484132f8e330c195877f214931663b4c40b48529,NEW,,0
https://cafef.vn/ai-xoa-nham-he-thong-lam-cloud-sap-suot-13-gio-amazon-van-khang-dinh-loi-do-nguoi-dung-188260222071947512.chn,2026-02-22 08:10:00,2026,2,2026-06-07 06:09:03.849689,8b91ba31af72735fa223532b21ffe4fb84ca4ccba6c8a50bcd62e64b85ae492f,NEW,,0
https://cafef.vn/ai-co-may-khong-lo-ngon-dien-hay-dong-luc-moi-cho-nang-luong-xanh-188260221160117944.chn,2026-02-21 16:43:00,2026,2,2026-06-07 06:09:03.898714,b5b099f48983e07dfb4fdeda0895e58e2a97da85ca29ee66e86d3e10c12cd543,NEW,,0
https://cafef.vn/mo-hinh-ai-moi-cua-trung-quoc-khien-phuong-tay-bat-ngo-toan-hollywood-nao-loan-188260221135337552.chn,2026-02-21 15:46:00,2026,2,2026-06-07 06:09:03.948384,dd20a3ca4eb64c7099a6e73ad71817ffdbdc1f54b1b35e554793f044ef705871,NEW,,0
https://cafef.vn/bill-gates-va-la-thu-chong-vi-pham-ban-quyen-phan-mem-cach-day-50-nam-188260220135057041.chn,2026-02-21 14:30:00,2026,2,2026-06-07 06:09:03.997090,12f8167ffdc2352bad130f9fb9dcc26fa07ffb30315422fae675f6b64c1a04ce,NEW,,0
https://cafef.vn/cong-an-vua-thong-tin-ve-mot-tien-ich-tren-vneid-ma-nguoi-dan-can-biet-188260221141403313.chn,2026-02-21 14:14:00,2026,2,2026-06-07 06:09:04.047536,13699ad444d5f258de05336c90b8acf21282812b89a3e50351b19aaf96e68193,NEW,,0
https://cafef.vn/cach-don-gian-de-biet-dien-thoai-be-khoa-co-nguy-co-bi-chan-ung-dung-ngan-hang-188260221131715659.chn,2026-02-21 13:30:00,2026,2,2026-06-07 06:09:04.101297,d97e48bf0d28544cfcd4249b84dfb2d92eb451b31dd118c941b36d78b2cce26b,NEW,,0
https://cafef.vn/ha-noi-camera-ai-phat-hien-22-tai-xe-vuot-den-do-tai-mot-nut-giao-thong-ngay-mung-4-tet-188260221095604727.chn,2026-02-21 10:48:00,2026,2,2026-06-07 06:09:04.152453,0e2956f78ae904b26298eb012136f1fd02d328b7dd8de9ac0cba8e65ca442f9c,NEW,,0
https://cafef.vn/ceo-jensen-huang-up-mo-chip-gay-soc-toan-cau-nvidia-sap-cong-bo-gi-tai-gtc-2026-188260221082058756.chn,2026-02-21 09:37:00,2026,2,2026-06-07 06:09:04.203431,05bf19c02eb0d2dbe02d4a810306bf015538d8541d78744b1f1d373264516d35,NEW,,0
https://cafef.vn/cong-nghe-21-2-apple-thu-nghiem-kinh-thong-minh-voi-camera-kep-18826022107152045.chn,2026-02-21 08:38:00,2026,2,2026-06-07 06:09:04.561302,265ec0d3f7c8adb773ccd1e36c3b99dc56fd4083490e0daa1dea4a1430761731,NEW,,0
https://cafef.vn/csgt-ha-noi-dung-flycam-theo-doi-tinh-hinh-giao-thong-tang-cuong-kiem-soat-van-tai-hanh-khach-188260221071724167.chn,2026-02-21 07:37:00,2026,2,2026-06-07 06:09:04.629630,bc40d4c3f3eed7e2fa21c52b4fdcf8cd8c993e57895cc5f99ebc5ab1e2162a40,NEW,,0
https://cafef.vn/mot-cong-ty-780000-nguoi-yeu-cau-nhan-vien-phai-dung-ai-hoac-bi-sa-thai-ngay-ca-giam-doc-cung-phai-chung-minh-co-su-dung-188260220145942374.chn,2026-02-20 16:29:00,2026,2,2026-06-07 06:09:04.679500,d8dd5293dd58f986113946ec469693e8311e99772b9f2f4b50a34c8b7775a660,NEW,,0
https://cafef.vn/cach-xoa-thong-tin-xe-da-ban-xe-la-tren-ung-dung-vnetraffic-moi-nhat-188260220134122055.chn,2026-02-20 15:34:00,2026,2,2026-06-07 06:09:04.729195,078d548fe325af6fca59f836de8f60acf6ae6c8d9e4b488d3e846255f9e96ce9,NEW,,0
https://cafef.vn/ha-noi-sap-co-mot-thiet-che-dieu-phoi-cho-doi-moi-sang-tao-giai-bai-toan-doanh-nghiep-khong-qua-duoc-giai-doan-demo-188260220071137623.chn,2026-02-20 14:40:00,2026,2,2026-06-07 06:09:05.179718,0ec1b233b2f33777c79eede29d4d596329662bf2c42460cac6ad344bb7b6fbd5,NEW,,0
https://cafef.vn/tin-vui-dac-biet-chua-tung-co-cho-linh-vuc-dong-gop-14-trieu-ty-dong-vao-gdp-viet-nam-188260220134457555.chn,2026-02-20 13:44:00,2026,2,2026-06-07 06:09:05.750241,b9584a1207eb1a23d75cce2348b0906f8412952d9d587d3737f6cdd51562abbb,NEW,,0
https://cafef.vn/cong-nghe-20-2-bill-gates-huy-phat-bieu-tai-hoi-nghi-ai-an-do-18826022009185086.chn,2026-02-20 13:40:00,2026,2,2026-06-07 06:09:06.314672,72f7584271f11d93fd8d248cd4d3b5e3ac67be3b8320ab577af27a113f23ee3e,NEW,,0
https://cafef.vn/khong-phai-tieng-anh-day-la-3-ngon-ngu-ai-khuyen-nen-hoc-ngay-neu-muon-kiem-tien-trong-5-nam-toi-188260220093022438.chn,2026-02-20 10:30:00,2026,2,2026-06-07 06:09:06.763979,b445255a57e198dc1c468610464634616b3166d8492bfae690e10e2ff46ff5b2,NEW,,0
https://cafef.vn/thong-bao-moi-lien-quan-den-phat-nguoi-cac-chu-xe-may-o-to-hay-cap-nhat-ngay-188260220072851833.chn,2026-02-20 09:30:00,2026,2,2026-06-07 06:09:07.201040,3365ebbb8f86806008acde36d3ff02cb0396cbd8f040f399b574a8c6bff4e936,NEW,,0
https://cafef.vn/thuong-vu-3-ty-usd-mot-quoc-gia-mao-hiem-chon-mat-gui-vang-dau-tu-vao-xai-cua-elon-musk-188260220070436838.chn,2026-02-20 08:29:00,2026,2,2026-06-07 06:09:07.615773,7a8abfdbbf2c01ef7d5a3c62432142c6fa8ff078d60e22dc4d569afa55f7e97b,NEW,,0
https://cafef.vn/dung-kich-hoat-chuc-nang-nay-tren-dien-thoai-neu-chua-hieu-ro-moi-thu-cua-ban-co-the-bi-danh-cap-sach-se-188260220082826805.chn,2026-02-20 08:28:00,2026,2,2026-06-07 06:09:08.042949,2a52260d915cdef0ae9920e26893761486053e8fd3ce19825e0181b3e46ba654,NEW,,0
https://cafef.vn/cong-an-ra-canh-bao-quan-trong-toi-tat-ca-nguoi-ban-hang-188260220070218175.chn,2026-02-20 07:26:00,2026,2,2026-06-07 06:09:08.443810,33c586b84ee5a451d5e7a5d2a071402b8f5b3d70ead583c29b2e2b2d61d31f4e,NEW,,0
https://cafef.vn/sep-facebook-xuat-hien-trong-phien-toa-chua-tung-co-tien-le-188260219170559565.chn,2026-02-19 17:40:00,2026,2,2026-06-07 06:09:08.830919,5cb8e43403840e65c61562171481753f32494a178e56950112986c4ec8a405d4,NEW,,0
https://cafef.vn/khi-chuyen-doi-so-go-cua-nganh-y-te-188260219161533348.chn,2026-02-19 16:28:00,2026,2,2026-06-07 06:09:09.243813,487aedf4ced2a2d5e89548cdeaf73eafa27a298ab5e4146242c7e9254022b0f8,NEW,,0
https://cafef.vn/li-xi-tet-tu-truyen-thong-den-chuyen-khoan-188260219150301933.chn,2026-02-19 15:30:00,2026,2,2026-06-07 06:09:09.662389,31cfbc3ed53bebc940a77770223f2b271c72e50bdfe4b2125c746c089e3f9c52,NEW,,0
https://cafef.vn/doi-moi-sang-tao-de-mo-duong-cho-ha-noi-but-pha-188260219133212196.chn,2026-02-19 14:30:00,2026,2,2026-06-07 06:09:10.059707,3656e598da1244e0f00ac8c0c1997dcd8f8edb583859d175cf43602461372a81,NEW,,0
https://cafef.vn/campuchia-truc-xuat-hon-1000-nguoi-lien-quan-lua-dao-truc-tuyen-188260219132553181.chn,2026-02-19 13:31:00,2026,2,2026-06-07 06:09:10.395897,c83b8068d9256a5ebba12c54814327f1e085c7f9ba07bfcf8acfa329623e8692,NEW,,0
https://cafef.vn/dung-10h46-viet-nam-thuc-hien-dieu-chua-tung-co-trong-lich-su-188260219105155138.chn,2026-02-19 13:18:00,2026,2,2026-06-07 06:20:17.336080,76caab7de4c99945a3d58aea028c799db6e79e578703ace126cbcd3584b2d3a8,NEW,,0
https://cafef.vn/cong-an-ha-noi-cong-bo-nhung-kieu-hinh-anh-phai-xoa-ngay-18826021912394777.chn,2026-02-19 12:39:00,2026,2,2026-06-07 06:20:17.817190,6cc4563f898cced035c167f757a77149700c9195d4dffcce3642b0a6bf3cd93c,NEW,,0
https://cafef.vn/bao-dong-do-tu-gioi-khoa-hoc-video-ai-dang-am-tham-kich-dong-bao-luc-va-tiep-tay-cho-toi-pham-buon-thu-nhu-the-nao-188260219091048897.chn,2026-02-19 11:17:00,2026,2,2026-06-07 06:20:18.233242,98fceb8ae41e717b155fc355a874976e58ecd38e36ae067d600dd5e65f2351bf,NEW,,0
https://cafef.vn/ky-tich-cong-nghe-tri-tue-nhan-tao-tu-phat-trien-thi-giac-cho-sinh-vat-ao-giong-het-qua-trinh-tien-hoa-tu-nhien-188260219093617514.chn,2026-02-19 09:35:00,2026,2,2026-06-07 06:20:18.688177,dc1a8ee9d99803917c282dde93aff7f3d9519c2adc2794346f731ca647f62590,NEW,,0
https://cafef.vn/ung-dung-phim-ngan-bung-no-luot-tai-tai-thi-truong-viet-nam-188260219074213297.chn,2026-02-19 08:45:00,2026,2,2026-06-07 06:20:19.102390,a865bd3af145987848899717001ad0a952d619f7e8f68c4ff6a8290e6105e890,NEW,,0
https://cafef.vn/big-tech-bao-chi-cho-ai-nha-dau-tu-lo-ngai-188260219073107411.chn,2026-02-19 07:44:00,2026,2,2026-06-07 06:20:19.560601,fee6e994cb91b4704c0096b1729438a5474a6d0aaa24e5bc2ce24191d150373b,NEW,,0
https://cafef.vn/tat-ca-nguoi-dung-zalo-facebook-tiktok-dac-biet-chu-y-van-de-sau-188260218201839064.chn,2026-02-18 20:29:00,2026,2,2026-06-07 06:20:20.052426,fe3a8665e4b6988bc86482c4afae58e64946bb406169054909b8b4d0abd3f746,NEW,,0
https://cafef.vn/google-gemini-doi-mat-voi-cuoc-tan-cong-chua-tung-thay-tin-tac-dung-hon-100000-prompt-de-sao-chep-cong-nghe-188260218130901897.chn,2026-02-18 17:37:00,2026,2,2026-06-07 06:20:20.517708,a2aa54c5d042cccfc2e68baf9ff72a793a23f5a778cbea453e7f8de10a04db6a,NEW,,0
https://cafef.vn/kiem-tra-so-lieu-trong-bao-cao-cua-ai-nhan-vien-phat-hien-su-that-dong-troi-toi-da-noi-roi-ma-188260218140724995.chn,2026-02-18 16:53:00,2026,2,2026-06-07 06:20:21.085471,b563fb679566c3c9b2f49eef99f407b2f3a19b8829cc357fd31b463494841074,NEW,,0
https://cafef.vn/tai-sao-nguoi-khac-van-tim-thay-ban-tren-zalo-du-da-an-so-dien-thoai-188260216191936521.chn,2026-02-18 15:30:00,2026,2,2026-06-07 06:20:21.534668,d6505909f7e486cc71653c0b662eed3fb1b7ee918312bba0426750b64304ae80,NEW,,0
https://cafef.vn/website-xem-phim-khong-ban-quyen-lon-nhat-viet-nam-xuat-hien-tro-lai-188260218131824476.chn,2026-02-18 14:55:00,2026,2,2026-06-07 06:20:22.017636,53541daeef14ea95212529645aad5361dbe80e953a71d2102df0455723544f8c,NEW,,0
https://cafef.vn/youtube-gap-su-co-gian-doan-ngan-18826021813233264.chn,2026-02-18 14:49:00,2026,2,2026-06-07 06:20:22.621325,0853487eb4811f5849daaa84f32a296a193f529c4acb437f56fcae02e29a7684,NEW,,0
https://cafef.vn/elon-musk-dai-chien-pizza-voi-openai-mot-chiec-banh-khoi-mao-xung-dot-hang-tram-trieu-usd-188260218102008363.chn,2026-02-18 11:00:00,2026,2,2026-06-07 06:20:23.144238,298a1e3036ffb9d37f71717024270e38ff79d7f0e038a3c52aaae0e700211e81,NEW,,0
https://cafef.vn/cong-nghe-18-2-apple-he-lo-macbook-gia-re-188260218083540098.chn,2026-02-18 10:30:00,2026,2,2026-06-07 06:20:23.739203,62138c3a3b1e36e8d2b7836f74cf4518092ca0cf293bcbcaf3a580e9b65da0bc,NEW,,0
https://cafef.vn/cong-an-co-thong-bao-quan-trong-ve-ung-dung-vneid-nguoi-dan-nen-thuc-hien-de-dam-bao-quyen-loi-188260218102113328.chn,2026-02-18 10:26:00,2026,2,2026-06-07 06:20:24.352403,9c59efdfb74d8801a64c43dc7e0b1520d6b49db93f93fd1a8403740d8e37ff88,NEW,,0
https://cafef.vn/phat-hien-thanh-nien-sn-2001-thuc-hien-nhieu-vu-lua-dao-chiem-doat-tien-cua-nhieu-nguoi-cong-an-vao-cuoc-dieu-tra-188260218101839537.chn,2026-02-18 10:26:00,2026,2,2026-06-07 06:20:24.903629,3617c9c595fbad97497ba50374b6a77964d69f1d3a30f6ba8cf5aa7c7fb8c9d2,NEW,,0
https://cafef.vn/doanh-nghiep-tang-dau-tu-ai-nang-cao-nang-luc-phong-thu-an-ninh-mang-188260218083508093.chn,2026-02-18 09:59:49,2026,2,2026-06-07 06:20:25.388280,afe57c0f1d917c80fd70eaf8ab77538123fb59ea8daea80321ddefab321701dc,NEW,,0
https://cafef.vn/khoa-hoc-cong-nghe-voi-su-menh-tru-cot-tang-truong-cua-dat-nuoc-188260218075041256.chn,2026-02-18 08:23:12,2026,2,2026-06-07 06:20:25.853619,d33295932472a64de85de8e9d905f83e8f503d7439c7cd2a8747cdfc61685129,NEW,,0
https://cafef.vn/hollywood-run-ray-doan-video-brad-pitt-dai-chien-tom-cruise-do-ai-trung-quoc-tao-ra-khien-ca-the-gioi-choang-vang-188260217151740372.chn,2026-02-18 07:20:00,2026,2,2026-06-07 06:20:26.355697,366a9ea79875e4d1c6322bed5928de38d384c4e3291dc3b35ec6b046f94f35df,NEW,,0
https://cafef.vn/top-10-nganh-bi-anh-huong-boi-ai-nam-binh-ngo-2016-188260217152441332.chn,2026-02-17 15:38:00,2026,2,2026-06-07 06:20:26.818963,32a1598c41f8082de319933ca8740af9883f0a561bd79b582600b5b545c6ee80,NEW,,0
https://cafef.vn/moi-sang-mung-1-tet-facebook-bat-ngo-thong-bao-khai-tu-messengercom-188260217140142297.chn,2026-02-17 14:38:00,2026,2,2026-06-07 06:20:27.266196,b4efdb5145889dd56f33917e0338f51a411ee0f0cd60fe0881ca08995304c5b7,NEW,,0
https://cafef.vn/gio-nay-ai-con-ngoi-chat-hoi-dap-voi-ai-nua-cac-cong-ty-cong-nghe-da-giao-viec-cho-ai-lam-tu-dau-den-cuoi-188260217124748586.chn,2026-02-17 13:40:00,2026,2,2026-06-07 06:20:27.702261,59bfd3aa52f55d117bb94ab4e1ac38ea129e216c9a7ed74750246af88c8d225d,NEW,,0
https://cafef.vn/tri-tue-nhan-tao-hoc-cach-phe-ky-nang-mo-phong-dang-kinh-ngac-va-loi-canh-bao-danh-thep-tu-gioi-khoa-hoc-188260217100507675.chn,2026-02-17 10:29:00,2026,2,2026-06-07 06:20:28.233605,f16346053c558c85ec617fd426b5e5a8ce18f45ce4c70465b2f05d20d219e5be,NEW,,0
https://cafef.vn/cong-nghe-17-2-an-do-khang-dinh-tham-vong-ai-robot-trung-quoc-viet-thu-phap-188260217075215222.chn,2026-02-17 09:17:00,2026,2,2026-06-07 06:20:28.767290,3d6282d689157d045fe80d4854b29b80d25c616b5e2b21825abf06c82560b200,NEW,,0
https://cafef.vn/trung-quoc-ra-mat-mo-hinh-qwen-35-cho-ky-nguyen-ai-agents-re-hon-60-manh-gap-8-lan-tuyen-bo-vuot-loat-model-cua-my-188260217061540701.chn,2026-02-17 08:30:00,2026,2,2026-06-07 06:20:29.403900,a23ae45d1819058ddaa99daa9fd63ca7301dc841b27821e57912b92936b0054b,NEW,,0
https://cafef.vn/cu-hich-tu-do-thi-khoa-hoc-cong-nghe-bac-tp-hcm-188260217062405418.chn,2026-02-17 08:16:00,2026,2,2026-06-07 06:20:30.063578,3f780e62bcc77c489db7ece5eac39dfdaf53051d7bc66aaf92d60d2dc194e587,NEW,,0
https://cafef.vn/cong-an-thong-bao-toi-nguoi-dan-nhan-duoc-tin-nhan-sms-co-noi-dung-sau-188260216191047562.chn,2026-02-17 07:32:00,2026,2,2026-06-07 06:20:30.534958,134fa5e50fb34a848611bef12e9dfc6c4a82277015ab0ce7e66424190e1496e6,NEW,,0
https://cafef.vn/mang-wifi-cham-vi-qua-dong-nguoi-dung-dip-tet-lam-ngay-dieu-nay-188260217062616815.chn,2026-02-17 07:31:00,2026,2,2026-06-07 06:20:31.046126,931129be2aedc719b1065a4487c0a60243cb6b193bb317f118e9e8c93147a08e,NEW,,0
https://cafef.vn/nhan-200-trieu-dong-tien-chuyen-khoan-nguoi-dan-ong-sinh-nam-1984-bi-cong-an-dieu-tra-thong-tin-18826021617113375.chn,2026-02-16 17:12:00,2026,2,2026-06-07 06:20:31.501402,182a123577dba6690a5ff4a353496800039e08d51d95641d5506c9e651d2d598,NEW,,0
https://cafef.vn/tai-sao-giac-mo-tro-ly-ao-toan-nang-can-it-nhat-5-nam-nua-de-thanh-hien-thuc-188260216133408278.chn,2026-02-16 16:37:00,2026,2,2026-06-07 06:20:32.002913,d38b162873cf61c4e2112b56cfadf0de257671ba7969b22f79e165f621cda5ed,NEW,,0
https://cafef.vn/cach-dich-video-bang-gemini-ai-sang-tieng-viet-nhanh-gon-don-gian-188260216123237819.chn,2026-02-16 15:36:00,2026,2,2026-06-07 06:20:32.432876,f4c61e29252962e4899c158015680807e4c5eb0f2915dfe4037ca1194be25593,NEW,,0
https://cafef.vn/nong-cha-de-openclaw-dau-quan-cho-openai-nuoc-co-cho-ky-nguyen-ai-tu-lam-viec-da-bat-dau-188260216133329974.chn,2026-02-16 14:35:00,2026,2,2026-06-07 06:20:32.952639,2be6dca76a876d0f53481d4a9ac862fe205cdb4f50412e747b7f0c5b83b5f72b,NEW,,0
https://cafef.vn/tu-unicorn-den-soonicorn-dac-san-moi-cua-gioi-khoi-nghiep-thoi-ai-khi-tu-tay-trang-den-1-ty-usd-chi-trong-3-nam-188260216122402369.chn,2026-02-16 13:33:00,2026,2,2026-06-07 06:20:33.418613,144a87c885f298533c3137568a34161a01ac68a5e8155e5c2f167c19caefe548,NEW,,0
https://cafef.vn/hang-loat-sieu-trung-tam-du-lieu-dan-lo-dien-tai-tphcm-188260216085008093.chn,2026-02-16 10:41:00,2026,2,2026-06-07 06:20:33.866478,45086a0b6463805c1615a092da57fd8855555d1f66209d73843b04a76682e865,NEW,,0
https://cafef.vn/tet-binh-ngo-bo-cong-an-khuyen-cao-nguoi-dan-nen-thuc-hien-viec-nay-dac-biet-tren-vneid-va-vnetraffic-188260216095032638.chn,2026-02-16 09:49:00,2026,2,2026-06-07 06:20:34.299538,e1b9291a7ab957e3413b3a9eae555930f917335250c13de25ac935ec92ac8f34,NEW,,0
https://cafef.vn/diem-lai-nhung-trend-ai-lam-mua-lam-gio-mang-xa-hoi-nam-2025-188260216084832546.chn,2026-02-16 09:46:00,2026,2,2026-06-07 06:20:34.835142,9bd2b22c014fcd9eabefbf0b2ea2f1535fbbac97d0f737154d97731d2248946a,NEW,,0
https://cafef.vn/tin-vui-cho-hang-trieu-nguoi-dung-viettel-vinaphone-188260216083738345.chn,2026-02-16 09:00:00,2026,2,2026-06-07 06:20:35.266331,6ab298964d91c7f39fa78d8c32186a011d4294a4c99a088a9aae6646bc2d587a,NEW,,0
https://cafef.vn/ai-sap-khong-con-mien-phi-nua-cu-quay-xe-cua-ceo-sam-altman-khi-tu-ghet-quang-cao-den-bien-chatgpt-thanh-co-may-ban-hang-18826021607131849.chn,2026-02-16 08:24:00,2026,2,2026-06-07 06:20:35.784508,afe150a5088405d3ade2d2cc888c50e49a7fe98f22449e1017cd07e84aa4b47b,NEW,,0
https://cafef.vn/toi-chinh-thuc-xoa-so-chrome-tren-dien-thoai-doi-sang-trinh-duyet-nay-da-nhe-nhanh-lai-ngon-it-ram-hon-han-188260216070953963.chn,2026-02-16 07:24:00,2026,2,2026-06-07 06:20:36.283518,591a77811c1499a05b5b45ab4d24e7e326d14f7a479ce4134af25619607e9022,NEW,,0
https://cafef.vn/vach-tran-ke-thu-vo-hinh-trong-dien-thoai-cach-phat-hien-tieu-diet-phan-mem-gian-diep-va-bao-ve-du-lieu-ca-nhan-18826021607193966.chn,2026-02-16 07:23:00,2026,2,2026-06-07 06:20:36.740137,3143c6362ae9a97ead5ad48524c8fa58f50f471e949c0ed2de32e2f093e4fade,NEW,,0
https://cafef.vn/chuyen-gia-canh-bao-neu-nhan-duoc-co-am-thanh-nay-dau-tien-tot-nhat-khong-duoc-noi-mot-cau-nao-188260215234538735.chn,2026-02-15 23:45:00,2026,2,2026-06-07 06:20:37.233038,e0aee559fc91e3ff7fe2fdc0dc7bc87d1e6dd29665c31267c51e5432729dd865,NEW,,0
https://cafef.vn/nhan-duoc-2-thong-bao-nay-zalo-cua-ban-dang-bi-theo-doi-hoac-chiem-quyen-truy-cap-188260215184620845.chn,2026-02-15 18:46:00,2026,2,2026-06-07 06:20:37.635164,37b51f8f8c6a1e728ff6fde45c08df3b2a744d5a66b7fad80857f6d18bc5608c,NEW,,0
https://cafef.vn/nam-moi-buon-ban-tren-thuong-mai-dien-tu-nhung-luat-choi-moi-chu-shop-can-biet-188260215162153805.chn,2026-02-15 17:30:00,2026,2,2026-06-07 06:20:38.083046,ba2f228ebde2857b716cf05e92d59cdb1f733b12e7855d16fe0de71cc359979a,NEW,,0
https://cafef.vn/bang-sang-che-gay-tranh-cai-cua-meta-ai-co-the-duy-tri-tai-khoan-nguoi-dung-da-qua-doi-188260215071811963.chn,2026-02-15 17:30:00,2026,2,2026-06-07 06:20:38.518250,fa5a25862bbbcb16dbb4bb0919cc95f1eff8851e2e2c6e21e36093e1e0faea2d,NEW,,0
https://cafef.vn/vuot-mat-microsoft-va-apple-mot-hang-ban-xe-huong-loi-lon-tu-ai-khi-kiem-100-ty-usd-du-chang-biet-code-cung-khong-tao-chip-188260215162034477.chn,2026-02-15 17:01:00,2026,2,2026-06-07 06:20:38.982948,ebe2a8a36ed59f5e59f5fb283eedf9bbccd7f7a4850c421e17795f1d42023d94,NEW,,0
https://cafef.vn/quyet-dinh-truy-na-tran-manh-hung-sn-1986-lien-quan-cho-vay-lai-nang-188260529112822998.chn,2026-05-29 11:42:00,2026,5,2026-06-07 06:22:39.068263,9e455913651582dccf8bc09fd6e0223ccef3fecbdd6f887b961dceebaf1b64a7,NEW,,0
https://cafef.vn/gui-tiet-kiem-dai-han-nhung-muon-nhan-lai-hang-thang-ngan-hang-co-cho-khong-188260529100615757.chn,2026-05-29 10:06:00,2026,5,2026-06-07 06:22:39.120418,e23f0e95806d16b5a460f9c69c8bc1e8e68592f302e6b754eaefeedfc29b50ea,NEW,,0
https://cafef.vn/canh-giac-khi-gui-tien-ngan-hang-188260528153908595.chn,2026-05-29 08:40:00,2026,5,2026-06-07 06:22:39.170549,d9a34e8752c82e33696a5c1c4bba57a8ae109f153010895b5f2bd413abea0ef0,NEW,,0
https://cafef.vn/gui-tiet-kiem-5-trieu-3-thang-sau-co-the-nhan-ve-500-trieu-chuyen-gi-dang-dien-ra-188260529080911568.chn,2026-05-29 08:09:00,2026,5,2026-06-07 06:22:39.222155,ab717af1d082f715644fc29e537e2f31e30038b434299e2029717480b11631d1,NEW,,0
https://cafef.vn/canh-bao-4-thu-doan-lua-dao-pho-bien-tren-mang-188260529071822449.chn,2026-05-29 07:18:00,2026,5,2026-06-07 06:22:39.275805,cfdb3577f00d83232a814d9384ed54be99035d9c531a49ac756ff00658d575d8,NEW,,0
https://cafef.vn/tai-khoan-vietcombank-bat-ngo-nhan-20-trieu-dong-tu-huynh-thi-thuy-ngan-nguoi-phu-nu-lap-tuc-trinh-bao-cong-an-188260528184210522.chn,2026-05-28 19:22:00,2026,5,2026-06-07 06:22:39.325420,50071c0e0632fdb1bcdd695a24c3c9a888f71729ab67ef9f2eec013b737500eb,NEW,,0
https://cafef.vn/phi-dong-bao-hiem-chi-18-trieu-dong-thang-nhung-67-nguoi-viet-van-chon-dung-tien-tiet-kiem-khi-rui-ro-ap-toi-18826052815331278.chn,2026-05-28 17:36:00,2026,5,2026-06-07 06:22:39.378487,989f06f1936ae7c952276e716b78f391f33c30c8b0493f6d5fc9cab81f4a87c6,NEW,,0
https://cafef.vn/dong-gan-1-ty-tien-bao-hiem-suot-6-nam-den-khi-dung-hop-dong-chi-nhan-ve-277-trieu-188260528110734883.chn,2026-05-28 16:17:00,2026,5,2026-06-07 06:22:39.429264,7fdc995cc048182005baaeb2ae97fd4af5afddd8fc2dfc6048c8553286151834,NEW,,0
https://cafef.vn/cong-an-dieu-tra-so-tien-3294-trieu-dong-chuyen-den-tai-khoan-mb-bank-mang-ten-tran-thi-nhung-188260528093624689.chn,2026-05-28 14:52:00,2026,5,2026-06-07 06:22:39.479009,e4643607ce5ce9df85e8ed66f40b125188c5b195ffd4733c00df086bea1dc0e6,NEW,,0
https://cafef.vn/dot-kich-mot-can-ho-kha-nghi-canh-sat-phat-hien-nhieu-thanh-nien-ngoi-thanh-vong-tron-cham-chu-mo-tai-khoan-ngan-hang-188260528144335189.chn,2026-05-28 14:44:00,2026,5,2026-06-07 06:22:39.531312,7ae3ea3306d10fb7f39f63ef0d92c69845c1dfc56342265c52e956f04cb6519f,NEW,,0
https://cafef.vn/canh-bao-nguy-co-lo-lot-du-lieu-ca-nhan-tai-khoan-ngan-hang-18826060713281641.chn,2026-06-07 13:31:00,2026,6,2026-06-07 06:34:09.678423,4a0397b6f72a277f0ff3aabaca410064d454e1c0486fdccc45673764a7dc6913,NEW,,0
https://cafef.vn/kiem-tra-tai-khoan-ngan-hang-neu-giao-dich-chuyen-khoan-co-noi-dung-sau-188260531133240813.chn,2026-05-31 13:37:00,2026,5,2026-06-07 06:34:25.442300,d6d7d9c8468cb96d35df4c24f803022fe42ee93d48ab4ec861f9a9a5da3d8535,NEW,,0
https://cafef.vn/9-10-robot-xuat-xuong-tren-the-gioi-den-tu-trung-quoc-lieu-mot-kich-ban-xe-dien-thu-2-co-dien-ra-188260531104205667.chn,2026-05-31 11:27:00,2026,5,2026-06-07 06:34:25.503540,8c4667e792b2a31e4cf6c83f005c971c6019c819832b2fad8c51578e9ea22f2b,NEW,,0
https://cafef.vn/khong-phai-openai-day-moi-la-the-luc-dang-gom-sap-nuot-tron-mieng-banh-ai-400-ty-usd-188260531091643787.chn,2026-05-31 10:00:00,2026,5,2026-06-07 06:34:25.570985,9d309b96198fd0045232f83c4f721a3e169d7678f2382b6da99813ea9bc38550,NEW,,0
https://cafef.vn/ai-agent-nho-nho-quen-quen-sau-moi-phien-lam-viec-ky-su-anthropic-chi-ra-cach-giai-quyet-18826053107514466.chn,2026-05-31 09:20:00,2026,5,2026-06-07 06:34:25.622458,3afbaa0d703d5a4e30ec75182271882105cf5c08f4d15a2d2455b53a30e98214,NEW,,0
https://cafef.vn/mot-cong-ty-bay-13-nghin-ty-vnd-vi-cho-phep-nhan-vien-dung-ai-xa-lang-188260531075000604.chn,2026-05-31 08:28:00,2026,5,2026-06-07 06:34:25.673416,4d0868a2f2ff2a19a725b7d4d528e30b56cad81d9a057eac02b9499d32a495e7,NEW,,0
https://cafef.vn/cong-an-thong-bao-khan-toi-tat-ca-nhung-ai-da-thuc-hien-giao-dich-chuyen-khoan-co-noi-dung-sau-188260530193447292.chn,2026-05-30 20:14:00,2026,5,2026-06-07 06:34:25.722975,21e9d4e82dab3d5a8474b6375ce80a4ea0c5efe37ac521f2babb6842d5511e9c,NEW,,0
https://cafef.vn/huawei-tim-huong-di-moi-de-vuot-rao-can-chip-cua-my-188260530164244985.chn,2026-05-30 17:30:00,2026,5,2026-06-07 06:34:25.772869,d1a45669ef12ba09124e4ac2b9593218024235f3dae24e147d73953a37dfbae7,NEW,,0
https://cafef.vn/cong-an-thong-tin-ve-mot-loai-giay-to-quan-trong-tren-vneid-nguoi-dan-can-biet-188260530165105516.chn,2026-05-30 16:51:00,2026,5,2026-06-07 06:34:25.822290,b0a97eafbbcad647e4a64201481a88309e2b3005212c1d8c825cb6f189191bef,NEW,,0
https://cafef.vn/doanh-nghiep-1-nguoi-con-sot-moi-cua-ai-hay-chi-la-binh-moi-ruou-cu-188260530131034009.chn,2026-05-30 16:30:00,2026,5,2026-06-07 06:34:25.871109,e837fadec02450e2464c4e0f9b37834efb7e20a692038876cadaf5c48dc978f0,NEW,,0
https://cafef.vn/nguoi-dan-dac-biet-chu-y-thong-tin-moi-lien-quan-den-nhan-tin-qua-zalo-188260530142750382.chn,2026-05-30 16:27:00,2026,5,2026-06-07 06:34:25.919457,48bf8b559569aa36b9080dbe353a94e062d2de73f2257ec483295b3e3af9c405,NEW,,0
https://cafef.vn/loi-khuyen-cho-tat-ca-nhung-ai-thuong-xuyen-trao-doi-cong-viec-qua-email-188260530154400101.chn,2026-05-30 15:49:00,2026,5,2026-06-07 06:34:25.969517,d4295c9de7b2fc386b0574605e0cd0ae2a1bbbb0e40787062394bd69ef916a8a,NEW,,0
https://cafef.vn/cuu-ky-su-google-to-chinh-phu-my-bao-ke-cac-cartel-chuyen-lay-du-lieu-nguoi-dung-roi-ban-cho-chinh-ho-188260530130659002.chn,2026-05-30 15:30:00,2026,5,2026-06-07 06:34:26.018956,a97fa51018b662bd3288c7ad8165850eda0d59fe85581a2dd3b0fdcefd33b305,NEW,,0
https://cafef.vn/canh-giac-thu-doan-gia-danh-nhan-vien-bao-hiem-xe-o-to-goi-dien-lua-dao-18826053013220371.chn,2026-05-30 14:30:00,2026,5,2026-06-07 06:34:26.067840,72d57d1c29cf94c6317d6a031667b9138e1b19bd83b56217afd4b59f102985a4,NEW,,0
https://cafef.vn/cha-de-google-brain-to-cao-noi-so-ai-cuop-viec-lam-dang-lam-giau-cho-cac-cong-ty-ai-cang-nhieu-nguoi-so-cang-kiem-duoc-nhieu-tien-188260530130443942.chn,2026-05-30 13:46:00,2026,5,2026-06-07 06:34:26.119090,775abaaaa4dc26091631e87c5d3193c1d46b795bf0133f663aa3a3ca5aece84a,NEW,,0
https://cafef.vn/cac-ong-lon-cong-nghe-bat-ngo-cam-cua-nhan-vien-dung-ai-vi-qua-ngon-tien-dot-sach-ngan-sach-1-nam-chi-trong-90-ngay-188260530081620259.chn,2026-05-30 11:20:00,2026,5,2026-06-07 06:34:26.189374,cc8095def4750f1a247c84025f64a7ea4edb4a25feea121bc7e9db3016387650,NEW,,0
